movieId,title,genres,item_idx
1,Toy Story (1995),Adventure|Animation|Children|Comedy|Fantasy,0
2,Jumanji (1995),Adventure|Children|Fantasy,1
3,Grumpier Old Men (1995),Comedy|Romance,2
4,Waiting to Exhale (1995),Comedy|Drama|Romance,3
5,Father of the Bride Part II (1995),Comedy,4
6,Heat (1995),Action|Crime|Thriller,5
7,Sabrina (1995),Comedy|Romance,6
8,Tom and Huck (1995),Adventure|Children,7
9,Sudden Death (1995),Action,8
10,GoldenEye (1995),Action|Adventure|Thriller,9
11,"American President, The (1995)",Comedy|Drama|Romance,10
12,Dracula: Dead and Loving It (1995),Comedy|Horror,11
13,Balto (1995),Adventure|Animation|Children,12
14,Nixon (1995),Drama,13
15,Cutthroat Island (1995),Action|Adventure|Romance,14
16,Casino (1995),Crime|Drama,15
17,Sense and Sensibility (1995),Drama|Romance,16
18,Four Rooms (1995),Comedy,17
19,Ace Ventura: When Nature Calls (1995),Comedy,18
20,Money Train (1995),Action|Comedy|Crime|Drama|Thriller,19
21,Get Shorty (1995),Comedy|Crime|Thriller,20
22,Copycat (1995),Crime|Drama|Horror|Mystery|Thriller,21
23,Assassins (1995),Action|Crime|Thriller,22
24,Powder (1995),Drama|Sci-Fi,23
25,Leaving Las Vegas (1995),Drama|Romance,24
26,Othello (1995),Drama,25
27,Now and Then (1995),Children|Drama,26
28,Persuasion (1995),Drama|Romance,27
29,"City of Lost Children, The (Cité des enfants perdus, La) (1995)",Adventure|Drama|Fantasy|Mystery|Sci-Fi,28
30,Shanghai Triad (Yao a yao yao dao waipo qiao) (1995),Crime|Drama,29
31,Dangerous Minds (1995),Drama,30
32,Twelve Monkeys (a.k.a. 12 Monkeys) (1995),Mystery|Sci-Fi|Thriller,31
33,Wings of Courage (1995),Adventure|Romance|IMAX,32
34,Babe (1995),Children|Drama,33
35,Carrington (1995),Drama|Romance,34
36,Dead Man Walking (1995),Crime|Drama,35
37,Across the Sea of Time (1995),Documentary|IMAX,36
38,It Takes Two (1995),Children|Comedy,37
39,Clueless (1995),Comedy|Romance,38
40,"Cry, the Beloved Country (1995)",Drama,39
41,Richard III (1995),Drama|War,40
42,Dead Presidents (1995),Action|Crime|Drama,41
43,Restoration (1995),Drama,42
44,Mortal Kombat (1995),Action|Adventure|Fantasy,43
45,To Die For (1995),Comedy|Drama|Thriller,44
46,How to Make an American Quilt (1995),Drama|Romance,45
47,Seven (a.k.a. Se7en) (1995),Mystery|Thriller,46
48,Pocahontas (1995),Animation|Children|Drama|Musical|Romance,47
49,When Night Is Falling (1995),Drama|Romance,48
50,"Usual Suspects, The (1995)",Crime|Mystery|Thriller,49
52,Mighty Aphrodite (1995),Comedy|Drama|Romance,50
53,Lamerica (1994),Adventure|Drama,51
54,"Big Green, The (1995)",Children|Comedy,52
55,Georgia (1995),Drama,53
57,Home for the Holidays (1995),Drama,54
58,"Postman, The (Postino, Il) (1994)",Comedy|Drama|Romance,55
59,"Confessional, The (Confessionnal, Le) (1995)",Drama|Mystery,56
60,"Indian in the Cupboard, The (1995)",Adventure|Children|Fantasy,57
61,Eye for an Eye (1996),Drama|Thriller,58
62,Mr. Holland's Opus (1995),Drama,59
63,Don't Be a Menace to South Central While Drinking Your Juice in the Hood (1996),Comedy|Crime,60
64,Two if by Sea (1996),Comedy|Romance,61
65,Bio-Dome (1996),Comedy,62
66,Lawnmower Man 2: Beyond Cyberspace (1996),Action|Sci-Fi|Thriller,63
67,Two Bits (1995),Drama,64
68,French Twist (Gazon maudit) (1995),Comedy|Romance,65
69,Friday (1995),Comedy,66
70,From Dusk Till Dawn (1996),Action|Comedy|Horror|Thriller,67
71,Fair Game (1995),Action,68
72,Kicking and Screaming (1995),Comedy|Drama,69
73,"Misérables, Les (1995)",Drama|War,70
74,Bed of Roses (1996),Drama|Romance,71
75,Big Bully (1996),Comedy|Drama,72
76,Screamers (1995),Action|Sci-Fi|Thriller,73
77,Nico Icon (1995),Documentary,74
78,"Crossing Guard, The (1995)",Action|Crime|Drama|Thriller,75
79,"Juror, The (1996)",Drama|Thriller,76
80,"White Balloon, The (Badkonake sefid) (1995)",Children|Drama,77
81,Things to Do in Denver When You're Dead (1995),Crime|Drama|Romance,78
82,Antonia's Line (Antonia) (1995),Comedy|Drama,79
83,Once Upon a Time... When We Were Colored (1995),Drama|Romance,80
84,Last Summer in the Hamptons (1995),Comedy|Drama,81
85,Angels and Insects (1995),Drama|Romance,82
86,White Squall (1996),Action|Adventure|Drama,83
87,Dunston Checks In (1996),Children|Comedy,84
88,Black Sheep (1996),Comedy,85
89,Nick of Time (1995),Action|Thriller,86
90,The Journey of August King (1995),Drama,87
92,Mary Reilly (1996),Drama|Horror|Thriller,88
93,Vampire in Brooklyn (1995),Comedy|Horror|Romance,89
94,Beautiful Girls (1996),Comedy|Drama|Romance,90
95,Broken Arrow (1996),Action|Adventure|Thriller,91
96,In the Bleak Midwinter (1995),Comedy|Drama,92
97,"Hate (Haine, La) (1995)",Crime|Drama,93
99,Heidi Fleiss: Hollywood Madam (1995),Documentary,94
100,City Hall (1996),Drama|Thriller,95
101,Bottle Rocket (1996),Adventure|Comedy|Crime|Romance,96
102,Mr. Wrong (1996),Comedy,97
103,Unforgettable (1996),Mystery|Sci-Fi|Thriller,98
104,Happy Gilmore (1996),Comedy,99
105,"Bridges of Madison County, The (1995)",Drama|Romance,100
106,Nobody Loves Me (Keiner liebt mich) (1994),Comedy|Drama,101
107,Muppet Treasure Island (1996),Adventure|Children|Comedy|Musical,102
108,Catwalk (1996),Documentary,103
110,Braveheart (1995),Action|Drama|War,104
111,Taxi Driver (1976),Crime|Drama|Thriller,105
112,Rumble in the Bronx (Hont faan kui) (1995),Action|Adventure|Comedy|Crime,106
113,Before and After (1996),Drama|Mystery,107
114,Margaret's Museum (1995),Drama,108
115,"Happiness Is in the Field (Bonheur est dans le pré, Le) (1995)",Comedy,109
116,Anne Frank Remembered (1995),Documentary,110
117,"Young Poisoner's Handbook, The (1995)",Crime|Drama,111
118,If Lucy Fell (1996),Comedy|Romance,112
119,"Steal Big, Steal Little (1995)",Comedy,113
120,Race the Sun (1996),Adventure|Comedy|Drama,114
121,"Boys of St. Vincent, The (1992)",Drama,115
122,Boomerang (1992),Comedy|Romance,116
123,Chungking Express (Chung Hing sam lam) (1994),Drama|Mystery|Romance,117
124,"Star Maker, The (Uomo delle stelle, L') (1995)",Drama,118
125,Flirting With Disaster (1996),Comedy,119
126,"NeverEnding Story III, The (1994)",Adventure|Children|Fantasy,120
128,Jupiter's Wife (1994),Documentary,121
129,Pie in the Sky (1996),Comedy|Romance,122
131,Frankie Starlight (1995),Drama|Romance,123
132,Jade (1995),Thriller,124
135,Down Periscope (1996),Comedy,125
136,From the Journals of Jean Seberg (1995),Documentary,126
137,Man of the Year (1995),Documentary,127
138,"Neon Bible, The (1995)",Drama,128
140,Up Close and Personal (1996),Drama|Romance,129
141,"Birdcage, The (1996)",Comedy,130
144,"Brothers McMullen, The (1995)",Comedy,131
145,Bad Boys (1995),Action|Comedy|Crime|Drama|Thriller,132
146,"Amazing Panda Adventure, The (1995)",Adventure|Children,133
147,"Basketball Diaries, The (1995)",Drama,134
148,"Awfully Big Adventure, An (1995)",Drama,135
149,Amateur (1994),Crime|Drama|Thriller,136
150,Apollo 13 (1995),Adventure|Drama|IMAX,137
151,Rob Roy (1995),Action|Drama|Romance|War,138
152,"Addiction, The (1995)",Drama|Horror,139
153,Batman Forever (1995),Action|Adventure|Comedy|Crime,140
154,Beauty of the Day (Belle de jour) (1967),Drama,141
155,Beyond Rangoon (1995),Adventure|Drama|War,142
156,Blue in the Face (1995),Comedy|Drama,143
157,Canadian Bacon (1995),Comedy|War,144
158,Casper (1995),Adventure|Children,145
159,Clockers (1995),Crime|Drama|Mystery,146
160,Congo (1995),Action|Adventure|Mystery|Sci-Fi,147
161,Crimson Tide (1995),Drama|Thriller|War,148
162,Crumb (1994),Documentary,149
163,Desperado (1995),Action|Romance|Western,150
164,Devil in a Blue Dress (1995),Crime|Film-Noir|Mystery|Thriller,151
165,Die Hard: With a Vengeance (1995),Action|Crime|Thriller,152
166,"Doom Generation, The (1995)",Comedy|Crime|Drama,153
167,Feast of July (1995),Drama,154
168,First Knight (1995),Action|Drama|Romance,155
169,Free Willy 2: The Adventure Home (1995),Adventure|Children|Drama,156
170,Hackers (1995),Action|Adventure|Crime|Thriller,157
171,Jeffrey (1995),Comedy|Drama,158
172,Johnny Mnemonic (1995),Action|Sci-Fi|Thriller,159
173,Judge Dredd (1995),Action|Crime|Sci-Fi,160
174,Jury Duty (1995),Comedy,161
175,Kids (1995),Drama,162
176,Living in Oblivion (1995),Comedy,163
177,Lord of Illusions (1995),Horror,164
178,Love & Human Remains (1993),Comedy|Drama,165
179,Mad Love (1995),Drama|Romance,166
180,Mallrats (1995),Comedy|Romance,167
181,Mighty Morphin Power Rangers: The Movie (1995),Action|Children,168
182,Moonlight and Valentino (1995),Drama|Romance,169
183,Mute Witness (1994),Comedy|Horror|Thriller,170
184,Nadja (1994),Drama,171
185,"Net, The (1995)",Action|Crime|Thriller,172
186,Nine Months (1995),Comedy|Romance,173
187,Party Girl (1995),Comedy,174
188,"Prophecy, The (1995)",Fantasy|Horror|Mystery,175
189,Reckless (1995),Comedy|Fantasy,176
190,Safe (1995),Thriller,177
191,"Scarlet Letter, The (1995)",Drama|Romance,178
192,The Show (1995),Documentary,179
193,Showgirls (1995),Drama,180
194,Smoke (1995),Comedy|Drama,181
195,Something to Talk About (1995),Comedy|Drama|Romance,182
196,Species (1995),Horror|Sci-Fi,183
197,"Stars Fell on Henrietta, The (1995)",Drama,184
198,Strange Days (1995),Action|Crime|Drama|Mystery|Sci-Fi|Thriller,185
199,"Umbrellas of Cherbourg, The (Parapluies de Cherbourg, Les) (1964)",Drama|Musical|Romance,186
200,"Tie That Binds, The (1995)",Thriller,187
201,Three Wishes (1995),Drama|Fantasy,188
202,Total Eclipse (1995),Drama|Romance,189
203,"To Wong Foo, Thanks for Everything! Julie Newmar (1995)",Comedy,190
204,Under Siege 2: Dark Territory (1995),Action,191
205,Unstrung Heroes (1995),Comedy|Drama,192
206,Unzipped (1995),Documentary,193
207,"Walk in the Clouds, A (1995)",Drama|Romance,194
208,Waterworld (1995),Action|Adventure|Sci-Fi,195
209,White Man's Burden (1995),Drama,196
210,Wild Bill (1995),Western,197
211,"Browning Version, The (1994)",Drama,198
212,Bushwhacked (1995),Adventure|Comedy|Crime|Mystery,199
213,Burnt by the Sun (Utomlyonnye solntsem) (1994),Drama,200
214,Before the Rain (Pred dozhdot) (1994),Drama|War,201
215,Before Sunrise (1995),Drama|Romance,202
216,Billy Madison (1995),Comedy,203
217,"Babysitter, The (1995)",Drama|Thriller,204
218,Boys on the Side (1995),Comedy|Drama,205
219,"Cure, The (1995)",Drama,206
220,Castle Freak (1995),Horror,207
222,Circle of Friends (1995),Drama|Romance,208
223,Clerks (1994),Comedy,209
224,Don Juan DeMarco (1995),Comedy|Drama|Romance,210
225,Disclosure (1994),Drama|Thriller,211
227,Drop Zone (1994),Action|Thriller,212
228,Destiny Turns on the Radio (1995),Comedy,213
229,Death and the Maiden (1994),Drama|Thriller,214
230,Dolores Claiborne (1995),Drama|Thriller,215
231,Dumb & Dumber (Dumb and Dumber) (1994),Adventure|Comedy,216
232,Eat Drink Man Woman (Yin shi nan nu) (1994),Comedy|Drama|Romance,217
233,Exotica (1994),Drama,218
234,Exit to Eden (1994),Comedy,219
235,Ed Wood (1994),Comedy|Drama,220
236,French Kiss (1995),Action|Comedy|Romance,221
237,Forget Paris (1995),Comedy|Romance,222
238,Far From Home: The Adventures of Yellow Dog (1995),Adventure|Children,223
239,"Goofy Movie, A (1995)",Animation|Children|Comedy|Romance,224
240,Hideaway (1995),Thriller,225
241,Fluke (1995),Children|Drama,226
242,Farinelli: il castrato (1994),Drama|Musical,227
243,Gordy (1995),Children|Comedy|Fantasy,228
244,Gumby: The Movie (1995),Animation|Children,229
245,The Glass Shield (1994),Crime|Drama,230
246,Hoop Dreams (1994),Documentary,231
247,Heavenly Creatures (1994),Crime|Drama,232
248,Houseguest (1994),Comedy,233
249,Immortal Beloved (1994),Drama|Romance,234
250,Heavyweights (Heavy Weights) (1995),Children|Comedy,235
251,"Hunted, The (1995)",Action,236
252,I.Q. (1994),Comedy|Romance,237
253,Interview with the Vampire: The Vampire Chronicles (1994),Drama|Horror,238
254,Jefferson in Paris (1995),Drama,239
255,"Jerky Boys, The (1995)",Comedy,240
256,Junior (1994),Comedy|Sci-Fi,241
257,Just Cause (1995),Mystery|Thriller,242
258,"Kid in King Arthur's Court, A (1995)",Adventure|Children|Comedy|Fantasy|Romance,243
259,Kiss of Death (1995),Crime|Drama|Thriller,244
260,Star Wars: Episode IV - A New Hope (1977),Action|Adventure|Sci-Fi,245
261,Little Women (1994),Drama,246
262,"Little Princess, A (1995)",Children|Drama,247
263,Ladybird Ladybird (1994),Drama,248
264,"Enfer, L' (1994)",Drama,249
265,Like Water for Chocolate (Como agua para chocolate) (1992),Drama|Fantasy|Romance,250
266,Legends of the Fall (1994),Drama|Romance|War|Western,251
267,Major Payne (1995),Comedy,252
268,Little Odessa (1994),Crime|Drama,253
269,My Crazy Life (Mi vida loca) (1993),Drama,254
270,Love Affair (1994),Drama|Romance,255
271,Losing Isaiah (1995),Drama,256
272,"Madness of King George, The (1994)",Comedy|Drama,257
273,Mary Shelley's Frankenstein (Frankenstein) (1994),Drama|Horror|Sci-Fi,258
274,Man of the House (1995),Comedy,259
275,Mixed Nuts (1994),Comedy,260
276,Milk Money (1994),Comedy|Romance,261
277,Miracle on 34th Street (1994),Drama,262
278,Miami Rhapsody (1995),Comedy,263
279,My Family (1995),Drama,264
280,Murder in the First (1995),Drama|Thriller,265
281,Nobody's Fool (1994),Comedy|Drama|Romance,266
282,Nell (1994),Drama,267
283,New Jersey Drive (1995),Crime|Drama,268
287,Nina Takes a Lover (1994),Comedy|Romance,269
288,Natural Born Killers (1994),Action|Crime|Thriller,270
289,Only You (1994),Comedy|Romance,271
290,Once Were Warriors (1994),Crime|Drama,272
292,Outbreak (1995),Action|Drama|Sci-Fi|Thriller,273
293,Léon: The Professional (a.k.a. The Professional) (Léon) (1994),Action|Crime|Drama|Thriller,274
294,"Perez Family, The (1995)",Comedy|Romance,275
295,"Pyromaniac's Love Story, A (1995)",Comedy|Romance,276
296,Pulp Fiction (1994),Comedy|Crime|Drama|Thriller,277
297,Panther (1995),Drama,278
298,Pushing Hands (Tui shou) (1992),Drama,279
299,Priest (1994),Drama,280
300,Quiz Show (1994),Drama,281
301,Picture Bride (Bijo photo) (1994),Drama|Romance,282
302,"Queen Margot (Reine Margot, La) (1994)",Drama|Romance,283
303,"Quick and the Dead, The (1995)",Action|Thriller|Western,284
304,Roommates (1995),Comedy|Drama,285
305,Ready to Wear (Pret-A-Porter) (1994),Comedy,286
306,Three Colors: Red (Trois couleurs: Rouge) (1994),Drama,287
307,Three Colors: Blue (Trois couleurs: Bleu) (1993),Drama,288
308,Three Colors: White (Trzy kolory: Bialy) (1994),Comedy|Drama,289
309,"Red Firecracker, Green Firecracker (Pao Da Shuang Deng) (1994)",Drama,290
310,Rent-a-Kid (1995),Comedy,291
312,Stuart Saves His Family (1995),Comedy,292
313,"Swan Princess, The (1994)",Animation|Children,293
314,"Secret of Roan Inish, The (1994)",Children|Drama|Fantasy|Mystery,294
315,"Specialist, The (1994)",Action|Drama|Thriller,295
316,Stargate (1994),Action|Adventure|Sci-Fi,296
317,"Santa Clause, The (1994)",Comedy|Drama|Fantasy,297
318,"Shawshank Redemption, The (1994)",Crime|Drama,298
319,Shallow Grave (1994),Comedy|Drama|Thriller,299
320,Suture (1993),Film-Noir|Thriller,300
321,Strawberry and Chocolate (Fresa y chocolate) (1993),Drama,301
322,Swimming with Sharks (1995),Comedy|Drama,302
324,"Sum of Us, The (1994)",Comedy|Drama,303
325,National Lampoon's Senior Trip (1995),Comedy,304
326,To Live (Huozhe) (1994),Drama,305
327,Tank Girl (1995),Action|Comedy|Sci-Fi,306
328,Tales from the Crypt Presents: Demon Knight (1995),Horror|Thriller,307
329,Star Trek: Generations (1994),Adventure|Drama|Sci-Fi,308
330,Tales from the Hood (1995),Action|Crime|Horror,309
331,Tom & Viv (1994),Drama,310
332,Village of the Damned (1995),Horror|Sci-Fi,311
333,Tommy Boy (1995),Comedy,312
334,Vanya on 42nd Street (1994),Drama,313
335,Underneath (1995),Mystery|Thriller,314
336,"Walking Dead, The (1995)",Drama|War,315
337,What's Eating Gilbert Grape (1993),Drama,316
338,Virtuosity (1995),Action|Sci-Fi|Thriller,317
339,While You Were Sleeping (1995),Comedy|Romance,318
340,"War, The (1994)",Adventure|Drama|War,319
341,Double Happiness (1994),Drama,320
342,Muriel's Wedding (1994),Comedy,321
343,"Baby-Sitters Club, The (1995)",Children,322
344,Ace Ventura: Pet Detective (1994),Comedy,323
345,"Adventures of Priscilla, Queen of the Desert, The (1994)",Comedy|Drama,324
346,Backbeat (1993),Drama|Musical,325
347,Bitter Moon (1992),Drama|Film-Noir|Romance,326
348,Bullets Over Broadway (1994),Comedy,327
349,Clear and Present Danger (1994),Action|Crime|Drama|Thriller,328
350,"Client, The (1994)",Drama|Mystery|Thriller,329
351,"Corrina, Corrina (1994)",Comedy|Drama|Romance,330
352,Crooklyn (1994),Comedy|Drama,331
353,"Crow, The (1994)",Action|Crime|Fantasy|Thriller,332
354,Cobb (1994),Drama,333
355,"Flintstones, The (1994)",Children|Comedy|Fantasy,334
356,Forrest Gump (1994),Comedy|Drama|Romance|War,335
357,Four Weddings and a Funeral (1994),Comedy|Romance,336
358,Higher Learning (1995),Drama,337
359,I Like It Like That (1994),Comedy|Drama|Romance,338
360,I Love Trouble (1994),Action|Comedy,339
361,It Could Happen to You (1994),Comedy|Drama|Romance,340
362,"Jungle Book, The (1994)",Adventure|Children|Romance,341
363,"Wonderful, Horrible Life of Leni Riefenstahl, The (Macht der Bilder: Leni Riefenstahl, Die) (1993)",Documentary,342
364,"Lion King, The (1994)",Adventure|Animation|Children|Drama|Musical|IMAX,343
365,Little Buddha (1993),Drama,344
366,"Wes Craven's New Nightmare (Nightmare on Elm Street Part 7: Freddy's Finale, A) (1994)",Drama|Horror|Mystery|Thriller,345
367,"Mask, The (1994)",Action|Comedy|Crime|Fantasy,346
368,Maverick (1994),Adventure|Comedy|Western,347
369,Mrs. Parker and the Vicious Circle (1994),Drama,348
370,Naked Gun 33 1/3: The Final Insult (1994),Action|Comedy,349
371,"Paper, The (1994)",Comedy|Drama,350
372,Reality Bites (1994),Comedy|Drama|Romance,351
373,Red Rock West (1992),Thriller,352
374,Richie Rich (1994),Children|Comedy,353
375,Safe Passage (1994),Drama,354
376,"River Wild, The (1994)",Action|Thriller,355
377,Speed (1994),Action|Romance|Thriller,356
378,Speechless (1994),Comedy|Romance,357
379,Timecop (1994),Action|Sci-Fi|Thriller,358
380,True Lies (1994),Action|Adventure|Comedy|Romance|Thriller,359
381,When a Man Loves a Woman (1994),Drama|Romance,360
382,Wolf (1994),Drama|Horror|Romance|Thriller,361
383,Wyatt Earp (1994),Western,362
384,Bad Company (1995),Action|Crime|Drama,363
385,"Man of No Importance, A (1994)",Drama,364
386,S.F.W. (1994),Drama,365
387,"Low Down Dirty Shame, A (1994)",Action|Comedy,366
388,Boys Life (1995),Drama,367
389,"Colonel Chabert, Le (1994)",Drama|Romance|War,368
390,Faster Pussycat! Kill! Kill! (1965),Action|Crime|Drama,369
391,Jason's Lyric (1994),Crime|Drama,370
392,"Secret Adventures of Tom Thumb, The (1993)",Adventure|Animation,371
393,Street Fighter (1994),Action|Adventure|Fantasy,372
394,Coldblooded (1995),Comedy,373
398,Frank and Ollie (1995),Documentary,374
404,Brother Minister: The Assassination of Malcolm X (1994),Documentary,375
405,Highlander III: The Sorcerer (a.k.a. Highlander: The Final Dimension) (1994),Action|Fantasy,376
406,Federal Hill (1994),Drama,377
407,In the Mouth of Madness (1995),Horror|Thriller,378
408,8 Seconds (1994),Drama,379
409,Above the Rim (1994),Crime|Drama,380
410,Addams Family Values (1993),Children|Comedy|Fantasy,381
411,Martin Lawrence: You So Crazy (1994),Comedy|Documentary,382
412,"Age of Innocence, The (1993)",Drama,383
413,Airheads (1994),Comedy,384
414,"Air Up There, The (1994)",Comedy,385
415,Another Stakeout (1993),Comedy|Thriller,386
416,Bad Girls (1994),Western,387
417,Barcelona (1994),Comedy|Romance,388
418,Being Human (1993),Drama,389
419,"Beverly Hillbillies, The (1993)",Comedy,390
420,Beverly Hills Cop III (1994),Action|Comedy|Crime|Thriller,391
421,Black Beauty (1994),Adventure|Children|Drama,392
422,Blink (1994),Thriller,393
423,Blown Away (1994),Action|Thriller,394
424,Blue Chips (1994),Drama,395
425,Blue Sky (1994),Drama|Romance,396
426,Body Snatchers (1993),Horror|Sci-Fi|Thriller,397
427,Boxing Helena (1993),Drama|Mystery|Romance|Thriller,398
428,"Bronx Tale, A (1993)",Drama,399
429,Cabin Boy (1994),Comedy,400
431,Carlito's Way (1993),Crime|Drama,401
432,City Slickers II: The Legend of Curly's Gold (1994),Adventure|Comedy|Western,402
433,Clean Slate (1994),Comedy,403
434,Cliffhanger (1993),Action|Adventure|Thriller,404
435,Coneheads (1993),Comedy|Sci-Fi,405
436,Color of Night (1994),Drama|Thriller,406
437,Cops and Robbersons (1994),Comedy,407
438,"Cowboy Way, The (1994)",Action|Comedy|Drama,408
440,Dave (1993),Comedy|Romance,409
441,Dazed and Confused (1993),Comedy,410
442,Demolition Man (1993),Action|Adventure|Sci-Fi,411
443,"Endless Summer 2, The (1994)",Adventure|Documentary,412
444,Even Cowgirls Get the Blues (1993),Comedy|Romance,413
445,Fatal Instinct (1993),Comedy,414
446,Farewell My Concubine (Ba wang bie ji) (1993),Drama|Romance,415
447,"Favor, The (1994)",Comedy|Romance,416
448,Fearless (1993),Drama,417
449,Fear of a Black Hat (1994),Comedy,418
450,With Honors (1994),Comedy|Drama,419
451,Flesh and Bone (1993),Drama|Mystery|Romance,420
452,Widows' Peak (1994),Drama,421
453,For Love or Money (1993),Comedy|Romance,422
454,"Firm, The (1993)",Drama|Thriller,423
455,Free Willy (1993),Adventure|Children|Drama,424
456,Fresh (1994),Crime|Drama|Thriller,425
457,"Fugitive, The (1993)",Thriller,426
458,Geronimo: An American Legend (1993),Drama|Western,427
459,"Getaway, The (1994)",Action|Adventure|Crime|Drama|Romance|Thriller,428
460,Getting Even with Dad (1994),Comedy,429
461,Go Fish (1994),Drama|Romance,430
462,"Good Man in Africa, A (1994)",Action|Adventure,431
463,Guilty as Sin (1993),Crime|Drama|Thriller,432
464,Hard Target (1993),Action|Adventure|Crime|Thriller,433
465,Heaven & Earth (1993),Action|Drama|War,434
466,Hot Shots! Part Deux (1993),Action|Comedy|War,435
467,Live Nude Girls (1995),Comedy,436
468,"Englishman Who Went Up a Hill But Came Down a Mountain, The (1995)",Comedy|Romance,437
469,"House of the Spirits, The (1993)",Drama|Romance,438
470,House Party 3 (1994),Comedy,439
471,"Hudsucker Proxy, The (1994)",Comedy,440
472,I'll Do Anything (1994),Comedy|Drama,441
473,In the Army Now (1994),Comedy|War,442
474,In the Line of Fire (1993),Action|Thriller,443
475,In the Name of the Father (1993),Drama,444
476,"Inkwell, The (1994)",Comedy|Drama,445
477,What's Love Got to Do with It? (1993),Drama|Musical,446
478,Jimmy Hollywood (1994),Comedy|Crime|Drama,447
479,Judgment Night (1993),Action|Crime|Thriller,448
480,Jurassic Park (1993),Action|Adventure|Sci-Fi|Thriller,449
481,Kalifornia (1993),Drama|Thriller,450
482,Killing Zoe (1994),Crime|Drama|Thriller,451
483,King of the Hill (1993),Drama,452
484,Lassie (1994),Adventure|Children,453
485,Last Action Hero (1993),Action|Adventure|Comedy|Fantasy,454
486,Life with Mikey (1993),Comedy,455
487,Lightning Jack (1994),Comedy|Western,456
488,M. Butterfly (1993),Drama|Romance,457
489,Made in America (1993),Comedy,458
490,Malice (1993),Thriller,459
491,"Man Without a Face, The (1993)",Drama,460
492,Manhattan Murder Mystery (1993),Comedy|Mystery,461
493,Menace II Society (1993),Action|Crime|Drama,462
494,Executive Decision (1996),Action|Adventure|Thriller,463
495,In the Realm of the Senses (Ai no corrida) (1976),Drama,464
496,What Happened Was... (1994),Comedy|Drama|Romance|Thriller,465
497,Much Ado About Nothing (1993),Comedy|Romance,466
498,Mr. Jones (1993),Drama|Romance,467
499,Mr. Wonderful (1993),Comedy|Romance,468
500,Mrs. Doubtfire (1993),Comedy|Drama,469
501,Naked (1993),Drama,470
502,"Next Karate Kid, The (1994)",Action|Children|Romance,471
503,"New Age, The (1994)",Drama,472
504,No Escape (1994),Action|Drama|Sci-Fi,473
505,North (1994),Comedy,474
506,Orlando (1992),Drama|Fantasy|Romance,475
507,"Perfect World, A (1993)",Crime|Drama|Thriller,476
508,Philadelphia (1993),Drama,477
509,"Piano, The (1993)",Drama|Romance,478
510,Poetic Justice (1993),Drama,479
511,"Program, The (1993)",Action|Drama,480
512,"Puppet Masters, The (1994)",Horror|Sci-Fi,481
513,Radioland Murders (1994),Comedy|Mystery|Romance,482
514,"Ref, The (1994)",Comedy,483
515,"Remains of the Day, The (1993)",Drama|Romance,484
516,Renaissance Man (1994),Comedy|Drama,485
517,Rising Sun (1993),Action|Drama|Mystery,486
518,"Road to Wellville, The (1994)",Comedy,487
519,RoboCop 3 (1993),Action|Crime|Drama|Sci-Fi|Thriller,488
520,Robin Hood: Men in Tights (1993),Comedy,489
521,Romeo Is Bleeding (1993),Crime|Thriller,490
522,Romper Stomper (1992),Action|Drama,491
523,Ruby in Paradise (1993),Drama,492
524,Rudy (1993),Drama,493
525,"Saint of Fort Washington, The (1993)",Drama,494
526,"Savage Nights (Nuits fauves, Les) (1992)",Drama,495
527,Schindler's List (1993),Drama|War,496
528,"Scout, The (1994)",Comedy|Drama,497
529,Searching for Bobby Fischer (1993),Drama,498
531,"Secret Garden, The (1993)",Children|Drama,499
532,Serial Mom (1994),Comedy|Crime|Horror,500
533,"Shadow, The (1994)",Action|Adventure|Fantasy|Mystery,501
534,Shadowlands (1993),Drama|Romance,502
535,Short Cuts (1993),Drama,503
536,"Simple Twist of Fate, A (1994)",Drama,504
537,Sirens (1994),Drama,505
538,Six Degrees of Separation (1993),Drama,506
539,Sleepless in Seattle (1993),Comedy|Drama|Romance,507
540,Sliver (1993),Thriller,508
541,Blade Runner (1982),Action|Sci-Fi|Thriller,509
542,Son in Law (1993),Comedy|Drama|Romance,510
543,So I Married an Axe Murderer (1993),Comedy|Romance|Thriller,511
544,Striking Distance (1993),Action|Crime,512
546,Super Mario Bros. (1993),Action|Adventure|Children|Comedy|Fantasy|Sci-Fi,513
547,Surviving the Game (1994),Action|Adventure|Thriller,514
548,Terminal Velocity (1994),Action|Mystery|Thriller,515
549,Thirty-Two Short Films About Glenn Gould (1993),Drama|Musical,516
550,Threesome (1994),Comedy|Romance,517
551,"Nightmare Before Christmas, The (1993)",Animation|Children|Fantasy|Musical,518
552,"Three Musketeers, The (1993)",Action|Adventure|Comedy|Romance,519
553,Tombstone (1993),Action|Drama|Western,520
554,Trial by Jury (1994),Crime|Drama|Thriller,521
555,True Romance (1993),Crime|Thriller,522
556,"War Room, The (1993)",Documentary,523
558,"Pagemaster, The (1994)",Action|Adventure|Animation|Children|Fantasy,524
561,Killer (Bulletproof Heart) (1994),Drama|Thriller,525
562,Welcome to the Dollhouse (1995),Comedy|Drama,526
563,Germinal (1993),Drama|Romance,527
564,Chasers (1994),Comedy,528
565,Cronos (1993),Drama|Horror,529
567,Kika (1993),Comedy|Drama,530
568,Bhaji on the Beach (1993),Comedy|Drama,531
569,Little Big League (1994),Comedy|Drama,532
570,"Slingshot, The (Kådisbellan) (1993)",Comedy|Drama,533
571,"Wedding Gift, The (1994)",Drama|Romance,534
573,"Ciao, Professore! (Io speriamo che me la cavo) (1992)",Drama,535
574,Spanking the Monkey (1994),Comedy|Drama,536
575,"Little Rascals, The (1994)",Children|Comedy,537
577,Andre (1994),Adventure|Children|Drama,538
580,Princess Caraboo (1994),Drama,539
581,"Celluloid Closet, The (1995)",Documentary,540
582,Métisse (Café au Lait) (1993),Comedy|Drama,541
583,Dear Diary (Caro Diario) (1994),Comedy|Drama,542
585,"Brady Bunch Movie, The (1995)",Comedy,543
586,Home Alone (1990),Children|Comedy,544
587,Ghost (1990),Comedy|Drama|Fantasy|Romance|Thriller,545
588,Aladdin (1992),Adventure|Animation|Children|Comedy|Musical,546
589,Terminator 2: Judgment Day (1991),Action|Sci-Fi,547
590,Dances with Wolves (1990),Adventure|Drama|Western,548
592,Batman (1989),Action|Crime|Thriller,549
593,"Silence of the Lambs, The (1991)",Crime|Horror|Thriller,550
594,Snow White and the Seven Dwarfs (1937),Animation|Children|Drama|Fantasy|Musical,551
595,Beauty and the Beast (1991),Animation|Children|Fantasy|Musical|Romance|IMAX,552
596,Pinocchio (1940),Animation|Children|Fantasy|Musical,553
597,Pretty Woman (1990),Comedy|Romance,554
598,Window to Paris (Okno v Parizh) (1994),Comedy|Fantasy,555
599,"Wild Bunch, The (1969)",Adventure|Western,556
600,Love and a .45 (1994),Action|Comedy|Crime,557
601,"Wooden Man's Bride, The (Yan shen) (1994)",Drama,558
602,"Great Day in Harlem, A (1994)",Documentary,559
603,"Bye Bye, Love (1995)",Comedy,560
605,One Fine Day (1996),Drama|Romance,561
606,Candyman: Farewell to the Flesh (1995),Fantasy|Horror,562
608,Fargo (1996),Comedy|Crime|Drama|Thriller,563
609,Homeward Bound II: Lost in San Francisco (1996),Adventure|Children,564
610,Heavy Metal (1981),Action|Adventure|Animation|Horror|Sci-Fi,565
611,Hellraiser: Bloodline (1996),Action|Horror|Sci-Fi,566
612,"Pallbearer, The (1996)",Comedy,567
613,Jane Eyre (1996),Drama|Romance,568
614,Loaded (1994),Drama|Thriller,569
615,Bread and Chocolate (Pane e cioccolata) (1973),Comedy|Drama,570
616,"Aristocats, The (1970)",Animation|Children,571
617,"Flower of My Secret, The (La flor de mi secreto) (1995)",Comedy|Drama,572
618,Two Much (1995),Comedy|Romance,573
619,Ed (1996),Comedy,574
621,My Favorite Season (1993),Drama,575
626,"Thin Line Between Love and Hate, A (1996)",Comedy,576
627,"Last Supper, The (1995)",Drama|Thriller,577
628,Primal Fear (1996),Crime|Drama|Mystery|Thriller,578
630,Carried Away (1996),Drama|Romance,579
631,All Dogs Go to Heaven 2 (1996),Adventure|Animation|Children|Fantasy|Musical|Romance,580
632,Land and Freedom (Tierra y libertad) (1995),Drama|War,581
633,Denise Calls Up (1995),Comedy,582
634,Theodore Rex (1995),Comedy,583
635,"Family Thing, A (1996)",Comedy|Drama,584
637,Sgt. Bilko (1996),Comedy,585
638,Jack and Sarah (1995),Romance,586
639,Girl 6 (1996),Comedy|Drama,587
640,Diabolique (1996),Drama|Thriller,588
641,"Little Indian, Big City (Un indien dans la ville) (1994)",Adventure|Children|Comedy,589
645,Nelly & Monsieur Arnaud (1995),Drama,590
647,Courage Under Fire (1996),Action|Crime|Drama|War,591
648,Mission: Impossible (1996),Action|Adventure|Mystery|Thriller,592
649,Cold Fever (Á köldum klaka) (1995),Comedy|Drama,593
650,Moll Flanders (1996),Drama,594
653,Dragonheart (1996),Action|Adventure|Fantasy,595
656,Eddie (1996),Comedy,596
659,Purple Noon (Plein soleil) (1960),Crime|Drama|Thriller,597
660,August (1996),Drama,598
661,James and the Giant Peach (1996),Adventure|Animation|Children|Fantasy|Musical,599
662,Fear (1996),Thriller,600
663,Kids in the Hall: Brain Candy (1996),Comedy,601
664,Faithful (1996),Comedy,602
665,Underground (1995),Comedy|Drama|War,603
666,All Things Fair (Lust och fägring stor) (1995),Drama|Romance|War,604
667,Bloodsport 2 (a.k.a. Bloodsport II: The Next Kumite) (1996),Action,605
668,Song of the Little Road (Pather Panchali) (1955),Drama,606
670,"World of Apu, The (Apur Sansar) (1959)",Drama,607
671,Mystery Science Theater 3000: The Movie (1996),Comedy|Sci-Fi,608
673,Space Jam (1996),Adventure|Animation|Children|Comedy|Fantasy|Sci-Fi,609
674,Barbarella (1968),Adventure|Comedy|Sci-Fi,610
678,Some Folks Call It a Sling Blade (1993),Drama|Thriller,611
679,"Run of the Country, The (1995)",Drama,612
680,"Alphaville (Alphaville, une étrange aventure de Lemmy Caution) (1965)",Drama|Mystery|Romance|Sci-Fi|Thriller,613
681,Coup de torchon (Clean Slate) (1981),Crime,614
685,It's My Party (1996),Drama,615
687,Country Life (1994),Drama|Romance,616
688,Operation Dumbo Drop (1995),Action|Adventure|Comedy|War,617
690,"Promise, The (Versprechen, Das) (1995)",Drama|Romance,618
691,Mrs. Winterbourne (1996),Comedy|Romance,619
692,Solo (1996),Action|Sci-Fi|Thriller,620
694,"Substitute, The (1996)",Action|Crime|Drama,621
695,True Crime (1996),Mystery|Thriller,622
696,Butterfly Kiss (1995),Drama|Thriller,623
697,Feeling Minnesota (1996),Drama|Romance,624
698,Delta of Venus (1995),Drama,625
700,Angus (1995),Comedy,626
701,Daens (1992),Drama,627
702,Faces (1968),Drama,628
703,Boys (1996),Drama,629
704,"Quest, The (1996)",Action|Adventure,630
705,Cosi (1996),Comedy,631
706,Sunset Park (1996),Drama,632
707,Mulholland Falls (1996),Crime|Drama|Thriller,633
708,"Truth About Cats & Dogs, The (1996)",Comedy|Romance,634
709,Oliver & Company (1988),Adventure|Animation|Children|Comedy|Musical,635
710,Celtic Pride (1996),Comedy,636
711,Flipper (1996),Adventure|Children,637
712,Captives (1994),Crime|Drama|Romance|Thriller,638
713,Of Love and Shadows (1994),Drama,639
714,Dead Man (1995),Drama|Mystery|Western,640
715,"Horseman on the Roof, The (Hussard sur le toit, Le) (1995)",Drama|Romance,641
716,Switchblade Sisters (1975),Crime,642
717,Mouth to Mouth (Boca a boca) (1995),Comedy,643
718,"Visitors, The (Visiteurs, Les) (1993)",Comedy|Fantasy|Sci-Fi,644
719,Multiplicity (1996),Comedy,645
720,Wallace & Gromit: The Best of Aardman Animation (1996),Adventure|Animation|Comedy,646
722,"Haunted World of Edward D. Wood Jr., The (1996)",Documentary,647
724,"Craft, The (1996)",Drama|Fantasy|Horror|Thriller,648
725,"Great White Hype, The (1996)",Comedy,649
726,Last Dance (1996),Drama,650
728,Cold Comfort Farm (1995),Comedy,651
729,"Institute Benjamenta, or This Dream People Call Human Life (1995)",Drama,652
730,Low Life (1994),Drama,653
731,Heaven's Prisoners (1996),Crime|Thriller,654
732,Original Gangstas (1996),Crime,655
733,"Rock, The (1996)",Action|Adventure|Thriller,656
735,Cemetery Man (Dellamorte Dellamore) (1994),Horror,657
736,Twister (1996),Action|Adventure|Romance|Thriller,658
737,Barb Wire (1996),Action|Sci-Fi,659
741,Ghost in the Shell (Kôkaku kidôtai) (1995),Animation|Sci-Fi,660
742,Thinner (1996),Horror|Thriller,661
743,Spy Hard (1996),Comedy,662
745,Wallace & Gromit: A Close Shave (1995),Animation|Children|Comedy,663
746,Force of Evil (1948),Film-Noir,664
747,"Stupids, The (1996)",Comedy,665
748,"Arrival, The (1996)",Action|Sci-Fi|Thriller,666
750,Dr. Strangelove or: How I Learned to Stop Worrying and Love the Bomb (1964),Comedy|War,667
751,Careful (1992),Comedy|Horror,668
753,"Month by the Lake, A (1995)",Comedy|Drama|Romance,669
754,Gold Diggers: The Secret of Bear Mountain (1995),Adventure|Children,670
755,Kim (1950),Children|Drama,671
756,Carmen Miranda: Bananas Is My Business (1994),Documentary,672
757,Ashes of Time (Dung che sai duk) (1994),Drama,673
759,Maya Lin: A Strong Clear Vision (1994),Documentary,674
760,Stalingrad (1993),Drama|War,675
761,"Phantom, The (1996)",Action|Adventure,676
762,Striptease (1996),Comedy|Crime,677
764,Heavy (1995),Drama|Romance,678
765,Jack (1996),Comedy|Drama,679
766,I Shot Andy Warhol (1996),Drama,680
767,"Grass Harp, The (1995)",Comedy|Drama,681
769,Marlene Dietrich: Shadow and Light (1996),Documentary,682
771,"Life Is Rosy (a.k.a. Life Is Beautiful) (Vie est belle, La) (1987)",Comedy|Drama,683
775,Spirits of the Dead (1968),Horror|Mystery,684
778,Trainspotting (1996),Comedy|Crime|Drama,685
779,'Til There Was You (1997),Drama|Romance,686
780,Independence Day (a.k.a. ID4) (1996),Action|Adventure|Sci-Fi|Thriller,687
781,Stealing Beauty (1996),Drama,688
782,"Fan, The (1996)",Drama|Thriller,689
783,"Hunchback of Notre Dame, The (1996)",Animation|Children|Drama|Musical|Romance,690
784,"Cable Guy, The (1996)",Comedy|Thriller,691
785,Kingpin (1996),Comedy,692
786,Eraser (1996),Action|Drama|Thriller,693
787,"Gate of Heavenly Peace, The (1995)",Documentary,694
788,"Nutty Professor, The (1996)",Comedy|Fantasy|Romance|Sci-Fi,695
790,"Unforgettable Summer, An (Un été inoubliable) (1994)",Drama,696
791,"Last Klezmer: Leopold Kozlowski, His Life and Music, The (1994)",Documentary,697
793,My Life and Times With Antonin Artaud (En compagnie d'Antonin Artaud) (1993),Drama,698
794,Midnight Dancers (Sibak) (1994),Comedy|Drama,699
795,Somebody to Love (1994),Drama,700
797,"Old Lady Who Walked in the Sea, The (Vieille qui marchait dans la mer, La) (1991)",Comedy,701
798,Daylight (1996),Action|Adventure|Drama|Thriller,702
799,"Frighteners, The (1996)",Comedy|Horror|Thriller,703
800,Lone Star (1996),Drama|Mystery|Western,704
801,Harriet the Spy (1996),Children|Comedy,705
802,Phenomenon (1996),Drama|Romance,706
803,Walking and Talking (1996),Comedy|Drama|Romance,707
804,She's the One (1996),Comedy|Romance,708
805,"Time to Kill, A (1996)",Drama|Thriller,709
806,American Buffalo (1996),Crime|Drama,710
807,"Rendezvous in Paris (Rendez-vous de Paris, Les) (1995)",Comedy|Romance,711
808,Alaska (1996),Adventure|Children,712
809,Fled (1996),Action|Adventure,713
810,Kazaam (1996),Children|Comedy|Fantasy,714
813,Larger Than Life (1996),Comedy,715
816,Two Deaths (1995),Drama,716
818,"Very Brady Sequel, A (1996)",Comedy,717
819,Stefano Quantestorie (1993),Comedy|Drama,718
820,"Death in the Garden (Mort en ce jardin, La) (1956)",Drama,719
823,"Collector, The (La collectionneuse) (1967)",Drama,720
824,Kaspar Hauser (1993),Drama|Mystery,721
827,"Convent, The (O Convento) (1995)",Drama,722
828,"Adventures of Pinocchio, The (1996)",Adventure|Children,723
829,Joe's Apartment (1996),Comedy|Fantasy|Musical,724
830,"First Wives Club, The (1996)",Comedy,725
831,Stonewall (1995),Drama,726
832,Ransom (1996),Crime|Thriller,727
833,High School High (1996),Comedy,728
834,Phat Beach (1996),Comedy,729
835,Foxfire (1996),Drama,730
836,Chain Reaction (1996),Action|Adventure|Thriller,731
837,Matilda (1996),Children|Comedy|Fantasy,732
838,Emma (1996),Comedy|Drama|Romance,733
839,"Crow: City of Angels, The (1996)",Action|Thriller,734
840,House Arrest (1996),Children|Comedy,735
841,"Eyes Without a Face (Yeux sans visage, Les) (1959)",Horror,736
842,Tales from the Crypt Presents: Bordello of Blood (1996),Comedy|Horror,737
843,Lotto Land (1995),Drama,738
844,"Story of Xinghua, The (Xinghua san yue tian) (1994)",Drama,739
845,"Day the Sun Turned Cold, The (Tianguo niezi) (1994)",Drama,740
846,Flirt (1995),Drama,741
847,"Big Squeeze, The (1996)",Comedy|Drama,742
848,"Spitfire Grill, The (1996)",Drama,743
849,Escape from L.A. (1996),Action|Adventure|Sci-Fi|Thriller,744
850,Cyclo (Xich lo) (1995),Crime|Drama,745
851,Basquiat (1996),Drama,746
852,Tin Cup (1996),Comedy|Drama|Romance,747
853,Dingo (1991),Drama,748
854,"Ballad of Narayama, The (Narayama Bushiko) (1958)",Drama,749
856,Mille bolle blu (1993),Comedy,750
858,"Godfather, The (1972)",Crime|Drama,751
860,"Maybe, Maybe Not (Bewegte Mann, Der) (1994)",Comedy,752
861,Supercop (Police Story 3: Supercop) (Jing cha gu shi III: Chao ji jing cha) (1992),Action|Comedy|Crime|Thriller,753
862,Manny & Lo (1996),Drama,754
864,"Wife, The (1995)",Comedy|Drama,755
865,Small Faces (1996),Drama,756
866,Bound (1996),Crime|Drama|Romance|Thriller,757
867,Carpool (1996),Comedy|Crime,758
868,Death in Brunswick (1991),Comedy,759
869,Kansas City (1996),Crime|Drama|Musical|Thriller,760
870,Gone Fishin' (1997),Comedy,761
871,Lover's Knot (1996),Comedy,762
872,Vive L'Amour (Ai qing wan sui) (1994),Drama,763
875,Nothing to Lose (1994),Action|Crime|Drama,764
876,Supercop 2 (Project S) (Chao ji ji hua) (1993),Action|Comedy|Crime|Thriller,765
877,Girls Town (1996),Comedy|Drama,766
879,"Relic, The (1997)",Horror|Thriller,767
880,"Island of Dr. Moreau, The (1996)",Sci-Fi|Thriller,768
881,First Kid (1996),Children|Comedy,769
882,"Trigger Effect, The (1996)",Drama|Thriller,770
885,Bogus (1996),Children|Drama|Fantasy,771
886,Bulletproof (1996),Action|Comedy|Crime,772
889,1-900 (06) (1994),Drama|Romance,773
891,Halloween: The Curse of Michael Myers (Halloween 6: The Curse of Michael Myers) (1995),Horror|Thriller,774
892,Twelfth Night (1996),Comedy|Drama|Romance,775
893,Mother Night (1996),Drama,776
896,Wild Reeds (Les roseaux sauvages) (1994),Drama,777
897,For Whom the Bell Tolls (1943),Adventure|Drama|Romance|War,778
898,"Philadelphia Story, The (1940)",Comedy|Drama|Romance,779
899,Singin' in the Rain (1952),Comedy|Musical|Romance,780
900,"American in Paris, An (1951)",Musical|Romance,781
901,Funny Face (1957),Comedy|Musical,782
902,Breakfast at Tiffany's (1961),Drama|Romance,783
903,Vertigo (1958),Drama|Mystery|Romance|Thriller,784
904,Rear Window (1954),Mystery|Thriller,785
905,It Happened One Night (1934),Comedy|Romance,786
906,Gaslight (1944),Drama|Thriller,787
907,"Gay Divorcee, The (1934)",Comedy|Musical|Romance,788
908,North by Northwest (1959),Action|Adventure|Mystery|Romance|Thriller,789
909,"Apartment, The (1960)",Comedy|Drama|Romance,790
910,Some Like It Hot (1959),Comedy|Crime,791
911,Charade (1963),Comedy|Crime|Mystery|Romance|Thriller,792
912,Casablanca (1942),Drama|Romance,793
913,"Maltese Falcon, The (1941)",Film-Noir|Mystery,794
914,My Fair Lady (1964),Comedy|Drama|Musical|Romance,795
915,Sabrina (1954),Comedy|Romance,796
916,Roman Holiday (1953),Comedy|Drama|Romance,797
917,"Little Princess, The (1939)",Children|Drama,798
918,Meet Me in St. Louis (1944),Musical,799
919,"Wizard of Oz, The (1939)",Adventure|Children|Fantasy|Musical,800
920,Gone with the Wind (1939),Drama|Romance|War,801
921,My Favorite Year (1982),Comedy,802
922,Sunset Blvd. (a.k.a. Sunset Boulevard) (1950),Drama|Film-Noir|Romance,803
923,Citizen Kane (1941),Drama|Mystery,804
924,2001: A Space Odyssey (1968),Adventure|Drama|Sci-Fi,805
925,Golden Earrings (1947),Adventure|Romance|War,806
926,All About Eve (1950),Drama,807
927,"Women, The (1939)",Comedy,808
928,Rebecca (1940),Drama|Mystery|Romance|Thriller,809
929,Foreign Correspondent (1940),Drama|Film-Noir|Mystery|Thriller,810
930,Notorious (1946),Film-Noir|Romance|Thriller,811
931,Spellbound (1945),Mystery|Romance|Thriller,812
932,"Affair to Remember, An (1957)",Drama|Romance,813
933,To Catch a Thief (1955),Crime|Mystery|Romance|Thriller,814
934,Father of the Bride (1950),Comedy,815
935,"Band Wagon, The (1953)",Comedy|Musical,816
936,Ninotchka (1939),Comedy|Romance,817
937,Love in the Afternoon (1957),Comedy|Romance,818
938,Gigi (1958),Musical,819
939,"Reluctant Debutante, The (1958)",Comedy|Drama,820
940,"Adventures of Robin Hood, The (1938)",Action|Adventure|Romance,821
941,"Mark of Zorro, The (1940)",Adventure,822
942,Laura (1944),Crime|Film-Noir|Mystery,823
943,"Ghost and Mrs. Muir, The (1947)",Drama|Fantasy|Romance,824
944,Lost Horizon (1937),Drama,825
945,Top Hat (1935),Comedy|Musical|Romance,826
946,To Be or Not to Be (1942),Comedy|Drama|War,827
947,My Man Godfrey (1936),Comedy|Romance,828
948,Giant (1956),Drama|Romance|Western,829
949,East of Eden (1955),Drama,830
950,"Thin Man, The (1934)",Comedy|Crime,831
951,His Girl Friday (1940),Comedy|Romance,832
952,Around the World in 80 Days (1956),Adventure|Comedy,833
953,It's a Wonderful Life (1946),Children|Drama|Fantasy|Romance,834
954,Mr. Smith Goes to Washington (1939),Drama,835
955,Bringing Up Baby (1938),Comedy|Romance,836
956,Penny Serenade (1941),Drama|Romance,837
957,"Scarlet Letter, The (1926)",Drama,838
958,Lady of Burlesque (1943),Comedy|Mystery,839
959,Of Human Bondage (1934),Drama,840
960,Angel on My Shoulder (1946),Crime|Drama,841
961,Little Lord Fauntleroy (1936),Drama,842
962,They Made Me a Criminal (1939),Crime|Drama,843
963,"Inspector General, The (1949)",Musical,844
964,Angel and the Badman (1947),Romance|Western,845
965,"39 Steps, The (1935)",Drama|Mystery|Thriller,846
966,A Walk in the Sun (1945),Drama|War,847
967,"Outlaw, The (1943)",Western,848
968,Night of the Living Dead (1968),Horror|Sci-Fi|Thriller,849
969,"African Queen, The (1951)",Adventure|Comedy|Romance|War,850
970,Beat the Devil (1953),Adventure|Comedy|Crime|Drama|Romance,851
971,Cat on a Hot Tin Roof (1958),Drama,852
972,"Last Time I Saw Paris, The (1954)",Drama,853
973,Meet John Doe (1941),Comedy|Drama,854
974,Algiers (1938),Drama|Romance,855
976,"Farewell to Arms, A (1932)",Romance|War,856
980,"Yes, Madam (a.k.a. Police Assassins) (a.k.a. In the Line of Duty 2) (Huang gu shi jie) (1985)",Action,857
981,Dangerous Ground (1997),Drama,858
982,Picnic (1955),Drama,859
984,"Pompatus of Love, The (1996)",Comedy|Drama,860
985,Small Wonders (1995),Documentary,861
986,Fly Away Home (1996),Adventure|Children,862
987,Bliss (1997),Drama|Romance,863
988,Grace of My Heart (1996),Comedy|Drama,864
989,Brother of Sleep (Schlafes Bruder) (1995),Drama,865
990,Maximum Risk (1996),Action|Adventure|Thriller,866
991,Michael Collins (1996),Drama,867
992,"Rich Man's Wife, The (1996)",Thriller,868
993,Infinity (1996),Drama,869
994,Big Night (1996),Comedy|Drama,870
996,Last Man Standing (1996),Action|Crime|Drama|Thriller,871
997,Caught (1996),Drama|Thriller,872
998,Set It Off (1996),Action|Crime,873
999,2 Days in the Valley (1996),Crime|Film-Noir,874
1000,Curdled (1996),Crime,875
1002,Ed's Next Move (1996),Comedy|Romance,876
1003,Extreme Measures (1996),Drama|Thriller,877
1004,"Glimmer Man, The (1996)",Action|Thriller,878
1005,D3: The Mighty Ducks (1996),Children|Comedy,879
1006,"Chamber, The (1996)",Drama,880
1007,"Apple Dumpling Gang, The (1975)",Children|Comedy|Western,881
1008,"Davy Crockett, King of the Wild Frontier (1955)",Adventure|Western,882
1009,Escape to Witch Mountain (1975),Adventure|Children|Fantasy,883
1010,"Love Bug, The (1969)",Children|Comedy,884
1011,Herbie Rides Again (1974),Children|Comedy|Fantasy|Romance,885
1012,Old Yeller (1957),Children|Drama,886
1013,"Parent Trap, The (1961)",Children|Comedy|Romance,887
1014,Pollyanna (1960),Children|Comedy|Drama,888
1015,Homeward Bound: The Incredible Journey (1993),Adventure|Children|Drama,889
1016,"Shaggy Dog, The (1959)",Children|Comedy,890
1017,Swiss Family Robinson (1960),Adventure|Children,891
1018,That Darn Cat! (1965),Children|Comedy|Mystery,892
1019,"20,000 Leagues Under the Sea (1954)",Adventure|Drama|Sci-Fi,893
1020,Cool Runnings (1993),Comedy,894
1021,Angels in the Outfield (1994),Children|Comedy,895
1022,Cinderella (1950),Animation|Children|Fantasy|Musical|Romance,896
1023,Winnie the Pooh and the Blustery Day (1968),Animation|Children|Musical,897
1024,"Three Caballeros, The (1945)",Animation|Children|Musical,898
1025,"Sword in the Stone, The (1963)",Animation|Children|Fantasy|Musical,899
1026,So Dear to My Heart (1949),Children|Drama,900
1027,Robin Hood: Prince of Thieves (1991),Adventure|Drama,901
1028,Mary Poppins (1964),Children|Comedy|Fantasy|Musical,902
1029,Dumbo (1941),Animation|Children|Drama|Musical,903
1030,Pete's Dragon (1977),Adventure|Animation|Children|Musical,904
1031,Bedknobs and Broomsticks (1971),Adventure|Children|Musical,905
1032,Alice in Wonderland (1951),Adventure|Animation|Children|Fantasy|Musical,906
1033,"Fox and the Hound, The (1981)",Animation|Children|Drama,907
1034,Freeway (1996),Comedy|Crime|Drama|Thriller,908
1035,"Sound of Music, The (1965)",Musical|Romance,909
1036,Die Hard (1988),Action|Crime|Thriller,910
1037,"Lawnmower Man, The (1992)",Action|Horror|Sci-Fi|Thriller,911
1038,Unhook the Stars (1996),Drama,912
1040,"Secret Agent, The (1996)",Drama,913
1041,Secrets & Lies (1996),Drama,914
1042,That Thing You Do! (1996),Comedy|Drama,915
1043,To Gillian on Her 37th Birthday (1996),Drama|Romance,916
1044,Surviving Picasso (1996),Drama,917
1046,Beautiful Thing (1996),Drama|Romance,918
1047,"Long Kiss Goodnight, The (1996)",Action|Drama|Thriller,919
1049,"Ghost and the Darkness, The (1996)",Action|Adventure,920
1050,Looking for Richard (1996),Documentary|Drama,921
1051,Trees Lounge (1996),Drama,922
1052,"Proprietor, The (1996)",Drama,923
1053,Normal Life (1996),Crime|Drama|Romance,924
1054,Get on the Bus (1996),Drama,925
1055,Shadow Conspiracy (1997),Thriller,926
1056,Jude (1996),Drama,927
1057,Everyone Says I Love You (1996),Comedy|Musical|Romance,928
1058,Bitter Sugar (Azúcar amarga) (1996),Drama,929
1059,William Shakespeare's Romeo + Juliet (1996),Drama|Romance,930
1060,Swingers (1996),Comedy|Drama,931
1061,Sleepers (1996),Thriller,932
1063,Johns (1996),Drama,933
1066,Shall We Dance (1937),Comedy|Musical|Romance,934
1067,"Damsel in Distress, A (1937)",Comedy|Musical|Romance,935
1068,Crossfire (1947),Crime|Film-Noir,936
1069,"Murder, My Sweet (1944)",Crime|Film-Noir|Thriller,937
1073,Willy Wonka & the Chocolate Factory (1971),Children|Comedy|Fantasy|Musical,938
1075,"Sexual Life of the Belgians, The (Vie sexuelle des Belges 1950-1978, La) (1994)",Comedy|Romance,939
1076,"Innocents, The (1961)",Drama|Horror|Thriller,940
1077,Sleeper (1973),Comedy|Sci-Fi,941
1078,Bananas (1971),Comedy|War,942
1079,"Fish Called Wanda, A (1988)",Comedy|Crime,943
1080,Monty Python's Life of Brian (1979),Comedy,944
1081,Victor/Victoria (1982),Comedy|Musical|Romance,945
1082,"Candidate, The (1972)",Drama,946
1083,"Great Race, The (1965)",Comedy|Musical,947
1084,Bonnie and Clyde (1967),Crime|Drama,948
1085,"Old Man and the Sea, The (1958)",Adventure|Drama,949
1086,Dial M for Murder (1954),Crime|Mystery|Thriller,950
1087,Madame Butterfly (1995),Musical,951
1088,Dirty Dancing (1987),Drama|Musical|Romance,952
1089,Reservoir Dogs (1992),Crime|Mystery|Thriller,953
1090,Platoon (1986),Drama|War,954
1091,Weekend at Bernie's (1989),Comedy,955
1092,Basic Instinct (1992),Crime|Mystery|Thriller,956
1093,"Doors, The (1991)",Drama,957
1094,"Crying Game, The (1992)",Drama|Romance|Thriller,958
1095,Glengarry Glen Ross (1992),Drama,959
1096,Sophie's Choice (1982),Drama,960
1097,E.T. the Extra-Terrestrial (1982),Children|Drama|Sci-Fi,961
1098,"Search for One-eye Jimmy, The (1996)",Comedy,962
1099,"Christmas Carol, A (1938)",Children|Drama|Fantasy,963
1100,Days of Thunder (1990),Action|Drama|Romance,964
1101,Top Gun (1986),Action|Romance,965
1103,Rebel Without a Cause (1955),Drama,966
1104,"Streetcar Named Desire, A (1951)",Drama,967
1105,Children of the Corn IV: The Gathering (1996),Horror,968
1111,Microcosmos (Microcosmos: Le peuple de l'herbe) (1996),Documentary,969
1112,Palookaville (1996),Action|Comedy|Drama,970
1113,"Associate, The (1996)",Comedy,971
1114,"Funeral, The (1996)",Crime|Drama,972
1116,"Single Girl, A (Fille seule, La) (1995)",Drama,973
1117,"Eighth Day, The (Huitième jour, Le) (1996)",Drama,974
1119,Drunks (1995),Drama,975
1120,"People vs. Larry Flynt, The (1996)",Comedy|Drama,976
1121,Glory Daze (1995),Drama,977
1123,"Perfect Candidate, A (1996)",Documentary,978
1124,On Golden Pond (1981),Drama,979
1125,"Return of the Pink Panther, The (1975)",Comedy|Crime,980
1126,Drop Dead Fred (1991),Comedy|Fantasy,981
1127,"Abyss, The (1989)",Action|Adventure|Sci-Fi|Thriller,982
1128,"Fog, The (1980)",Horror,983
1129,Escape from New York (1981),Action|Adventure|Sci-Fi|Thriller,984
1130,"Howling, The (1980)",Horror|Mystery,985
1131,Jean de Florette (1986),Drama|Mystery,986
1132,Manon of the Spring (Manon des sources) (1986),Drama,987
1133,Talking About Sex (1994),Comedy|Drama,988
1135,Private Benjamin (1980),Comedy,989
1136,Monty Python and the Holy Grail (1975),Adventure|Comedy|Fantasy,990
1137,Hustler White (1996),Romance,991
1138,Dadetown (1995),Drama,992
1144,"Line King: The Al Hirschfeld Story, The (1996)",Documentary,993
1145,Snowriders (1996),Documentary,994
1147,When We Were Kings (1996),Documentary,995
1148,Wallace & Gromit: The Wrong Trousers (1993),Animation|Children|Comedy|Crime,996
1149,JLG/JLG (JLG/JLG - autoportrait de décembre) (1994),Documentary|Drama,997
1150,"Return of Martin Guerre, The (Retour de Martin Guerre, Le) (1982)",Drama,998
1151,Lesson Faust (1994),Animation|Comedy|Drama|Fantasy,999
1152,He Walked by Night (1948),Crime|Film-Noir|Thriller,1000
1153,Raw Deal (1948),Film-Noir,1001
1154,T-Men (1947),Film-Noir,1002
1156,"Children Are Watching Us, The (Bambini ci guardano, I) (1944)",Drama,1003
1161,"Tin Drum, The (Blechtrommel, Die) (1979)",Drama|War,1004
1162,"Ruling Class, The (1972)",Comedy|Drama,1005
1163,Mina Tannenbaum (1994),Drama,1006
1164,2 ou 3 choses que je sais d'elle (2 or 3 Things I Know About Her) (1967),Drama,1007
1167,Dear God (1996),Comedy,1008
1168,Bad Moon (1996),Action|Adventure|Horror,1009
1169,American Dream (1990),Documentary,1010
1171,Bob Roberts (1992),Comedy,1011
1172,Cinema Paradiso (Nuovo cinema Paradiso) (1989),Drama,1012
1173,"Cook the Thief His Wife & Her Lover, The (1989)",Comedy|Drama,1013
1174,Dead Tired (Grosse Fatigue) (1994),Comedy,1014
1175,Delicatessen (1991),Comedy|Drama|Romance,1015
1176,"Double Life of Veronique, The (Double Vie de Véronique, La) (1991)",Drama|Fantasy|Romance,1016
1177,Enchanted April (1992),Drama|Romance,1017
1178,Paths of Glory (1957),Drama|War,1018
1179,"Grifters, The (1990)",Crime|Drama|Film-Noir,1019
1180,Hear My Song (1991),Comedy,1020
1181,"Shooter, The (1997)",Western,1021
1183,"English Patient, The (1996)",Drama|Romance|War,1022
1184,Mediterraneo (1991),Comedy|Drama,1023
1185,My Left Foot (1989),Drama,1024
1186,"Sex, Lies, and Videotape (1989)",Drama,1025
1187,Passion Fish (1992),Drama,1026
1188,Strictly Ballroom (1992),Comedy|Romance,1027
1189,"Thin Blue Line, The (1988)",Documentary,1028
1190,Tie Me Up! Tie Me Down! (¡Átame!) (1990),Crime|Drama|Romance,1029
1191,Madonna: Truth or Dare (1991),Documentary|Musical,1030
1192,Paris Is Burning (1990),Documentary,1031
1193,One Flew Over the Cuckoo's Nest (1975),Drama,1032
1194,Cheech and Chong's Up in Smoke (1978),Comedy,1033
1196,Star Wars: Episode V - The Empire Strikes Back (1980),Action|Adventure|Sci-Fi,1034
1197,"Princess Bride, The (1987)",Action|Adventure|Comedy|Fantasy|Romance,1035
1198,Raiders of the Lost Ark (Indiana Jones and the Raiders of the Lost Ark) (1981),Action|Adventure,1036
1199,Brazil (1985),Fantasy|Sci-Fi,1037
1200,Aliens (1986),Action|Adventure|Horror|Sci-Fi,1038
1201,"Good, the Bad and the Ugly, The (Buono, il brutto, il cattivo, Il) (1966)",Action|Adventure|Western,1039
1202,Withnail & I (1987),Comedy,1040
1203,12 Angry Men (1957),Drama,1041
1204,Lawrence of Arabia (1962),Adventure|Drama|War,1042
1206,"Clockwork Orange, A (1971)",Crime|Drama|Sci-Fi|Thriller,1043
1207,To Kill a Mockingbird (1962),Drama,1044
1208,Apocalypse Now (1979),Action|Drama|War,1045
1209,Once Upon a Time in the West (C'era una volta il West) (1968),Action|Drama|Western,1046
1210,Star Wars: Episode VI - Return of the Jedi (1983),Action|Adventure|Sci-Fi,1047
1211,"Wings of Desire (Himmel über Berlin, Der) (1987)",Drama|Fantasy|Romance,1048
1212,"Third Man, The (1949)",Film-Noir|Mystery|Thriller,1049
1213,Goodfellas (1990),Crime|Drama,1050
1214,Alien (1979),Horror|Sci-Fi,1051
1215,Army of Darkness (1993),Action|Adventure|Comedy|Fantasy|Horror,1052
1216,"Big Blue, The (Grand bleu, Le) (1988)",Adventure|Drama|Romance,1053
1217,Ran (1985),Drama|War,1054
1218,"Killer, The (Die xue shuang xiong) (1989)",Action|Crime|Drama|Thriller,1055
1219,Psycho (1960),Crime|Horror,1056
1220,"Blues Brothers, The (1980)",Action|Comedy|Musical,1057
1221,"Godfather: Part II, The (1974)",Crime|Drama,1058
1222,Full Metal Jacket (1987),Drama|War,1059
1223,"Grand Day Out with Wallace and Gromit, A (1989)",Adventure|Animation|Children|Comedy|Sci-Fi,1060
1224,Henry V (1989),Action|Drama|Romance|War,1061
1225,Amadeus (1984),Drama,1062
1226,"Quiet Man, The (1952)",Drama|Romance,1063
1227,Once Upon a Time in America (1984),Crime|Drama,1064
1228,Raging Bull (1980),Drama,1065
1230,Annie Hall (1977),Comedy|Romance,1066
1231,"Right Stuff, The (1983)",Drama,1067
1232,Stalker (1979),Drama|Mystery|Sci-Fi,1068
1233,"Boot, Das (Boat, The) (1981)",Action|Drama|War,1069
1234,"Sting, The (1973)",Comedy|Crime,1070
1235,Harold and Maude (1971),Comedy|Drama|Romance,1071
1236,Trust (1990),Comedy|Drama|Romance,1072
1237,"Seventh Seal, The (Sjunde inseglet, Det) (1957)",Drama,1073
1238,Local Hero (1983),Comedy,1074
1240,"Terminator, The (1984)",Action|Sci-Fi|Thriller,1075
1241,Dead Alive (Braindead) (1992),Comedy|Fantasy|Horror,1076
1242,Glory (1989),Drama|War,1077
1243,Rosencrantz and Guildenstern Are Dead (1990),Comedy|Drama,1078
1244,Manhattan (1979),Comedy|Drama|Romance,1079
1245,Miller's Crossing (1990),Crime|Drama|Film-Noir|Thriller,1080
1246,Dead Poets Society (1989),Drama,1081
1247,"Graduate, The (1967)",Comedy|Drama|Romance,1082
1248,Touch of Evil (1958),Crime|Film-Noir|Thriller,1083
1249,"Femme Nikita, La (Nikita) (1990)",Action|Crime|Romance|Thriller,1084
1250,"Bridge on the River Kwai, The (1957)",Adventure|Drama|War,1085
1251,8 1/2 (8½) (1963),Drama|Fantasy,1086
1252,Chinatown (1974),Crime|Film-Noir|Mystery|Thriller,1087
1253,"Day the Earth Stood Still, The (1951)",Drama|Sci-Fi|Thriller,1088
1254,"Treasure of the Sierra Madre, The (1948)",Action|Adventure|Drama|Western,1089
1255,Bad Taste (1987),Comedy|Horror|Sci-Fi,1090
1256,Duck Soup (1933),Comedy|Musical|War,1091
1257,Better Off Dead... (1985),Comedy|Romance,1092
1258,"Shining, The (1980)",Horror,1093
1259,Stand by Me (1986),Adventure|Drama,1094
1260,M (1931),Crime|Film-Noir|Thriller,1095
1261,Evil Dead II (Dead by Dawn) (1987),Action|Comedy|Fantasy|Horror,1096
1262,"Great Escape, The (1963)",Action|Adventure|Drama|War,1097
1263,"Deer Hunter, The (1978)",Drama|War,1098
1264,Diva (1981),Action|Drama|Mystery|Romance|Thriller,1099
1265,Groundhog Day (1993),Comedy|Fantasy|Romance,1100
1266,Unforgiven (1992),Drama|Western,1101
1267,"Manchurian Candidate, The (1962)",Crime|Thriller|War,1102
1268,Pump Up the Volume (1990),Comedy|Drama,1103
1269,Arsenic and Old Lace (1944),Comedy|Mystery|Thriller,1104
1270,Back to the Future (1985),Adventure|Comedy|Sci-Fi,1105
1271,Fried Green Tomatoes (1991),Comedy|Crime|Drama,1106
1272,Patton (1970),Drama|War,1107
1273,Down by Law (1986),Comedy|Drama|Film-Noir,1108
1274,Akira (1988),Action|Adventure|Animation|Sci-Fi,1109
1275,Highlander (1986),Action|Adventure|Fantasy,1110
1276,Cool Hand Luke (1967),Drama,1111
1277,Cyrano de Bergerac (1990),Comedy|Drama|Romance,1112
1278,Young Frankenstein (1974),Comedy|Fantasy,1113
1279,Night on Earth (1991),Comedy|Drama,1114
1280,Raise the Red Lantern (Da hong deng long gao gao gua) (1991),Drama,1115
1281,"Great Dictator, The (1940)",Comedy|Drama|War,1116
1282,Fantasia (1940),Animation|Children|Fantasy|Musical,1117
1283,High Noon (1952),Drama|Western,1118
1284,"Big Sleep, The (1946)",Crime|Film-Noir|Mystery,1119
1285,Heathers (1989),Comedy,1120
1286,Somewhere in Time (1980),Drama|Romance,1121
1287,Ben-Hur (1959),Action|Adventure|Drama,1122
1288,This Is Spinal Tap (1984),Comedy,1123
1289,Koyaanisqatsi (a.k.a. Koyaanisqatsi: Life Out of Balance) (1983),Documentary,1124
1290,Some Kind of Wonderful (1987),Drama|Romance,1125
1291,Indiana Jones and the Last Crusade (1989),Action|Adventure,1126
1292,Being There (1979),Comedy|Drama,1127
1293,Gandhi (1982),Drama,1128
1295,"Unbearable Lightness of Being, The (1988)",Drama,1129
1296,"Room with a View, A (1986)",Drama|Romance,1130
1297,Real Genius (1985),Comedy,1131
1298,Pink Floyd: The Wall (1982),Drama|Musical,1132
1299,"Killing Fields, The (1984)",Drama|War,1133
1300,My Life as a Dog (Mitt liv som hund) (1985),Comedy|Drama,1134
1301,Forbidden Planet (1956),Drama|Sci-Fi,1135
1302,Field of Dreams (1989),Children|Drama|Fantasy,1136
1303,"Man Who Would Be King, The (1975)",Adventure|Drama,1137
1304,Butch Cassidy and the Sundance Kid (1969),Action|Western,1138
1305,"Paris, Texas (1984)",Drama|Romance,1139
1306,Until the End of the World (Bis ans Ende der Welt) (1991),Adventure|Drama|Sci-Fi,1140
1307,When Harry Met Sally... (1989),Comedy|Romance,1141
1310,Hype! (1996),Documentary,1142
1311,Santa with Muscles (1996),Comedy,1143
1312,Female Perversions (1996),Drama,1144
1313,Mad Dog Time (1996),Crime,1145
1315,Paris Was a Woman (1995),Documentary,1146
1317,I'm Not Rappaport (1996),Comedy,1147
1318,Blue Juice (1995),Comedy|Drama,1148
1320,Alien³ (a.k.a. Alien 3) (1992),Action|Horror|Sci-Fi|Thriller,1149
1321,"American Werewolf in London, An (1981)",Comedy|Horror|Thriller,1150
1326,Amityville II: The Possession (1982),Horror,1151
1327,"Amityville Horror, The (1979)",Drama|Horror|Mystery|Thriller,1152
1329,Blood for Dracula (Andy Warhol's Dracula) (1974),Horror,1153
1330,April Fool's Day (1986),Horror,1154
1331,Audrey Rose (1977),Horror,1155
1332,"Believers, The (1987)",Horror|Thriller,1156
1333,"Birds, The (1963)",Horror|Thriller,1157
1334,"Blob, The (1958)",Horror|Sci-Fi,1158
1336,Body Parts (1991),Horror|Thriller,1159
1337,"Body Snatcher, The (1945)",Drama|Horror|Thriller,1160
1339,Dracula (Bram Stoker's Dracula) (1992),Fantasy|Horror|Romance|Thriller,1161
1340,"Bride of Frankenstein, The (Bride of Frankenstein) (1935)",Drama|Horror|Sci-Fi,1162
1341,Burnt Offerings (1976),Horror,1163
1342,Candyman (1992),Horror|Thriller,1164
1343,Cape Fear (1991),Thriller,1165
1344,Cape Fear (1962),Crime|Drama|Thriller,1166
1345,Carrie (1976),Drama|Fantasy|Horror|Thriller,1167
1346,Cat People (1982),Drama|Fantasy|Horror,1168
1347,"Nightmare on Elm Street, A (1984)",Horror|Thriller,1169
1348,"Nosferatu (Nosferatu, eine Symphonie des Grauens) (1922)",Horror,1170
1349,Vampire in Venice (Nosferatu a Venezia) (Nosferatu in Venice) (1986),Horror,1171
1350,"Omen, The (1976)",Horror|Mystery|Thriller,1172
1351,Blood and Wine (Blood & Wine) (1996),Crime|Drama|Thriller,1173
1352,Albino Alligator (1996),Crime|Thriller,1174
1353,"Mirror Has Two Faces, The (1996)",Comedy|Drama|Romance,1175
1354,Breaking the Waves (1996),Drama|Mystery,1176
1355,Nightwatch (1997),Horror|Thriller,1177
1356,Star Trek: First Contact (1996),Action|Adventure|Sci-Fi|Thriller,1178
1357,Shine (1996),Drama|Romance,1179
1358,Sling Blade (1996),Drama,1180
1359,Jingle All the Way (1996),Children|Comedy,1181
1361,Paradise Lost: The Child Murders at Robin Hood Hills (1996),Documentary,1182
1363,"Preacher's Wife, The (1996)",Drama,1183
1364,Zero Kelvin (Kjærlighetens kjøtere) (1995),Drama,1184
1365,Ridicule (1996),Drama,1185
1366,"Crucible, The (1996)",Drama,1186
1367,101 Dalmatians (1996),Adventure|Children|Comedy,1187
1369,I Can't Sleep (J'ai pas sommeil) (1994),Drama|Thriller,1188
1370,Die Hard 2 (1990),Action|Adventure|Thriller,1189
1371,Star Trek: The Motion Picture (1979),Adventure|Sci-Fi,1190
1372,Star Trek VI: The Undiscovered Country (1991),Action|Mystery|Sci-Fi,1191
1373,Star Trek V: The Final Frontier (1989),Action|Sci-Fi,1192
1374,Star Trek II: The Wrath of Khan (1982),Action|Adventure|Sci-Fi|Thriller,1193
1375,Star Trek III: The Search for Spock (1984),Action|Adventure|Sci-Fi,1194
1376,Star Trek IV: The Voyage Home (1986),Adventure|Comedy|Sci-Fi,1195
1377,Batman Returns (1992),Action|Crime,1196
1378,Young Guns (1988),Action|Comedy|Western,1197
1379,Young Guns II (1990),Action|Western,1198
1380,Grease (1978),Comedy|Musical|Romance,1199
1381,Grease 2 (1982),Comedy|Musical|Romance,1200
1382,Marked for Death (1990),Action|Drama,1201
1383,Adrenalin: Fear the Rush (1996),Action|Sci-Fi,1202
1384,"Substance of Fire, The (1996)",Drama,1203
1385,Under Siege (1992),Action|Drama|Thriller,1204
1387,Jaws (1975),Action|Horror,1205
1388,Jaws 2 (1978),Horror|Thriller,1206
1389,Jaws 3-D (1983),Action|Horror,1207
1390,My Fellow Americans (1996),Comedy,1208
1391,Mars Attacks! (1996),Action|Comedy|Sci-Fi,1209
1392,Citizen Ruth (1996),Comedy|Drama,1210
1393,Jerry Maguire (1996),Drama|Romance,1211
1394,Raising Arizona (1987),Comedy,1212
1395,Tin Men (1987),Comedy|Drama,1213
1396,Sneakers (1992),Action|Comedy|Crime|Drama|Sci-Fi,1214
1397,Bastard Out of Carolina (1996),Drama,1215
1398,In Love and War (1996),Romance|War,1216
1399,Marvin's Room (1996),Drama,1217
1401,Ghosts of Mississippi (1996),Drama,1218
1404,Night Falls on Manhattan (1996),Crime|Drama,1219
1405,Beavis and Butt-Head Do America (1996),Adventure|Animation|Comedy|Crime,1220
1406,La Cérémonie (1995),Crime|Drama|Mystery|Thriller,1221
1407,Scream (1996),Comedy|Horror|Mystery|Thriller,1222
1408,"Last of the Mohicans, The (1992)",Action|Romance|War|Western,1223
1409,Michael (1996),Comedy|Drama|Fantasy|Romance,1224
1410,"Evening Star, The (1996)",Comedy|Drama,1225
1411,Hamlet (1996),Crime|Drama|Romance,1226
1412,Some Mother's Son (1996),Drama,1227
1413,"Whole Wide World, The (1996)",Drama,1228
1414,Mother (1996),Comedy,1229
1415,"Thieves (Voleurs, Les) (1996)",Crime|Drama|Romance,1230
1416,Evita (1996),Drama|Musical,1231
1417,"Portrait of a Lady, The (1996)",Drama,1232
1419,Walkabout (1971),Adventure|Drama,1233
1420,Message to Love: The Isle of Wight Festival (1996),Documentary,1234
1421,Grateful Dead (1995),Documentary,1235
1422,Murder at 1600 (1997),Crime|Drama|Mystery|Thriller,1236
1423,Hearts and Minds (1996),Drama,1237
1425,Fierce Creatures (1997),Comedy,1238
1426,Zeus and Roxanne (1997),Children,1239
1427,Turbulence (1997),Action|Thriller,1240
1428,Angel Baby (1995),Drama,1241
1429,First Strike (Police Story 4: First Strike) (Ging chaat goo si 4: Ji gaan daan yam mo) (1996),Action|Adventure|Comedy|Thriller,1242
1430,Underworld (1996),Comedy|Thriller,1243
1431,Beverly Hills Ninja (1997),Action|Comedy,1244
1432,Metro (1997),Action|Comedy|Crime|Drama|Thriller,1245
1434,"Stranger, The (1994)",Action,1246
1437,"Cement Garden, The (1993)",Drama,1247
1438,Dante's Peak (1997),Action|Thriller,1248
1439,Meet Wally Sparks (1997),Comedy,1249
1440,Amos & Andrew (1993),Comedy,1250
1441,Benny & Joon (1993),Comedy|Romance,1251
1442,Prefontaine (1997),Drama,1252
1444,Guantanamera (1994),Comedy,1253
1445,McHale's Navy (1997),Comedy|War,1254
1446,Kolya (Kolja) (1996),Comedy|Drama,1255
1447,Gridlock'd (1997),Crime,1256
1449,Waiting for Guffman (1996),Comedy,1257
1450,Prisoner of the Mountains (Kavkazsky plennik) (1996),War,1258
1453,"Beautician and the Beast, The (1997)",Comedy|Romance,1259
1454,SubUrbia (1997),Comedy|Drama,1260
1455,Hotel de Love (1996),Comedy|Romance,1261
1456,"Pest, The (1997)",Comedy,1262
1457,Fools Rush In (1997),Comedy|Drama|Romance,1263
1458,Touch (1997),Drama|Fantasy|Romance,1264
1459,Absolute Power (1997),Mystery|Thriller,1265
1460,That Darn Cat (1997),Children|Comedy|Mystery,1266
1461,Vegas Vacation (National Lampoon's Las Vegas Vacation) (1997),Comedy,1267
1463,That Old Feeling (1997),Comedy|Romance,1268
1464,Lost Highway (1997),Crime|Drama|Fantasy|Film-Noir|Mystery|Romance,1269
1465,Rosewood (1997),Action|Drama,1270
1466,Donnie Brasco (1997),Crime|Drama,1271
1468,Booty Call (1997),Comedy|Romance,1272
1470,Rhyme & Reason (1997),Documentary,1273
1471,Boys Life 2 (1997),Drama,1274
1472,City of Industry (1997),Crime|Thriller,1275
1473,Best Men (1997),Action|Comedy|Crime|Drama,1276
1474,Jungle2Jungle (a.k.a. Jungle 2 Jungle) (1997),Children|Comedy,1277
1475,Kama Sutra: A Tale of Love (1996),Romance,1278
1476,Private Parts (1997),Comedy|Drama,1279
1477,Love Jones (1997),Romance,1280
1479,"Saint, The (1997)",Action|Romance|Sci-Fi|Thriller,1281
1480,Smilla's Sense of Snow (1997),Drama|Thriller,1282
1482,"Van, The (1996)",Comedy|Drama,1283
1483,Crash (1996),Drama|Thriller,1284
1484,"Daytrippers, The (1996)",Comedy|Drama|Mystery|Romance,1285
1485,Liar Liar (1997),Comedy,1286
1486,"Quiet Room, The (1996)",Drama,1287
1487,Selena (1997),Drama|Musical,1288
1488,"Devil's Own, The (1997)",Action|Drama|Thriller,1289
1489,Cats Don't Dance (1997),Animation|Children|Musical,1290
1490,B*A*P*S (1997),Comedy,1291
1493,Love and Other Catastrophes (1996),Romance,1292
1495,Turbo: A Power Rangers Movie (1997),Action|Adventure|Children,1293
1496,Anna Karenina (1997),Drama|Romance,1294
1497,Double Team (1997),Action,1295
1498,Inventing the Abbotts (1997),Drama|Romance,1296
1499,Anaconda (1997),Action|Adventure|Thriller,1297
1500,Grosse Pointe Blank (1997),Comedy|Crime|Romance,1298
1501,Keys to Tulsa (1997),Crime,1299
1502,Kissed (1996),Drama|Romance,1300
1503,8 Heads in a Duffel Bag (1997),Comedy,1301
1504,Hollow Reed (1996),Drama,1302
1507,Paradise Road (1997),Drama|War,1303
1508,Traveller (1997),Drama,1304
1509,All Over Me (1997),Drama,1305
1511,"Chef in Love, A (Shekvarebuli kulinaris ataserti retsepti) (1997)",Comedy|Romance,1306
1513,Romy and Michele's High School Reunion (1997),Comedy,1307
1514,Temptress Moon (Feng Yue) (1996),Romance,1308
1515,Volcano (1997),Action|Drama|Thriller,1309
1516,Children of the Revolution (1996),Comedy,1310
1517,Austin Powers: International Man of Mystery (1997),Action|Adventure|Comedy,1311
1518,Breakdown (1997),Action|Thriller,1312
1519,Broken English (1996),Drama,1313
1520,Commandments (1997),Romance,1314
1523,"Truth or Consequences, N.M. (1997)",Action|Crime|Romance,1315
1525,Warriors of Virtue (1997),Action|Adventure|Children|Fantasy,1316
1526,Fathers' Day (1997),Comedy,1317
1527,"Fifth Element, The (1997)",Action|Adventure|Comedy|Sci-Fi,1318
1529,Nowhere (1997),Comedy|Drama,1319
1531,Losing Chase (1996),Drama,1320
1533,"Promise, The (La promesse) (1996)",Drama,1321
1534,"Bonheur, Le (1965)",Drama,1322
1535,Love! Valour! Compassion! (1997),Drama|Romance,1323
1537,Shall We Dance? (Shall We Dansu?) (1996),Comedy|Drama|Romance,1324
1538,"Second Jungle Book: Mowgli & Baloo, The (1997)",Adventure|Children,1325
1539,Twin Town (1997),Comedy|Crime,1326
1541,Addicted to Love (1997),Comedy|Romance,1327
1542,Brassed Off (1996),Comedy|Drama|Romance,1328
1543,"Designated Mourner, The (1997)",Drama,1329
1544,"Lost World: Jurassic Park, The (1997)",Action|Adventure|Sci-Fi|Thriller,1330
1545,Ponette (1996),Drama,1331
1546,Schizopolis (1996),Comedy,1332
1547,Shiloh (1997),Children|Drama,1333
1549,Rough Magic (1995),Drama|Romance,1334
1550,Trial and Error (1997),Comedy|Romance,1335
1551,Buddy (1997),Adventure|Children|Drama,1336
1552,Con Air (1997),Action|Adventure|Thriller,1337
1554,"Pillow Book, The (1996)",Drama|Romance,1338
1555,"To Have, or Not (En avoir (ou pas)) (1995)",Drama,1339
1556,Speed 2: Cruise Control (1997),Action|Romance|Thriller,1340
1562,Batman & Robin (1997),Action|Adventure|Fantasy|Thriller,1341
1563,Dream With the Fishes (1997),Drama,1342
1564,For Roseanna (Roseanna's Grave) (1997),Comedy|Drama|Romance,1343
1565,Head Above Water (1996),Comedy|Thriller,1344
1566,Hercules (1997),Adventure|Animation|Children|Comedy|Musical,1345
1569,My Best Friend's Wedding (1997),Comedy|Romance,1346
1570,Tetsuo II: Body Hammer (1992),Horror|Sci-Fi,1347
1571,When the Cat's Away (Chacun cherche son chat) (1996),Comedy|Romance,1348
1572,"Contempt (Mépris, Le) (1963)",Drama,1349
1573,Face/Off (1997),Action|Crime|Drama|Thriller,1350
1574,Fall (1997),Romance,1351
1575,Gabbeh (1996),Drama,1352
1580,Men in Black (a.k.a. MIB) (1997),Action|Comedy|Sci-Fi,1353
1581,Out to Sea (1997),Comedy,1354
1582,Wild America (1997),Adventure|Children,1355
1583,"Simple Wish, A (1997)",Children|Fantasy,1356
1584,Contact (1997),Drama|Sci-Fi,1357
1585,Love Serenade (1996),Comedy,1358
1586,G.I. Jane (1997),Action|Drama,1359
1587,Conan the Barbarian (1982),Action|Adventure|Fantasy,1360
1588,George of the Jungle (1997),Children|Comedy,1361
1589,Cop Land (1997),Action|Crime|Drama|Thriller,1362
1590,Event Horizon (1997),Horror|Sci-Fi|Thriller,1363
1591,Spawn (1997),Action|Adventure|Sci-Fi|Thriller,1364
1592,Air Bud (1997),Children|Comedy,1365
1593,Picture Perfect (1997),Comedy|Romance,1366
1594,In the Company of Men (1997),Comedy|Drama,1367
1595,Free Willy 3: The Rescue (1997),Adventure|Children|Drama,1368
1596,Career Girls (1997),Drama,1369
1597,Conspiracy Theory (1997),Drama|Mystery|Romance|Thriller,1370
1598,Desperate Measures (1998),Crime|Drama|Thriller,1371
1599,Steel (1997),Action,1372
1600,She's So Lovely (1997),Drama|Romance,1373
1601,Hoodlum (1997),Crime|Drama|Film-Noir,1374
1602,Leave It to Beaver (1997),Comedy,1375
1603,Mimic (1997),Horror|Sci-Fi|Thriller,1376
1604,Money Talks (1997),Action|Comedy,1377
1605,Excess Baggage (1997),Adventure|Romance,1378
1606,Kull the Conqueror (1997),Action|Adventure,1379
1608,Air Force One (1997),Action|Thriller,1380
1609,187 (One Eight Seven) (1997),Drama|Thriller,1381
1610,"Hunt for Red October, The (1990)",Action|Adventure|Thriller,1382
1611,My Own Private Idaho (1991),Drama|Romance,1383
1612,"Kiss Me, Guido (1997)",Comedy,1384
1613,Star Maps (1997),Drama,1385
1614,In & Out (1997),Comedy,1386
1615,"Edge, The (1997)",Adventure|Drama,1387
1616,"Peacemaker, The (1997)",Action|Thriller|War,1388
1617,L.A. Confidential (1997),Crime|Film-Noir|Mystery|Thriller,1389
1619,Seven Years in Tibet (1997),Adventure|Drama|War,1390
1620,Kiss the Girls (1997),Crime|Drama|Mystery|Thriller,1391
1621,Soul Food (1997),Drama,1392
1623,Wishmaster (1997),Horror,1393
1624,"Thousand Acres, A (1997)",Drama,1394
1625,"Game, The (1997)",Drama|Mystery|Thriller,1395
1626,Fire Down Below (1997),Action|Drama|Thriller,1396
1627,U Turn (1997),Crime|Drama|Mystery,1397
1629,"MatchMaker, The (1997)",Comedy|Romance,1398
1631,"Assignment, The (1997)",Action|Thriller,1399
1632,"Smile Like Yours, A (1997)",Comedy|Romance,1400
1633,Ulee's Gold (1997),Drama,1401
1635,"Ice Storm, The (1997)",Drama,1402
1639,Chasing Amy (1997),Comedy|Drama|Romance,1403
1640,How to Be a Player (1997),Comedy,1404
1641,"Full Monty, The (1997)",Comedy|Drama,1405
1642,Indian Summer (a.k.a. Alive & Kicking) (1996),Comedy|Drama,1406
1643,"Mrs. Brown (a.k.a. Her Majesty, Mrs. Brown) (1997)",Drama|Romance,1407
1644,I Know What You Did Last Summer (1997),Horror|Mystery|Thriller,1408
1645,The Devil's Advocate (1997),Drama|Mystery|Thriller,1409
1646,RocketMan (a.k.a. Rocket Man) (1997),Children|Comedy|Romance|Sci-Fi,1410
1647,Playing God (1997),Crime|Drama|Thriller,1411
1648,"House of Yes, The (1997)",Comedy|Drama,1412
1649,"Fast, Cheap & Out of Control (1997)",Documentary,1413
1650,Washington Square (1997),Drama,1414
1651,Telling Lies in America (1997),Drama,1415
1652,Year of the Horse (1997),Documentary,1416
1653,Gattaca (1997),Drama|Sci-Fi|Thriller,1417
1654,FairyTale: A True Story (1997),Children|Drama|Fantasy,1418
1655,Phantoms (1998),Drama|Horror|Thriller,1419
1656,Swept from the Sea (1997),Drama|Romance,1420
1657,Wonderland (1997),Comedy|Documentary,1421
1658,"Life Less Ordinary, A (1997)",Romance|Thriller,1422
1659,Hurricane Streets (1997),Drama,1423
1660,Eve's Bayou (1997),Drama,1424
1661,Switchback (1997),Crime|Mystery|Thriller,1425
1662,Gang Related (1997),Crime,1426
1663,Stripes (1981),Comedy|War,1427
1664,Nenette and Boni (Nénette et Boni) (1996),Drama,1428
1665,Bean (1997),Comedy,1429
1666,Hugo Pool (1997),Romance,1430
1667,Mad City (1997),Action|Drama,1431
1668,One Night Stand (1997),Drama,1432
1669,"Tango Lesson, The (1997)",Romance,1433
1670,Welcome to Sarajevo (1997),Drama|War,1434
1671,Deceiver (1997),Crime|Drama|Thriller,1435
1672,"Rainmaker, The (1997)",Drama,1436
1673,Boogie Nights (1997),Drama,1437
1674,Witness (1985),Drama|Romance|Thriller,1438
1675,Incognito (1997),Crime|Thriller,1439
1676,Starship Troopers (1997),Action|Sci-Fi,1440
1677,Critical Care (1997),Comedy|Drama,1441
1678,"Joy Luck Club, The (1993)",Drama|Romance,1442
1680,Sliding Doors (1998),Drama|Romance,1443
1681,Mortal Kombat: Annihilation (1997),Action|Adventure|Fantasy,1444
1682,"Truman Show, The (1998)",Comedy|Drama|Sci-Fi,1445
1683,"Wings of the Dove, The (1997)",Drama|Romance,1446
1684,Mrs. Dalloway (1997),Drama|Romance,1447
1685,"I Love You, I Love You Not (1996)",Drama|Romance,1448
1686,Red Corner (1997),Crime|Thriller,1449
1687,"Jackal, The (1997)",Action|Thriller,1450
1688,Anastasia (1997),Adventure|Animation|Children|Drama|Musical,1451
1689,"Man Who Knew Too Little, The (1997)",Comedy|Crime|Thriller,1452
1690,Alien: Resurrection (1997),Action|Horror|Sci-Fi,1453
1692,Alien Escape (1995),Horror|Sci-Fi,1454
1693,Amistad (1997),Drama|Mystery,1455
1694,"Apostle, The (1997)",Drama,1456
1695,Artemisia (1997),Drama,1457
1696,Bent (1997),Drama|War,1458
1699,"Butcher Boy, The (1997)",Comedy|Drama,1459
1701,Deconstructing Harry (1997),Comedy|Drama,1460
1702,Flubber (1997),Children|Comedy|Fantasy,1461
1703,For Richer or Poorer (1997),Comedy,1462
1704,Good Will Hunting (1997),Drama|Romance,1463
1707,Home Alone 3 (1997),Children|Comedy,1464
1711,Midnight in the Garden of Good and Evil (1997),Crime|Drama|Mystery,1465
1713,Mouse Hunt (1997),Children|Comedy,1466
1715,Office Killer (1997),Thriller,1467
1717,Scream 2 (1997),Comedy|Horror|Mystery|Thriller,1468
1719,"Sweet Hereafter, The (1997)",Drama,1469
1721,Titanic (1997),Drama|Romance,1470
1722,Tomorrow Never Dies (1997),Action|Adventure|Thriller,1471
1725,"Education of Little Tree, The (1997)",Drama,1472
1726,"Postman, The (1997)",Action|Adventure|Drama|Sci-Fi,1473
1727,"Horse Whisperer, The (1998)",Drama|Romance,1474
1728,"Winter Guest, The (1997)",Drama,1475
1729,Jackie Brown (1997),Crime|Drama|Thriller,1476
1730,Kundun (1997),Drama,1477
1731,Mr. Magoo (1997),Comedy,1478
1732,"Big Lebowski, The (1998)",Comedy|Crime,1479
1733,Afterglow (1997),Drama|Romance,1480
1734,My Life in Pink (Ma vie en rose) (1997),Comedy|Drama,1481
1735,Great Expectations (1998),Drama|Romance,1482
1739,3 Ninjas: High Noon On Mega Mountain (1998),Action|Children|Comedy,1483
1743,Arguing the World (1998),Documentary,1484
1744,Firestorm (1998),Action|Adventure|Thriller,1485
1746,Senseless (1998),Comedy,1486
1747,Wag the Dog (1997),Comedy,1487
1748,Dark City (1998),Adventure|Film-Noir|Sci-Fi|Thriller,1488
1749,The Leading Man (1996),Drama|Romance|Thriller,1489
1750,Star Kid (1997),Adventure|Children|Fantasy|Sci-Fi,1490
1752,Hard Rain (1998),Action|Crime|Thriller,1491
1753,Half Baked (1998),Comedy,1492
1754,Fallen (1998),Crime|Drama|Fantasy|Thriller,1493
1755,Shooting Fish (1997),Comedy|Romance,1494
1756,"Prophecy II, The (1998)",Horror,1495
1757,Fallen Angels (Duo luo tian shi) (1995),Drama|Romance,1496
1759,"Four Days in September (O Que É Isso, Companheiro?) (1997)",Drama,1497
1760,Spice World (1997),Comedy,1498
1762,Deep Rising (1998),Action|Horror|Sci-Fi,1499
1767,Music From Another Room (1998),Drama|Romance,1500
1768,Mother and Son (Mat i syn) (1997),Drama,1501
1769,"Replacement Killers, The (1998)",Action|Crime|Thriller,1502
1770,B. Monkey (1998),Crime|Romance|Thriller,1503
1771,Night Flier (1997),Horror,1504
1772,Blues Brothers 2000 (1998),Action|Comedy|Musical,1505
1773,Tokyo Fist (Tokyo ken) (1995),Action|Drama,1506
1777,"Wedding Singer, The (1998)",Comedy|Romance,1507
1779,Sphere (1998),Sci-Fi|Thriller,1508
1780,Ayn Rand: A Sense of Life (1997),Documentary,1509
1783,Palmetto (1998),Crime|Drama|Mystery|Romance|Thriller,1510
1784,As Good as It Gets (1997),Comedy|Drama|Romance,1511
1785,King of New York (1990),Crime|Thriller,1512
1788,Men with Guns (1997),Action|Drama,1513
1791,Twilight (1998),Crime|Drama|Thriller,1514
1792,U.S. Marshals (1998),Action|Crime|Thriller,1515
1793,Welcome to Woop-Woop (1997),Comedy,1516
1794,Love and Death on Long Island (1997),Comedy|Drama,1517
1795,"Callejón de los milagros, El (1995)",Drama,1518
1797,Everest (1998),Documentary|IMAX,1519
1798,Hush (1998),Thriller,1520
1799,Suicide Kings (1997),Comedy|Crime|Drama|Mystery|Thriller,1521
1801,"Man in the Iron Mask, The (1998)",Action|Adventure|Drama,1522
1804,"Newton Boys, The (1998)",Crime|Drama,1523
1805,Wild Things (1998),Crime|Drama|Mystery|Thriller,1524
1806,Paulie (1998),Adventure|Children|Comedy,1525
1807,"Cool, Dry Place, A (1998)",Drama,1526
1809,Fireworks (Hana-bi) (1997),Crime|Drama,1527
1810,Primary Colors (1998),Comedy|Drama,1528
1811,"Niagara, Niagara (1997)",Drama,1529
1812,Wide Awake (1998),Children|Comedy|Drama,1530
1814,"Price Above Rubies, A (1998)",Drama,1531
1816,Two Girls and a Guy (1997),Comedy|Drama,1532
1821,"Object of My Affection, The (1998)",Comedy|Romance,1533
1824,Homegrown (1998),Comedy|Thriller,1534
1825,The Players Club (1998),Comedy|Drama,1535
1827,"Big One, The (1997)",Comedy|Documentary,1536
1829,Chinese Box (1997),Drama|Romance,1537
1831,Lost in Space (1998),Action|Adventure|Sci-Fi,1538
1833,Mercury Rising (1998),Action|Drama|Thriller,1539
1834,"Spanish Prisoner, The (1997)",Crime|Drama|Mystery|Thriller,1540
1835,City of Angels (1998),Drama|Fantasy|Romance,1541
1836,"Last Days of Disco, The (1998)",Comedy|Drama,1542
1837,"Odd Couple II, The (1998)",Comedy,1543
1839,My Giant (1998),Comedy,1544
1840,He Got Game (1998),Drama,1545
1841,"Gingerbread Man, The (1998)",Drama|Thriller,1546
1844,Live Flesh (Carne trémula) (1997),Drama|Romance,1547
1845,Zero Effect (1998),Comedy|Mystery|Thriller,1548
1846,Nil By Mouth (1997),Drama,1549
1848,"Borrowers, The (1997)",Adventure|Children|Comedy|Fantasy,1550
1850,"I Love You, Don't Touch Me! (1998)",Drama|Romance,1551
1854,Kissing a Fool (1998),Comedy|Romance,1552
1855,Krippendorf's Tribe (1998),Comedy,1553
1856,Kurt & Courtney (1998),Documentary,1554
1857,"Real Blonde, The (1997)",Comedy,1555
1858,Mr. Nice Guy (Yat goh ho yan) (1997),Action|Comedy,1556
1859,Taste of Cherry (Ta'm e guilass) (1997),Drama,1557
1860,Character (Karakter) (1997),Drama,1558
1861,Junk Mail (Budbringeren) (1997),Comedy|Thriller,1559
1862,Species II (1998),Horror|Sci-Fi,1560
1863,Major League: Back to the Minors (1998),Comedy,1561
1865,Wild Man Blues (1997),Documentary,1562
1866,"Big Hit, The (1998)",Action|Comedy|Crime,1563
1869,Black Dog (1998),Action|Thriller,1564
1870,"Dancer, Texas Pop. 81 (1998)",Comedy|Drama,1565
1871,"Friend of the Deceased, A (Priyatel pokonika) (1997)",Comedy|Drama,1566
1872,Go Now (1995),Drama,1567
1873,"Misérables, Les (1998)",Crime|Drama|Romance|War,1568
1874,Still Breathing (1997),Comedy|Romance,1569
1875,Clockwatchers (1997),Comedy,1570
1876,Deep Impact (1998),Drama|Sci-Fi|Thriller,1571
1879,"Hanging Garden, The (1997)",Drama|Romance,1572
1880,Lawn Dogs (1997),Drama,1573
1881,Quest for Camelot (1998),Adventure|Animation|Children|Fantasy|Musical,1574
1882,Godzilla (1998),Action|Sci-Fi|Thriller,1575
1883,Bulworth (1998),Comedy|Drama|Romance,1576
1884,Fear and Loathing in Las Vegas (1998),Adventure|Comedy|Drama,1577
1885,"Opposite of Sex, The (1998)",Comedy|Drama|Romance,1578
1887,Almost Heroes (1998),Adventure|Comedy|Western,1579
1888,Hope Floats (1998),Comedy|Drama|Romance,1580
1889,Insomnia (1997),Drama|Mystery|Thriller,1581
1891,"Ugly, The (1997)",Horror|Thriller,1582
1892,"Perfect Murder, A (1998)",Thriller,1583
1893,Beyond Silence (Jenseits der Stille) (1996),Drama,1584
1894,Six Days Seven Nights (1998),Adventure|Comedy|Romance,1585
1895,Can't Hardly Wait (1998),Comedy|Drama|Romance,1586
1896,Cousin Bette (1998),Comedy,1587
1897,High Art (1998),Drama|Romance,1588
1898,"Land Girls, The (1998)",Drama|War,1589
1899,Passion in the Desert (1998),Adventure|Drama,1590
1900,"Children of Heaven, The (Bacheha-Ye Aseman) (1997)",Comedy|Drama,1591
1901,Dear Jesse (1997),Documentary,1592
1902,Dream for an Insomniac (1996),Drama|Romance,1593
1904,Henry Fool (1997),Comedy|Drama,1594
1906,Mr. Jealousy (1997),Comedy|Romance,1595
1907,Mulan (1998),Adventure|Animation|Children|Comedy|Drama|Musical|Romance,1596
1909,"X-Files: Fight the Future, The (1998)",Action|Crime|Mystery|Sci-Fi|Thriller,1597
1910,I Went Down (1997),Comedy|Crime|Drama,1598
1911,Dr. Dolittle (1998),Comedy,1599
1912,Out of Sight (1998),Comedy|Crime|Drama|Romance|Thriller,1600
1913,Picnic at Hanging Rock (1975),Drama|Mystery,1601
1914,Smoke Signals (1998),Comedy|Drama,1602
1916,Buffalo '66 (a.k.a. Buffalo 66) (1998),Drama|Romance,1603
1917,Armageddon (1998),Action|Romance|Sci-Fi|Thriller,1604
1918,Lethal Weapon 4 (1998),Action|Comedy|Crime|Thriller,1605
1919,Madeline (1998),Children|Comedy,1606
1920,Small Soldiers (1998),Animation|Children|Fantasy|War,1607
1921,Pi (1998),Drama|Sci-Fi|Thriller,1608
1922,Whatever (1998),Drama,1609
1923,There's Something About Mary (1998),Comedy|Romance,1610
1924,Plan 9 from Outer Space (1959),Horror|Sci-Fi,1611
1925,Wings (1927),Action|Drama|Romance|War,1612
1926,"Broadway Melody, The (1929)",Musical,1613
1927,All Quiet on the Western Front (1930),Action|Drama|War,1614
1928,Cimarron (1931),Drama|Western,1615
1929,Grand Hotel (1932),Drama|Romance,1616
1931,Mutiny on the Bounty (1935),Adventure|Drama,1617
1932,"Great Ziegfeld, The (1936)",Drama|Musical,1618
1933,"Life of Emile Zola, The (1937)",Drama,1619
1934,You Can't Take It with You (1938),Comedy|Romance,1620
1935,How Green Was My Valley (1941),Drama|Musical|Romance,1621
1936,Mrs. Miniver (1942),Drama|War,1622
1937,Going My Way (1944),Comedy|Drama|Musical,1623
1938,"Lost Weekend, The (1945)",Drama,1624
1939,"Best Years of Our Lives, The (1946)",Drama|War,1625
1940,Gentleman's Agreement (1947),Drama,1626
1941,Hamlet (1948),Drama,1627
1942,All the King's Men (1949),Drama,1628
1943,"Greatest Show on Earth, The (1952)",Drama,1629
1944,From Here to Eternity (1953),Drama|Romance|War,1630
1945,On the Waterfront (1954),Crime|Drama,1631
1946,Marty (1955),Drama|Romance,1632
1947,West Side Story (1961),Drama|Musical|Romance,1633
1948,Tom Jones (1963),Adventure|Comedy|Romance,1634
1949,"Man for All Seasons, A (1966)",Drama,1635
1950,In the Heat of the Night (1967),Drama|Mystery,1636
1951,Oliver! (1968),Drama|Musical,1637
1952,Midnight Cowboy (1969),Drama,1638
1953,"French Connection, The (1971)",Action|Crime|Thriller,1639
1954,Rocky (1976),Drama,1640
1955,Kramer vs. Kramer (1979),Drama,1641
1956,Ordinary People (1980),Drama,1642
1957,Chariots of Fire (1981),Drama,1643
1958,Terms of Endearment (1983),Comedy|Drama,1644
1959,Out of Africa (1985),Drama|Romance,1645
1960,"Last Emperor, The (1987)",Drama,1646
1961,Rain Man (1988),Drama,1647
1962,Driving Miss Daisy (1989),Drama,1648
1963,Take the Money and Run (1969),Comedy|Crime,1649
1964,Klute (1971),Drama|Mystery,1650
1965,Repo Man (1984),Comedy|Sci-Fi,1651
1966,Metropolitan (1990),Comedy,1652
1967,Labyrinth (1986),Adventure|Fantasy|Musical,1653
1968,"Breakfast Club, The (1985)",Comedy|Drama,1654
1969,"Nightmare on Elm Street 2: Freddy's Revenge, A (1985)",Horror,1655
1970,"Nightmare on Elm Street 3: Dream Warriors, A (1987)",Horror|Thriller,1656
1971,"Nightmare on Elm Street 4: The Dream Master, A (1988)",Horror|Thriller,1657
1972,"Nightmare on Elm Street 5: The Dream Child, A (1989)",Horror,1658
1973,"Freddy's Dead: The Final Nightmare (Nightmare on Elm Street Part 6: Freddy's Dead, A) (1991)",Horror,1659
1974,Friday the 13th (1980),Horror|Mystery|Thriller,1660
1975,Friday the 13th Part 2 (1981),Horror,1661
1976,Friday the 13th Part 3: 3D (1982),Horror,1662
1977,Friday the 13th Part IV: The Final Chapter (1984),Horror,1663
1978,Friday the 13th Part V: A New Beginning (1985),Horror,1664
1979,Friday the 13th Part VI: Jason Lives (1986),Horror,1665
1980,Friday the 13th Part VII: The New Blood (1988),Horror,1666
1981,Friday the 13th Part VIII: Jason Takes Manhattan (1989),Horror,1667
1982,Halloween (1978),Horror,1668
1983,Halloween II (1981),Horror,1669
1984,Halloween III: Season of the Witch (1982),Horror,1670
1985,Halloween 4: The Return of Michael Myers (1988),Horror,1671
1986,Halloween 5: The Revenge of Michael Myers (1989),Horror,1672
1987,Prom Night (1980),Horror,1673
1988,Prom Night II (1987),Horror|Thriller,1674
1991,Child's Play (1988),Horror|Thriller,1675
1992,Child's Play 2 (1990),Horror|Thriller,1676
1993,Child's Play 3 (1991),Comedy|Horror|Thriller,1677
1994,Poltergeist (1982),Horror|Thriller,1678
1995,Poltergeist II: The Other Side (1986),Horror|Thriller,1679
1996,Poltergeist III (1988),Horror|Thriller,1680
1997,"Exorcist, The (1973)",Horror|Mystery,1681
1998,Exorcist II: The Heretic (1977),Horror,1682
1999,"Exorcist III, The (1990)",Horror,1683
2000,Lethal Weapon (1987),Action|Comedy|Crime|Drama,1684
2001,Lethal Weapon 2 (1989),Action|Comedy|Crime|Drama,1685
2002,Lethal Weapon 3 (1992),Action|Comedy|Crime|Drama,1686
2003,Gremlins (1984),Comedy|Horror,1687
2004,Gremlins 2: The New Batch (1990),Comedy|Horror,1688
2005,"Goonies, The (1985)",Action|Adventure|Children|Comedy|Fantasy,1689
2006,"Mask of Zorro, The (1998)",Action|Comedy|Romance,1690
2007,Polish Wedding (1998),Comedy,1691
2009,Soylent Green (1973),Drama|Mystery|Sci-Fi|Thriller,1692
2010,Metropolis (1927),Drama|Sci-Fi,1693
2011,Back to the Future Part II (1989),Adventure|Comedy|Sci-Fi,1694
2012,Back to the Future Part III (1990),Adventure|Comedy|Sci-Fi|Western,1695
2013,"Poseidon Adventure, The (1972)",Action|Adventure|Drama,1696
2014,Freaky Friday (1977),Children|Comedy|Fantasy,1697
2015,"Absent-Minded Professor, The (1961)",Children|Comedy|Fantasy,1698
2016,"Apple Dumpling Gang Rides Again, The (1979)",Children|Comedy|Western,1699
2017,Babes in Toyland (1961),Children|Fantasy|Musical,1700
2018,Bambi (1942),Animation|Children|Drama,1701
2019,Seven Samurai (Shichinin no samurai) (1954),Action|Adventure|Drama,1702
2020,Dangerous Liaisons (1988),Drama|Romance,1703
2021,Dune (1984),Adventure|Sci-Fi,1704
2022,"Last Temptation of Christ, The (1988)",Drama,1705
2023,"Godfather: Part III, The (1990)",Crime|Drama|Mystery|Thriller,1706
2024,"Rapture, The (1991)",Drama|Mystery,1707
2025,Lolita (1997),Drama|Romance,1708
2026,Disturbing Behavior (1998),Horror|Thriller,1709
2027,Jane Austen's Mafia! (1998),Comedy|Crime,1710
2028,Saving Private Ryan (1998),Action|Drama|War,1711
2029,Billy's Hollywood Screen Kiss (1997),Comedy|Romance,1712
2031,"Million Dollar Duck, The (a.k.a. $1,000,000 Duck) (1971)",Children|Comedy,1713
2032,"Barefoot Executive, The (1971)",Children|Comedy,1714
2033,"Black Cauldron, The (1985)",Adventure|Animation|Children|Fantasy,1715
2034,"Black Hole, The (1979)",Children|Sci-Fi,1716
2035,Blackbeard's Ghost (1968),Children|Comedy,1717
2036,Blank Check (1994),Children|Comedy,1718
2037,Candleshoe (1977),Adventure|Children|Comedy,1719
2038,"Cat from Outer Space, The (1978)",Children|Comedy|Sci-Fi,1720
2040,"Computer Wore Tennis Shoes, The (1969)",Children|Comedy,1721
2041,Condorman (1981),Action|Adventure|Children|Comedy,1722
2042,D2: The Mighty Ducks (1994),Children|Comedy,1723
2043,Darby O'Gill and the Little People (1959),Adventure|Children|Fantasy,1724
2044,"Devil and Max Devlin, The (1981)",Comedy|Fantasy,1725
2045,"Far Off Place, A (1993)",Adventure|Children|Drama|Romance,1726
2046,Flight of the Navigator (1986),Adventure|Children|Sci-Fi,1727
2047,"Gnome-Mobile, The (1967)",Adventure|Children|Fantasy|Musical,1728
2048,"Great Mouse Detective, The (1986)",Action|Animation|Children|Crime,1729
2049,"Happiest Millionaire, The (1967)",Comedy|Musical,1730
2050,Herbie Goes Bananas (1980),Adventure|Children|Comedy,1731
2051,Herbie Goes to Monte Carlo (1977),Adventure|Children|Comedy,1732
2052,Hocus Pocus (1993),Children|Comedy|Fantasy|Horror,1733
2053,"Honey, I Blew Up the Kid (1992)",Children|Comedy|Sci-Fi,1734
2054,"Honey, I Shrunk the Kids (1989)",Adventure|Children|Comedy|Fantasy|Sci-Fi,1735
2055,Hot Lead and Cold Feet (1978),Action|Comedy|Western,1736
2056,In Search of the Castaways (1962),Adventure|Children,1737
2057,"Incredible Journey, The (1963)",Adventure|Children,1738
2058,"Negotiator, The (1998)",Action|Crime|Drama|Mystery|Thriller,1739
2059,"Parent Trap, The (1998)",Children|Comedy|Romance,1740
2060,BASEketball (1998),Comedy,1741
2061,Full Tilt Boogie (1997),Documentary,1742
2062,"Governess, The (1998)",Drama|Romance,1743
2064,Roger & Me (1989),Documentary,1744
2065,"Purple Rose of Cairo, The (1985)",Comedy|Drama|Fantasy|Romance,1745
2066,Out of the Past (1947),Film-Noir,1746
2067,Doctor Zhivago (1965),Drama|Romance|War,1747
2068,Fanny and Alexander (Fanny och Alexander) (1982),Drama|Fantasy|Mystery,1748
2069,"Trip to Bountiful, The (1985)",Drama,1749
2070,Tender Mercies (1983),Drama|Romance|Western,1750
2071,And the Band Played On (1993),Drama,1751
2072,"'burbs, The (1989)",Comedy,1752
2073,Fandango (1985),Comedy,1753
2074,"Night Porter, The (Portiere di notte, Il) (1974)",Crime|Drama|Romance,1754
2075,Mephisto (1981),Drama|War,1755
2076,Blue Velvet (1986),Drama|Mystery|Thriller,1756
2077,"Journey of Natty Gann, The (1985)",Adventure|Children,1757
2078,"Jungle Book, The (1967)",Animation|Children|Comedy|Musical,1758
2079,Kidnapped (1960),Adventure|Children|Drama,1759
2080,Lady and the Tramp (1955),Animation|Children|Comedy|Romance,1760
2081,"Little Mermaid, The (1989)",Animation|Children|Comedy|Musical|Romance,1761
2082,"Mighty Ducks, The (1992)",Children|Comedy,1762
2083,"Muppet Christmas Carol, The (1992)",Children|Comedy|Musical,1763
2084,Newsies (1992),Children|Musical,1764
2085,101 Dalmatians (One Hundred and One Dalmatians) (1961),Adventure|Animation|Children,1765
2086,One Magic Christmas (1985),Drama|Fantasy,1766
2087,Peter Pan (1953),Animation|Children|Fantasy|Musical,1767
2088,Popeye (1980),Adventure|Comedy|Musical,1768
2089,"Rescuers Down Under, The (1990)",Adventure|Animation|Children,1769
2090,"Rescuers, The (1977)",Adventure|Animation|Children|Crime|Drama,1770
2091,Return from Witch Mountain (1978),Children|Sci-Fi,1771
2093,Return to Oz (1985),Adventure|Children|Fantasy,1772
2094,"Rocketeer, The (1991)",Action|Adventure|Sci-Fi,1773
2095,"Shaggy D.A., The (1976)",Children|Comedy,1774
2096,Sleeping Beauty (1959),Animation|Children|Musical,1775
2097,Something Wicked This Way Comes (1983),Children|Drama|Fantasy|Mystery|Thriller,1776
2098,Son of Flubber (1963),Children|Comedy,1777
2099,Song of the South (1946),Adventure|Animation|Children|Musical,1778
2100,Splash (1984),Comedy|Fantasy|Romance,1779
2101,Squanto: A Warrior's Tale (1994),Adventure|Drama,1780
2102,Steamboat Willie (1928),Animation|Children|Comedy|Musical,1781
2103,Tall Tale (1995),Adventure|Children|Fantasy|Western,1782
2104,Tex (1982),Drama,1783
2105,Tron (1982),Action|Adventure|Sci-Fi,1784
2106,Swing Kids (1993),Drama|War,1785
2107,Halloween H20: 20 Years Later (Halloween 7: The Revenge of Laurie Strode) (1998),Horror|Thriller,1786
2108,L.A. Story (1991),Comedy|Romance,1787
2109,"Jerk, The (1979)",Comedy,1788
2110,Dead Men Don't Wear Plaid (1982),Comedy|Crime|Thriller,1789
2111,"Man with Two Brains, The (1983)",Comedy,1790
2112,Grand Canyon (1991),Crime|Drama,1791
2113,Graveyard Shift (Stephen King's Graveyard Shift) (1990),Horror|Thriller,1792
2114,"Outsiders, The (1983)",Drama,1793
2115,Indiana Jones and the Temple of Doom (1984),Action|Adventure|Fantasy,1794
2116,"Lord of the Rings, The (1978)",Adventure|Animation|Children|Fantasy,1795
2117,1984 (Nineteen Eighty-Four) (1984),Drama|Sci-Fi,1796
2118,"Dead Zone, The (1983)",Thriller,1797
2119,Maximum Overdrive (1986),Horror,1798
2120,Needful Things (1993),Drama|Horror,1799
2121,Cujo (1983),Horror|Thriller,1800
2122,Children of the Corn (1984),Horror|Thriller,1801
2123,All Dogs Go to Heaven (1989),Animation|Children|Comedy|Drama|Fantasy,1802
2124,"Addams Family, The (1991)",Children|Comedy|Fantasy,1803
2125,Ever After: A Cinderella Story (1998),Comedy|Drama|Romance,1804
2126,Snake Eyes (1998),Action|Crime|Mystery|Thriller,1805
2128,Safe Men (1998),Comedy,1806
2129,"Saltmen of Tibet, The (Salzmänner von Tibet, Die) (1997)",Documentary,1807
2130,Atlantic City (1980),Crime|Drama|Romance,1808
2131,Autumn Sonata (Höstsonaten) (1978),Drama,1809
2132,Who's Afraid of Virginia Woolf? (1966),Drama,1810
2133,Adventures in Babysitting (1987),Adventure|Comedy,1811
2134,Weird Science (1985),Comedy|Fantasy|Sci-Fi,1812
2135,Doctor Dolittle (1967),Adventure|Children|Musical,1813
2136,"Nutty Professor, The (1963)",Comedy|Sci-Fi,1814
2137,Charlotte's Web (1973),Animation|Children,1815
2138,Watership Down (1978),Adventure|Animation|Children|Drama|Fantasy,1816
2139,"Secret of NIMH, The (1982)",Adventure|Animation|Children|Drama,1817
2140,"Dark Crystal, The (1982)",Adventure|Fantasy,1818
2141,"American Tail, An (1986)",Adventure|Animation|Children|Comedy,1819
2142,"American Tail: Fievel Goes West, An (1991)",Adventure|Animation|Children|Musical|Western,1820
2143,Legend (1985),Adventure|Fantasy|Romance,1821
2144,Sixteen Candles (1984),Comedy|Romance,1822
2145,Pretty in Pink (1986),Comedy|Drama|Romance,1823
2146,St. Elmo's Fire (1985),Drama|Romance,1824
2147,"Clan of the Cave Bear, The (1986)",Adventure|Drama|Fantasy,1825
2148,House (1986),Comedy|Fantasy|Horror,1826
2149,House II: The Second Story (1987),Comedy|Fantasy|Horror,1827
2150,"Gods Must Be Crazy, The (1980)",Adventure|Comedy,1828
2151,"Gods Must Be Crazy II, The (1989)",Comedy,1829
2152,Air Bud: Golden Receiver (1998),Children|Comedy,1830
2153,"Avengers, The (1998)",Action|Adventure,1831
2154,How Stella Got Her Groove Back (1998),Drama|Romance,1832
2155,"Slums of Beverly Hills, The (1998)",Comedy|Drama,1833
2156,"Best Man, The (Testimone dello sposo, Il) (1998)",Comedy|Drama|Romance,1834
2157,"Chambermaid on the Titanic, The (Femme de chambre du Titanic, La) (1998)",Romance,1835
2158,"Henry: Portrait of a Serial Killer, Part 2 (1998)",Crime|Horror,1836
2159,Henry: Portrait of a Serial Killer (1986),Crime|Horror|Thriller,1837
2160,Rosemary's Baby (1968),Drama|Horror|Thriller,1838
2161,"NeverEnding Story, The (1984)",Adventure|Children|Fantasy,1839
2162,"NeverEnding Story II: The Next Chapter, The (1990)",Adventure|Children|Fantasy,1840
2163,Attack of the Killer Tomatoes! (1978),Comedy|Horror,1841
2164,Surf Nazis Must Die (1987),Action|Comedy|Drama|Horror,1842
2165,Your Friends and Neighbors (1998),Comedy|Drama,1843
2166,Return to Paradise (1998),Crime|Drama|Romance|Thriller,1844
2167,Blade (1998),Action|Horror|Thriller,1845
2168,Dance with Me (1998),Drama|Romance,1846
2169,Dead Man on Campus (1998),Comedy,1847
2170,Wrongfully Accused (1998),Action|Comedy,1848
2171,Next Stop Wonderland (1998),Comedy|Drama|Romance,1849
2172,"Strike! (a.k.a. All I Wanna Do, The Hairy Bird) (1998)",Comedy|Drama,1850
2173,"Navigator: A Mediaeval Odyssey, The (1988)",Adventure|Fantasy|Sci-Fi,1851
2174,Beetlejuice (1988),Comedy|Fantasy,1852
2175,Déjà Vu (1997),Drama|Romance,1853
2176,Rope (1948),Crime|Drama|Thriller,1854
2177,Family Plot (1976),Comedy|Thriller,1855
2178,Frenzy (1972),Thriller,1856
2179,Topaz (1969),Thriller,1857
2180,Torn Curtain (1966),Thriller,1858
2181,Marnie (1964),Drama|Mystery|Romance|Thriller,1859
2182,"Wrong Man, The (1956)",Drama|Film-Noir|Thriller,1860
2183,"Man Who Knew Too Much, The (1956)",Adventure|Drama|Mystery|Thriller,1861
2184,"Trouble with Harry, The (1955)",Comedy|Mystery,1862
2185,I Confess (1953),Thriller,1863
2186,Strangers on a Train (1951),Crime|Drama|Film-Noir|Thriller,1864
2187,Stage Fright (1950),Mystery|Romance|Thriller,1865
2188,54 (1998),Drama,1866
2189,I Married A Strange Person! (1997),Animation|Comedy|Fantasy|Sci-Fi,1867
2190,Why Do Fools Fall In Love? (1998),Drama,1868
2191,"Merry War, A (1997)",Comedy,1869
2193,Willow (1988),Action|Adventure|Fantasy,1870
2194,"Untouchables, The (1987)",Action|Crime|Drama,1871
2195,Dirty Work (1998),Comedy,1872
2196,Knock Off (1998),Action,1873
2197,Firelight (1997),Drama,1874
2198,Modulations (1998),Documentary,1875
2199,Phoenix (1998),Crime|Drama,1876
2201,"Paradine Case, The (1947)",Drama,1877
2202,Lifeboat (1944),Drama|War,1878
2203,Shadow of a Doubt (1943),Crime|Drama|Thriller,1879
2204,Saboteur (1942),Mystery|Thriller,1880
2205,Mr. & Mrs. Smith (1941),Comedy|Romance,1881
2206,Suspicion (1941),Film-Noir|Mystery|Thriller,1882
2207,Jamaica Inn (1939),Drama,1883
2208,"Lady Vanishes, The (1938)",Drama|Mystery|Thriller,1884
2209,Young and Innocent (1937),Crime|Thriller,1885
2210,Sabotage (1936),Thriller,1886
2211,Secret Agent (1936),Thriller,1887
2212,"Man Who Knew Too Much, The (1934)",Drama|Thriller,1888
2215,Rich and Strange (1931),Comedy|Romance,1889
2219,Murder! (1930),Mystery|Thriller,1890
2221,Blackmail (1929),Drama|Thriller,1891
2226,"Ring, The (1927)",Drama,1892
2227,"Lodger: A Story of the London Fog, The (1927)",Crime|Drama|Thriller,1893
2231,Rounders (1998),Drama,1894
2232,Cube (1997),Horror|Mystery|Sci-Fi|Thriller,1895
2236,Simon Birch (1998),Drama,1896
2237,Without Limits (1998),Drama,1897
2238,Seven Beauties (Pasqualino Settebellezze) (1976),Comedy|Drama,1898
2239,Swept Away (Travolti da un insolito destino nell'azzurro mare d'Agosto) (1975),Comedy|Drama,1899
2240,My Bodyguard (1980),Drama,1900
2241,Class (1983),Comedy,1901
2243,Broadcast News (1987),Comedy|Drama|Romance,1902
2245,Working Girl (1988),Comedy|Drama|Romance,1903
2247,Married to the Mob (1988),Comedy,1904
2248,Say Anything... (1989),Comedy|Drama|Romance,1905
2249,My Blue Heaven (1990),Comedy,1906
2250,Men Don't Leave (1990),Drama,1907
2252,Hero (1992),Comedy|Drama,1908
2253,Toys (1992),Comedy|Fantasy,1909
2255,Young Doctors in Love (1982),Comedy,1910
2257,No Small Affair (1984),Comedy|Romance,1911
2259,Blame It on Rio (1984),Comedy|Romance,1912
2260,Wisdom (1986),Crime|Drama,1913
2261,One Crazy Summer (1986),Comedy,1914
2262,About Last Night... (1986),Comedy|Drama|Romance,1915
2263,"Seventh Sign, The (1988)",Drama|Fantasy|Thriller,1916
2264,We're No Angels (1989),Comedy|Crime,1917
2265,Nothing But Trouble (1991),Adventure|Comedy,1918
2266,"Butcher's Wife, The (1991)",Comedy|Romance,1919
2267,Mortal Thoughts (1991),Mystery|Thriller,1920
2268,"Few Good Men, A (1992)",Crime|Drama|Thriller,1921
2269,Indecent Proposal (1993),Drama|Romance,1922
2271,Permanent Midnight (1998),Drama,1923
2272,One True Thing (1998),Drama,1924
2273,Rush Hour (1998),Action|Comedy|Crime|Thriller,1925
2275,Six-String Samurai (1998),Action|Adventure|Sci-Fi,1926
2276,"Soldier's Daughter Never Cries, A (1998)",Drama,1927
2278,Ronin (1998),Action|Crime|Thriller,1928
2279,Urban Legend (1998),Horror|Thriller,1929
2280,Clay Pigeons (1998),Crime,1930
2281,Monument Ave. (1998),Action|Crime|Drama,1931
2282,Pecker (1998),Comedy|Drama,1932
2283,"Sheltering Sky, The (1990)",Drama,1933
2284,Bandit Queen (1994),Drama,1934
2285,If.... (1968),Drama,1935
2286,"Fiendish Plot of Dr. Fu Manchu, The (1980)",Comedy,1936
2287,Them! (1954),Horror|Sci-Fi|Thriller,1937
2288,"Thing, The (1982)",Action|Horror|Sci-Fi|Thriller,1938
2289,"Player, The (1992)",Comedy|Crime|Drama,1939
2290,Stardust Memories (1980),Comedy|Drama,1940
2291,Edward Scissorhands (1990),Drama|Fantasy|Romance,1941
2292,Overnight Delivery (1998),Comedy|Romance,1942
2293,Shadrach (1998),Drama,1943
2294,Antz (1998),Adventure|Animation|Children|Comedy|Fantasy,1944
2295,"Impostors, The (1998)",Comedy,1945
2296,"Night at the Roxbury, A (1998)",Comedy,1946
2297,What Dreams May Come (1998),Adventure|Drama|Fantasy|Romance,1947
2300,"Producers, The (1968)",Comedy,1948
2301,History of the World: Part I (1981),Comedy|Musical,1949
2302,My Cousin Vinny (1992),Comedy,1950
2303,Nashville (1975),Drama|Musical,1951
2304,Love Is the Devil (1998),Drama,1952
2305,Slam (1998),Drama,1953
2306,Holy Man (1998),Comedy,1954
2307,One Tough Cop (1998),Action|Crime,1955
2309,"Inheritors, The (Siebtelbauern, Die) (1998)",Drama|Mystery,1956
2310,"Mighty, The (1998)",Drama,1957
2311,2010: The Year We Make Contact (1984),Sci-Fi,1958
2312,Children of a Lesser God (1986),Drama,1959
2313,"Elephant Man, The (1980)",Drama,1960
2314,Beloved (1998),Drama,1961
2315,Bride of Chucky (Child's Play 4) (1998),Comedy|Horror|Thriller,1962
2316,Practical Magic (1998),Drama|Fantasy|Mystery|Romance,1963
2318,Happiness (1998),Comedy|Drama,1964
2320,Apt Pupil (1998),Drama|Thriller,1965
2321,Pleasantville (1998),Comedy|Drama|Fantasy,1966
2322,Soldier (1998),Action|Sci-Fi|War,1967
2323,"Cruise, The (1998)",Documentary,1968
2324,Life Is Beautiful (La Vita è bella) (1997),Comedy|Drama|Romance|War,1969
2325,Orgazmo (1997),Comedy,1970
2327,Tales from the Darkside: The Movie (1990),Fantasy|Horror|Thriller,1971
2328,Vampires (1998),Horror|Western,1972
2329,American History X (1998),Crime|Drama,1973
2330,Hands on a Hard Body (1996),Comedy|Documentary,1974
2331,Living Out Loud (1998),Comedy|Drama|Romance,1975
2332,Belly (1998),Crime|Drama,1976
2333,Gods and Monsters (1998),Drama,1977
2334,"Siege, The (1998)",Action|Thriller,1978
2335,"Waterboy, The (1998)",Comedy,1979
2336,Elizabeth (1998),Drama,1980
2337,Velvet Goldmine (1998),Drama,1981
2338,I Still Know What You Did Last Summer (1998),Horror|Mystery|Thriller,1982
2339,I'll Be Home For Christmas (1998),Comedy|Romance,1983
2340,Meet Joe Black (1998),Romance,1984
2341,Dancing at Lughnasa (1998),Drama,1985
2342,Hard Core Logo (1996),Comedy|Drama,1986
2344,Runaway Train (1985),Action|Adventure|Drama|Thriller,1987
2345,Desert Bloom (1986),Drama,1988
2346,"Stepford Wives, The (1975)",Mystery|Sci-Fi|Thriller,1989
2347,"Pope of Greenwich Village, The (1984)",Drama,1990
2348,Sid and Nancy (1986),Drama,1991
2349,Mona Lisa (1986),Comedy|Thriller,1992
2350,Heart Condition (1990),Comedy,1993
2351,"Nights of Cabiria (Notti di Cabiria, Le) (1957)",Drama,1994
2352,"Big Chill, The (1983)",Comedy|Drama,1995
2353,Enemy of the State (1998),Action|Thriller,1996
2354,"Rugrats Movie, The (1998)",Animation|Children|Comedy,1997
2355,"Bug's Life, A (1998)",Adventure|Animation|Children|Comedy,1998
2356,Celebrity (1998),Comedy,1999
2357,Central Station (Central do Brasil) (1998),Drama,2000
2358,Savior (1998),Drama|War,2001
2359,Waking Ned Devine (a.k.a. Waking Ned) (1998),Comedy,2002
2360,"Celebration, The (Festen) (1998)",Drama,2003
2361,Pink Flamingos (1972),Comedy,2004
2362,Glen or Glenda (1953),Drama,2005
2363,Godzilla (Gojira) (1954),Drama|Horror|Sci-Fi,2006
2364,"Godzilla 1985: The Legend Is Reborn (Gojira) (Godzilla) (Return of Godzilla, The) (1984)",Action|Horror|Sci-Fi|Thriller,2007
2365,King Kong vs. Godzilla (Kingukongu tai Gojira) (1962),Action|Sci-Fi,2008
2366,King Kong (1933),Action|Adventure|Fantasy|Horror,2009
2367,King Kong (1976),Adventure|Fantasy|Romance|Sci-Fi|Thriller,2010
2368,King Kong Lives (1986),Adventure|Sci-Fi,2011
2369,Desperately Seeking Susan (1985),Comedy|Drama|Romance,2012
2370,"Emerald Forest, The (1985)",Action|Adventure|Drama,2013
2371,Fletch (1985),Comedy|Crime|Mystery,2014
2372,Fletch Lives (1989),Comedy,2015
2373,Red Sonja (1985),Action|Adventure|Fantasy,2016
2374,Gung Ho (1986),Comedy|Drama,2017
2375,"Money Pit, The (1986)",Comedy,2018
2376,"View to a Kill, A (1985)",Action|Adventure|Thriller,2019
2377,Lifeforce (1985),Horror|Sci-Fi,2020
2378,Police Academy (1984),Comedy|Crime,2021
2379,Police Academy 2: Their First Assignment (1985),Comedy|Crime,2022
2380,Police Academy 3: Back in Training (1986),Comedy|Crime,2023
2381,Police Academy 4: Citizens on Patrol (1987),Comedy|Crime,2024
2382,Police Academy 5: Assignment: Miami Beach (1988),Comedy|Crime,2025
2383,Police Academy 6: City Under Siege (1989),Comedy|Crime,2026
2384,Babe: Pig in the City (1998),Adventure|Children|Drama,2027
2385,Home Fries (1998),Comedy|Romance,2028
2386,Jerry Springer: Ringmaster (1998),Comedy|Drama,2029
2387,Very Bad Things (1998),Comedy|Crime,2030
2388,Steam: The Turkish Bath (Hamam) (1997),Drama|Romance,2031
2389,Psycho (1998),Crime|Horror|Thriller,2032
2390,Little Voice (1998),Comedy,2033
2391,"Simple Plan, A (1998)",Crime|Drama|Thriller,2034
2392,Jack Frost (1998),Children|Comedy|Drama,2035
2393,Star Trek: Insurrection (1998),Action|Drama|Romance|Sci-Fi,2036
2394,"Prince of Egypt, The (1998)",Animation|Musical,2037
2395,Rushmore (1998),Comedy|Drama,2038
2396,Shakespeare in Love (1998),Comedy|Drama|Romance,2039
2397,Mass Appeal (1984),Drama,2040
2398,Miracle on 34th Street (1947),Comedy|Drama,2041
2399,Santa Claus: The Movie (1985),Adventure|Children|Fantasy,2042
2400,Prancer (1989),Children|Drama|Fantasy,2043
2401,Pale Rider (1985),Western,2044
2402,Rambo: First Blood Part II (1985),Action|Adventure|Thriller,2045
2403,First Blood (Rambo: First Blood) (1982),Action|Adventure|Drama|Thriller,2046
2404,Rambo III (1988),Action|Adventure|Thriller|War,2047
2405,"Jewel of the Nile, The (1985)",Action|Adventure|Comedy|Romance,2048
2406,Romancing the Stone (1984),Action|Adventure|Comedy|Romance,2049
2407,Cocoon (1985),Comedy|Sci-Fi,2050
2408,Cocoon: The Return (1988),Comedy|Sci-Fi,2051
2409,Rocky II (1979),Action|Drama,2052
2410,Rocky III (1982),Action|Drama,2053
2411,Rocky IV (1985),Action|Drama,2054
2412,Rocky V (1990),Action|Drama,2055
2413,Clue (1985),Comedy|Crime|Mystery|Thriller,2056
2414,Young Sherlock Holmes (1985),Action|Adventure|Children|Fantasy|Mystery|Thriller,2057
2416,Back to School (1986),Comedy,2058
2417,Heartburn (1986),Comedy|Drama,2059
2418,Nothing in Common (1986),Comedy,2060
2419,Extremities (1986),Drama|Thriller,2061
2420,"Karate Kid, The (1984)",Drama,2062
2421,"Karate Kid, Part II, The (1986)",Action|Adventure|Drama,2063
2422,"Karate Kid, Part III, The (1989)",Action|Adventure|Children|Drama,2064
2423,Christmas Vacation (National Lampoon's Christmas Vacation) (1989),Comedy,2065
2424,You've Got Mail (1998),Comedy|Romance,2066
2425,"General, The (1998)",Crime,2067
2426,"Theory of Flight, The (1998)",Comedy|Drama|Romance,2068
2427,"Thin Red Line, The (1998)",Action|Drama|War,2069
2428,"Faculty, The (1998)",Horror|Sci-Fi,2070
2429,Mighty Joe Young (1998),Action|Adventure|Drama|Fantasy|Thriller,2071
2430,Mighty Joe Young (1949),Adventure|Children|Drama,2072
2431,Patch Adams (1998),Comedy|Drama,2073
2432,Stepmom (1998),Drama,2074
2433,"Civil Action, A (1998)",Drama,2075
2434,Down in the Delta (1998),Drama,2076
2435,Hurlyburly (1998),Drama,2077
2436,Tea with Mussolini (1999),Comedy|Drama|War,2078
2437,Wilde (1997),Drama,2079
2439,Affliction (1997),Drama,2080
2440,Another Day in Paradise (1998),Drama,2081
2441,"Hi-Lo Country, The (1998)",Drama|Romance|Western,2082
2442,Hilary and Jackie (1998),Drama,2083
2443,Playing by Heart (1998),Drama|Romance,2084
2444,24 7: Twenty Four Seven (1997),Comedy|Drama,2085
2445,At First Sight (1999),Drama,2086
2446,In Dreams (1999),Horror|Thriller,2087
2447,Varsity Blues (1999),Comedy|Drama,2088
2448,Virus (1999),Horror|Sci-Fi,2089
2449,"Garbage Pail Kids Movie, The (1987)",Adventure|Children|Comedy,2090
2450,Howard the Duck (1986),Adventure|Comedy|Sci-Fi,2091
2451,"Gate, The (1987)",Horror,2092
2453,"Boy Who Could Fly, The (1986)",Drama|Fantasy,2093
2454,"Fly, The (1958)",Horror|Mystery|Sci-Fi,2094
2455,"Fly, The (1986)",Drama|Horror|Sci-Fi|Thriller,2095
2456,"Fly II, The (1989)",Horror|Sci-Fi,2096
2457,Running Scared (1986),Action|Comedy,2097
2458,Armed and Dangerous (1986),Comedy|Crime,2098
2459,"Texas Chainsaw Massacre, The (1974)",Horror,2099
2460,"Texas Chainsaw Massacre 2, The (1986)",Horror,2100
2461,Leatherface: Texas Chainsaw Massacre III (1990),Comedy|Horror|Thriller,2101
2462,Texas Chainsaw Massacre: The Next Generation (a.k.a. The Return of the Texas Chainsaw Massacre) (1994),Horror,2102
2463,Ruthless People (1986),Comedy,2103
2464,Trick or Treat (1986),Horror,2104
2465,Deadly Friend (1986),Horror,2105
2466,Belizaire the Cajun (1986),Drama,2106
2467,"Name of the Rose, The (Name der Rose, Der) (1986)",Crime|Drama|Mystery|Thriller,2107
2468,Jumpin' Jack Flash (1986),Action|Comedy|Romance|Thriller,2108
2469,Peggy Sue Got Married (1986),Comedy|Drama,2109
2470,Crocodile Dundee (1986),Adventure|Comedy,2110
2471,Crocodile Dundee II (1988),Action|Adventure|Comedy,2111
2472,Tough Guys (1986),Comedy,2112
2473,Soul Man (1986),Comedy,2113
2474,"Color of Money, The (1986)",Drama,2114
2475,52 Pick-Up (1986),Action|Mystery|Thriller,2115
2476,Heartbreak Ridge (1986),Action|War,2116
2477,Firewalker (1986),Adventure,2117
2478,¡Three Amigos! (1986),Comedy|Western,2118
2479,Gloria (1999),Drama|Thriller,2119
2481,My Name Is Joe (1998),Drama|Romance,2120
2482,Still Crazy (1998),Comedy|Romance,2121
2483,"Day of the Beast, The (Día de la Bestia, El) (1995)",Adventure|Comedy|Thriller,2122
2485,She's All That (1999),Comedy|Romance,2123
2488,Peeping Tom (1960),Drama|Horror|Thriller,2124
2490,Payback (1999),Action|Thriller,2125
2491,Simply Irresistible (1999),Comedy|Romance,2126
2492,20 Dates (1998),Comedy|Romance,2127
2493,"Harmonists, The (1997)",Drama,2128
2494,"Last Days, The (1998)",Documentary,2129
2495,"Fantastic Planet, The (Planète sauvage, La) (1973)",Animation|Sci-Fi,2130
2496,Blast from the Past (1999),Comedy|Romance,2131
2497,Message in a Bottle (1999),Romance,2132
2498,My Favorite Martian (1999),Comedy|Sci-Fi,2133
2499,God Said 'Ha!' (1998),Comedy,2134
2500,Jawbreaker (1999),Comedy,2135
2501,October Sky (1999),Drama,2136
2502,Office Space (1999),Comedy|Crime,2137
2503,"Apple, The (Sib) (1998)",Drama,2138
2504,200 Cigarettes (1999),Comedy|Drama,2139
2505,8MM (1999),Drama|Mystery|Thriller,2140
2506,"Other Sister, The (1999)",Comedy|Drama|Romance,2141
2507,Breakfast of Champions (1999),Comedy|Sci-Fi,2142
2509,Eight Days a Week (1997),Comedy,2143
2511,"Long Goodbye, The (1973)",Crime|Film-Noir,2144
2512,"Ballad of Narayama, The (Narayama bushiko) (1983)",Drama,2145
2513,Pet Sematary (1989),Horror,2146
2514,Pet Sematary II (1992),Comedy|Horror,2147
2515,Children of the Corn II: The Final Sacrifice (1993),Horror,2148
2516,Children of the Corn III (1994),Horror,2149
2517,Christine (1983),Horror,2150
2518,Night Shift (1982),Comedy,2151
2519,House on Haunted Hill (1959),Drama|Horror|Thriller,2152
2520,Airport (1970),Drama,2153
2521,Airport 1975 (1974),Action|Drama|Thriller,2154
2522,Airport '77 (1977),Drama,2155
2523,Rollercoaster (1977),Drama|Thriller,2156
2524,"Towering Inferno, The (1974)",Action|Adventure|Drama|Thriller,2157
2525,Alligator (1980),Action|Horror|Sci-Fi,2158
2526,Meteor (1979),Sci-Fi,2159
2527,Westworld (1973),Action|Sci-Fi|Thriller|Western,2160
2528,Logan's Run (1976),Action|Adventure|Sci-Fi,2161
2529,Planet of the Apes (1968),Action|Drama|Sci-Fi,2162
2530,Beneath the Planet of the Apes (1970),Action|Sci-Fi,2163
2531,Battle for the Planet of the Apes (1973),Action|Sci-Fi,2164
2532,Conquest of the Planet of the Apes (1972),Action|Sci-Fi,2165
2533,Escape from the Planet of the Apes (1971),Action|Sci-Fi,2166
2535,Earthquake (1974),Action|Drama|Thriller,2167
2536,"Concorde: Airport '79, The (1979)",Drama,2168
2538,Dancemaker (1998),Documentary,2169
2539,Analyze This (1999),Comedy,2170
2540,"Corruptor, The (1999)",Action|Crime|Drama|Thriller,2171
2541,Cruel Intentions (1999),Drama,2172
2542,"Lock, Stock & Two Smoking Barrels (1998)",Comedy|Crime|Thriller,2173
2544,"School of Flesh, The (École de la chair, L') (1998)",Drama|Romance,2174
2545,Relax... It's Just Sex (1998),Comedy,2175
2546,"Deep End of the Ocean, The (1999)",Drama,2176
2548,"Rage: Carrie 2, The (1999)",Horror,2177
2549,Wing Commander (1999),Action|Sci-Fi,2178
2550,"Haunting, The (1963)",Horror|Thriller,2179
2551,Dead Ringers (1988),Drama|Horror|Thriller,2180
2552,My Boyfriend's Back (1993),Comedy,2181
2553,Village of the Damned (1960),Horror|Sci-Fi|Thriller,2182
2554,Children of the Damned (1963),Horror|Sci-Fi|Thriller,2183
2555,Baby Geniuses (1999),Comedy,2184
2557,I Stand Alone (Seul contre tous) (1998),Drama|Thriller,2185
2558,Forces of Nature (1999),Comedy|Romance,2186
2559,"King and I, The (1999)",Animation|Children,2187
2560,Ravenous (1999),Horror|Thriller,2188
2561,True Crime (1999),Crime|Thriller,2189
2562,Bandits (1997),Drama,2190
2563,Dangerous Beauty (1998),Drama,2191
2565,"King and I, The (1956)",Drama|Musical|Romance,2192
2566,Doug's 1st Movie (1999),Animation|Children,2193
2567,EDtv (1999),Comedy,2194
2568,"Mod Squad, The (1999)",Action|Crime,2195
2570,"Walk on the Moon, A (1999)",Drama|Romance,2196
2571,"Matrix, The (1999)",Action|Sci-Fi|Thriller,2197
2572,10 Things I Hate About You (1999),Comedy|Romance,2198
2573,Tango (1998),Drama|Musical,2199
2574,"Out-of-Towners, The (1999)",Comedy,2200
2575,"Dreamlife of Angels, The (Vie rêvée des anges, La) (1998)",Drama,2201
2577,Metroland (1997),Comedy|Drama,2202
2578,"Sticky Fingers of Time, The (1997)",Sci-Fi,2203
2579,Following (1998),Crime|Mystery|Thriller,2204
2580,Go (1999),Comedy|Crime,2205
2581,Never Been Kissed (1999),Comedy|Romance,2206
2582,Twin Dragons (Shuang long hui) (1992),Action|Comedy,2207
2583,Cookie's Fortune (1999),Comedy|Drama,2208
2585,"Lovers of the Arctic Circle, The (Los Amantes del Círculo Polar) (1998)",Drama|Romance,2209
2586,Goodbye Lover (1999),Comedy|Crime|Thriller,2210
2587,Life (1999),Comedy|Crime|Drama,2211
2589,Friends & Lovers (1999),Comedy|Drama|Romance,2212
2590,Hideous Kinky (1998),Drama,2213
2593,"Monster, The (Mostro, Il) (1994)",Comedy,2214
2594,Open Your Eyes (Abre los ojos) (1997),Drama|Romance|Sci-Fi|Thriller,2215
2596,SLC Punk! (1998),Comedy|Drama,2216
2597,Lost & Found (1999),Comedy|Romance,2217
2598,Pushing Tin (1999),Comedy,2218
2599,Election (1999),Comedy,2219
2600,eXistenZ (1999),Action|Sci-Fi|Thriller,2220
2605,Entrapment (1999),Crime|Thriller,2221
2606,Idle Hands (1999),Comedy|Horror,2222
2607,Get Real (1998),Drama|Romance,2223
2609,"King of Masks, The (Bian Lian) (1996)",Drama,2224
2610,Three Seasons (1999),Drama,2225
2611,"Winslow Boy, The (1999)",Drama,2226
2612,Mildred Pierce (1945),Drama|Film-Noir,2227
2613,Night of the Comet (1984),Comedy|Horror|Sci-Fi,2228
2614,Chopping Mall (a.k.a. Killbots) (1986),Action|Horror|Sci-Fi,2229
2615,My Science Project (1985),Adventure|Sci-Fi,2230
2616,Dick Tracy (1990),Action|Crime,2231
2617,"Mummy, The (1999)",Action|Adventure|Comedy|Fantasy|Horror|Thriller,2232
2618,"Castle, The (1997)",Comedy,2233
2620,This Is My Father (1998),Drama|Romance,2234
2621,Xiu Xiu: The Sent-Down Girl (Tian yu) (1998),Drama,2235
2622,William Shakespeare's A Midsummer Night's Dream (1999),Comedy|Fantasy,2236
2624,After Life (Wandafuru raifu) (1998),Drama|Fantasy,2237
2625,Black Mask (Hak hap) (1996),Action|Adventure|Crime|Sci-Fi|Thriller,2238
2626,Edge of Seventeen (1998),Comedy|Drama|Romance,2239
2627,Endurance (1999),Documentary|Drama,2240
2628,Star Wars: Episode I - The Phantom Menace (1999),Action|Adventure|Sci-Fi,2241
2629,"Love Letter, The (1999)",Comedy|Romance,2242
2630,Besieged (a.k.a. L' Assedio) (1998),Drama,2243
2632,"Saragossa Manuscript, The (Rekopis znaleziony w Saragossie) (1965)",Adventure|Drama|Mystery,2244
2633,"Mummy, The (1932)",Horror|Romance,2245
2634,"Mummy, The (1959)",Horror,2246
2635,"Mummy's Curse, The (1944)",Horror,2247
2637,"Mummy's Hand, The (1940)",Horror,2248
2638,"Mummy's Tomb, The (1942)",Horror,2249
2639,Mommie Dearest (1981),Drama,2250
2640,Superman (1978),Action|Adventure|Sci-Fi,2251
2641,Superman II (1980),Action|Sci-Fi,2252
2642,Superman III (1983),Action|Adventure|Sci-Fi,2253
2643,Superman IV: The Quest for Peace (1987),Action|Adventure|Sci-Fi,2254
2644,Dracula (1931),Horror,2255
2646,House of Dracula (1945),Horror,2256
2647,House of Frankenstein (1944),Horror,2257
2648,Frankenstein (1931),Drama|Horror|Sci-Fi,2258
2649,Son of Frankenstein (1939),Horror,2259
2650,"Ghost of Frankenstein, The (1942)",Horror,2260
2651,Frankenstein Meets the Wolf Man (1943),Horror,2261
2652,"Curse of Frankenstein, The (1957)",Horror,2262
2653,Son of Dracula (1943),Horror,2263
2654,"Wolf Man, The (1941)",Drama|Fantasy|Horror,2264
2656,Tarantula (1955),Horror|Sci-Fi,2265
2657,"Rocky Horror Picture Show, The (1975)",Comedy|Horror|Musical|Sci-Fi,2266
2659,It Came from Hollywood (1982),Comedy|Documentary,2267
2660,"Thing from Another World, The (1951)",Horror|Sci-Fi,2268
2661,It Came from Outer Space (1953),Sci-Fi,2269
2662,"War of the Worlds, The (1953)",Action|Drama|Sci-Fi,2270
2663,It Came from Beneath the Sea (1955),Sci-Fi,2271
2664,Invasion of the Body Snatchers (1956),Horror|Sci-Fi|Thriller,2272
2665,Earth vs. the Flying Saucers (1956),Sci-Fi,2273
2666,It Conquered the World (1956),Sci-Fi,2274
2667,"Mole People, The (1956)",Horror|Sci-Fi,2275
2668,Swamp Thing (1982),Horror|Sci-Fi,2276
2669,Pork Chop Hill (1959),War,2277
2670,Run Silent Run Deep (1958),War,2278
2671,Notting Hill (1999),Comedy|Romance,2279
2672,"Thirteenth Floor, The (1999)",Drama|Sci-Fi|Thriller,2280
2673,Eternity and a Day (Mia aoniotita kai mia mera) (1998),Drama,2281
2674,"Loss of Sexual Innocence, The (1999)",Drama|Fantasy,2282
2675,"Twice Upon a Yesterday (a.k.a. Man with Rain in His Shoes, The) (1998)",Comedy|Drama|Romance,2283
2676,Instinct (1999),Drama|Thriller,2284
2677,Buena Vista Social Club (1999),Documentary|Musical,2285
2678,Desert Blue (1998),Drama,2286
2681,Free Enterprise (1998),Comedy|Romance|Sci-Fi,2287
2682,Limbo (1999),Drama,2288
2683,Austin Powers: The Spy Who Shagged Me (1999),Action|Adventure|Comedy,2289
2685,"Red Dwarf, The (Nain rouge, Le) (1998)",Comedy|Drama,2290
2686,"Red Violin, The (Violon rouge, Le) (1998)",Drama|Mystery,2291
2687,Tarzan (1999),Adventure|Animation|Children|Drama,2292
2688,"General's Daughter, The (1999)",Crime|Drama|Mystery|Thriller,2293
2689,Get Bruce (1999),Documentary,2294
2690,"Ideal Husband, An (1999)",Comedy|Romance,2295
2691,"Legend of 1900, The (a.k.a. The Legend of the Pianist on the Ocean) (Leggenda del pianista sull'oceano) (1998)",Drama,2296
2692,Run Lola Run (Lola rennt) (1998),Action|Crime,2297
2693,Trekkies (1997),Documentary,2298
2694,Big Daddy (1999),Comedy,2299
2695,"Boys, The (1998)",Drama,2300
2696,"Dinner Game, The (Dîner de cons, Le) (1998)",Comedy,2301
2697,My Son the Fanatic (1997),Comedy|Drama|Romance,2302
2699,Arachnophobia (1990),Comedy|Horror,2303
2700,"South Park: Bigger, Longer and Uncut (1999)",Animation|Comedy|Musical,2304
2701,Wild Wild West (1999),Action|Comedy|Sci-Fi|Western,2305
2702,Summer of Sam (1999),Drama,2306
2704,"Lovers on the Bridge, The (Amants du Pont-Neuf, Les) (1991)",Drama|Romance,2307
2705,"Late August, Early September (Fin août, début septembre) (1998)",Drama,2308
2706,American Pie (1999),Comedy|Romance,2309
2707,Arlington Road (1999),Thriller,2310
2708,"Autumn Tale, An (Conte d'automne) (1998)",Romance,2311
2709,Muppets From Space (1999),Children|Comedy,2312
2710,"Blair Witch Project, The (1999)",Drama|Horror|Thriller,2313
2711,My Life So Far (1999),Drama,2314
2712,Eyes Wide Shut (1999),Drama|Mystery|Thriller,2315
2713,Lake Placid (1999),Horror|Thriller,2316
2714,"Wood, The (1999)",Drama,2317
2716,Ghostbusters (a.k.a. Ghost Busters) (1984),Action|Comedy|Sci-Fi,2318
2717,Ghostbusters II (1989),Comedy|Fantasy|Sci-Fi,2319
2718,Drop Dead Gorgeous (1999),Comedy,2320
2719,"Haunting, The (1999)",Horror|Thriller,2321
2720,Inspector Gadget (1999),Action|Adventure|Children|Comedy,2322
2721,Trick (1999),Comedy|Romance,2323
2722,Deep Blue Sea (1999),Action|Horror|Sci-Fi|Thriller,2324
2723,Mystery Men (1999),Action|Comedy|Fantasy,2325
2724,Runaway Bride (1999),Comedy|Romance,2326
2725,Twin Falls Idaho (1999),Drama,2327
2726,"Killing, The (1956)",Crime|Film-Noir,2328
2727,Killer's Kiss (1955),Crime|Film-Noir,2329
2728,Spartacus (1960),Action|Drama|Romance|War,2330
2729,Lolita (1962),Drama|Romance,2331
2730,Barry Lyndon (1975),Drama|Romance|War,2332
2731,"400 Blows, The (Les quatre cents coups) (1959)",Crime|Drama,2333
2732,Jules and Jim (Jules et Jim) (1961),Drama|Romance,2334
2733,Vibes (1988),Adventure|Comedy|Romance,2335
2734,"Mosquito Coast, The (1986)",Adventure|Drama|Thriller,2336
2735,"Golden Child, The (1986)",Action|Adventure|Comedy|Fantasy|Mystery,2337
2736,Brighton Beach Memoirs (1986),Comedy,2338
2738,Crimes of the Heart (1986),Comedy|Drama,2339
2739,"Color Purple, The (1985)",Drama,2340
2741,No Mercy (1986),Action|Crime|Thriller,2341
2743,Native Son (1986),Drama,2342
2744,Otello (1986),Drama,2343
2745,"Mission, The (1986)",Drama,2344
2746,Little Shop of Horrors (1986),Comedy|Horror|Musical,2345
2747,"Little Shop of Horrors, The (1960)",Comedy|Horror,2346
2748,Allan Quatermain and the Lost City of Gold (1987),Action|Adventure|Comedy,2347
2749,"Morning After, The (1986)",Drama|Mystery,2348
2750,Radio Days (1987),Comedy|Drama,2349
2751,From the Hip (1987),Comedy|Drama,2350
2752,Outrageous Fortune (1987),Comedy|Mystery,2351
2753,"Bedroom Window, The (1987)",Thriller,2352
2755,Light of Day (1987),Drama,2353
2756,Wanted: Dead or Alive (1987),Action,2354
2757,Frances (1982),Drama,2355
2758,Plenty (1985),Drama,2356
2759,Dick (1999),Comedy,2357
2761,"Iron Giant, The (1999)",Adventure|Animation|Children|Drama|Sci-Fi,2358
2762,"Sixth Sense, The (1999)",Drama|Horror|Mystery,2359
2763,"Thomas Crown Affair, The (1999)",Action|Mystery,2360
2764,"Thomas Crown Affair, The (1968)",Crime|Drama|Romance|Thriller,2361
2765,"Acid House, The (1998)",Comedy|Drama,2362
2766,"Adventures of Sebastian Cole, The (1998)",Comedy|Drama,2363
2767,Illuminata (1998),Comedy,2364
2768,Stiff Upper Lips (1998),Comedy,2365
2769,"Yards, The (2000)",Crime|Drama,2366
2770,Bowfinger (1999),Comedy,2367
2771,Brokedown Palace (1999),Drama,2368
2772,Detroit Rock City (1999),Comedy,2369
2773,Alice and Martin (Alice et Martin) (1998),Drama,2370
2774,Better Than Chocolate (1999),Comedy|Romance,2371
2775,Head On (1998),Drama,2372
2776,"Marcello Mastroianni: I Remember Yes, I Remember (Marcello Mastroianni: mi ricordo, sì, io mi ricordo) (1997)",Documentary,2373
2778,Never Talk to Strangers (1995),Crime|Drama|Romance|Thriller,2374
2779,Heaven Can Wait (1978),Comedy,2375
2780,"Raven, The (1963)",Comedy|Horror,2376
2781,"Tingler, The (1959)",Horror,2377
2782,Pit and the Pendulum (1961),Horror,2378
2783,"Tomb of Ligeia, The (1965)",Horror,2379
2784,"Masque of the Red Death, The (1964)",Horror,2380
2785,Tales of Terror (1962),Horror,2381
2786,Haunted Honeymoon (1986),Comedy,2382
2787,Cat's Eye (1985),Horror,2383
2788,Monty Python's And Now for Something Completely Different (1971),Comedy,2384
2789,Damien: Omen II (1978),Horror,2385
2790,"Final Conflict, The (a.k.a. Omen III: The Final Conflict) (1981)",Horror|Thriller,2386
2791,Airplane! (1980),Comedy,2387
2792,Airplane II: The Sequel (1982),Comedy,2388
2793,"American Werewolf in Paris, An (1997)",Comedy|Horror|Romance|Thriller,2389
2794,European Vacation (aka National Lampoon's European Vacation) (1985),Adventure|Comedy|Romance,2390
2795,National Lampoon's Vacation (1983),Comedy,2391
2796,Funny Farm (1988),Comedy,2392
2797,Big (1988),Comedy|Drama|Fantasy|Romance,2393
2798,Problem Child (1990),Children|Comedy,2394
2799,Problem Child 2 (1991),Comedy,2395
2800,Little Nemo: Adventures in Slumberland (1992),Adventure|Animation|Children|Drama|Fantasy,2396
2801,Oscar and Lucinda (a.k.a. Oscar & Lucinda) (1997),Drama|Romance,2397
2802,Tequila Sunrise (1988),Action|Drama|Romance|Thriller,2398
2803,"Pelican Brief, The (1993)",Crime|Drama|Mystery|Romance|Thriller,2399
2804,"Christmas Story, A (1983)",Children|Comedy,2400
2805,Mickey Blue Eyes (1999),Comedy|Romance,2401
2806,Teaching Mrs. Tingle (1999),Comedy|Thriller,2402
2807,Universal Soldier: The Return (1999),Action|Sci-Fi,2403
2808,Universal Soldier (1992),Action|Sci-Fi,2404
2809,Love Stinks (1999),Comedy,2405
2810,Perfect Blue (1997),Animation|Horror|Mystery|Thriller,2406
2812,In Too Deep (1999),Action|Thriller,2407
2813,"Source, The (1999)",Documentary,2408
2815,Iron Eagle (1986),Action|War,2409
2816,Iron Eagle II (1988),Action|War,2410
2817,Aces: Iron Eagle III (1992),Action,2411
2818,Iron Eagle IV (1995),Action|War,2412
2819,Three Days of the Condor (3 Days of the Condor) (1975),Drama|Mystery|Romance|Thriller,2413
2820,Hamlet (1964),Drama,2414
2822,Medicine Man (1992),Adventure|Romance,2415
2824,On the Ropes (1999),Documentary|Drama,2416
2825,Rosie (1998),Drama,2417
2826,"13th Warrior, The (1999)",Action|Adventure|Fantasy,2418
2827,"Astronaut's Wife, The (1999)",Horror|Sci-Fi|Thriller,2419
2828,Dudley Do-Right (1999),Children|Comedy,2420
2829,"Muse, The (1999)",Comedy,2421
2830,Cabaret Balkan (Bure Baruta) (1998),Drama,2422
2833,Lucie Aubrac (1997),Romance|War,2423
2834,"Very Thought of You, The (1998)",Comedy|Romance,2424
2835,Chill Factor (1999),Action|Adventure|Comedy|Thriller,2425
2836,Outside Providence (1999),Comedy,2426
2837,Bedrooms & Hallways (1998),Comedy|Romance,2427
2839,West Beirut (West Beyrouth) (1998),Drama,2428
2840,Stigmata (1999),Drama|Thriller,2429
2841,Stir of Echoes (1999),Horror|Mystery|Thriller,2430
2842,Best Laid Plans (1999),Crime|Drama,2431
2843,"Black Cat, White Cat (Crna macka, beli macor) (1998)",Comedy|Romance,2432
2844,"Minus Man, The (1999)",Drama|Mystery,2433
2846,"Adventures of Milo and Otis, The (Koneko monogatari) (1986)",Adventure|Children|Comedy|Drama,2434
2847,Only Angels Have Wings (1939),Adventure|Drama|Romance,2435
2848,"Othello (Tragedy of Othello: The Moor of Venice, The) (1952)",Drama,2436
2849,Queens Logic (1991),Comedy|Drama,2437
2851,Saturn 3 (1980),Adventure|Sci-Fi|Thriller,2438
2852,"Soldier's Story, A (1984)",Drama,2439
2853,"Alice, Sweet Alice (a.k.a. Communion) (a.k.a. Holy Terror) (1976)",Horror|Mystery,2440
2856,I Saw What You Did (1965),Thriller,2441
2857,Yellow Submarine (1968),Adventure|Animation|Comedy|Fantasy|Musical,2442
2858,American Beauty (1999),Drama|Romance,2443
2859,Stop Making Sense (1984),Documentary|Musical,2444
2860,Blue Streak (1999),Comedy,2445
2861,For Love of the Game (1999),Comedy|Drama,2446
2862,Caligula (1979),Drama,2447
2863,"Hard Day's Night, A (1964)",Adventure|Comedy|Musical,2448
2864,Splendor (1999),Comedy,2449
2865,Sugar Town (1999),Comedy,2450
2866,"Buddy Holly Story, The (1978)",Drama,2451
2867,Fright Night (1985),Comedy|Horror|Thriller,2452
2868,Fright Night Part II (1988),Horror,2453
2870,Barefoot in the Park (1967),Comedy,2454
2871,Deliverance (1972),Adventure|Drama|Thriller,2455
2872,Excalibur (1981),Adventure|Fantasy,2456
2873,Lulu on the Bridge (1998),Drama|Mystery|Romance,2457
2874,"Pajama Game, The (1957)",Comedy|Musical|Romance,2458
2875,Sommersby (1993),Drama|Mystery|Romance,2459
2876,Thumbelina (1994),Animation|Children|Fantasy,2460
2877,Tommy (1975),Musical,2461
2878,Hell Night (1981),Horror,2462
2879,Armour of God II: Operation Condor (Operation Condor) (Fei ying gai wak) (1991),Action|Adventure|Comedy,2463
2880,Armour of God (Long xiong hu di) (1987),Action|Adventure|Comedy,2464
2881,Double Jeopardy (1999),Action|Crime|Drama|Thriller,2465
2882,Jakob the Liar (1999),Drama,2466
2883,Mumford (1999),Comedy|Drama,2467
2884,Dog Park (1998),Comedy|Romance,2468
2885,Guinevere (1999),Drama|Romance,2469
2886,"Adventures of Elmo in Grouchland, The (1999)",Children|Comedy,2470
2888,Drive Me Crazy (1999),Comedy|Romance,2471
2889,"Mystery, Alaska (1999)",Comedy|Drama,2472
2890,Three Kings (1999),Action|Adventure|Comedy|Drama|War,2473
2891,"Happy, Texas (1999)",Comedy,2474
2892,New Rose Hotel (1998),Action|Drama,2475
2893,Plunkett & MaCleane (1999),Action|Adventure|Drama,2476
2894,Romance (1999),Drama|Romance,2477
2896,Alvarez Kelly (1966),Western,2478
2897,And the Ship Sails On (E la nave va) (1983),Comedy|War,2479
2898,"Dark Half, The (1993)",Horror|Mystery,2480
2899,Gulliver's Travels (1939),Adventure|Animation|Children,2481
2900,Monkey Shines (1988),Horror|Sci-Fi,2482
2901,Phantasm (1979),Horror|Sci-Fi,2483
2902,Psycho II (1983),Horror|Mystery|Thriller,2484
2903,Psycho III (1986),Horror|Thriller,2485
2904,Rain (1932),Drama,2486
2905,Sanjuro (Tsubaki Sanjûrô) (1962),Action|Adventure|Drama,2487
2906,Random Hearts (1999),Drama|Romance,2488
2907,Superstar (1999),Comedy,2489
2908,Boys Don't Cry (1999),Drama,2490
2911,"Grandfather, The (Abuelo, El) (1998)",Drama,2491
2912,"Limey, The (1999)",Crime|Drama|Thriller,2492
2913,The Mating Habits of the Earthbound Human (1999),Comedy|Sci-Fi,2493
2915,Risky Business (1983),Comedy,2494
2916,Total Recall (1990),Action|Adventure|Sci-Fi|Thriller,2495
2917,Body Heat (1981),Crime|Thriller,2496
2918,Ferris Bueller's Day Off (1986),Comedy,2497
2919,"Year of Living Dangerously, The (1982)",Drama|Romance|War,2498
2920,Children of Paradise (Les enfants du paradis) (1945),Drama|Romance,2499
2921,High Plains Drifter (1973),Western,2500
2922,Hang 'Em High (1968),Crime|Drama|Western,2501
2923,Handle with Care (a.k.a. Citizen's Band) (1977),Comedy,2502
2924,Drunken Master (Jui kuen) (1978),Action|Comedy,2503
2925,"Conformist, The (Conformista, Il) (1970)",Drama,2504
2926,Hairspray (1988),Comedy|Drama,2505
2927,Brief Encounter (1946),Drama|Romance,2506
2928,"Razor's Edge, The (1984)",Drama,2507
2929,Reds (1981),Drama|Romance,2508
2930,Return with Honor (1998),Documentary,2509
2931,Time of the Gypsies (Dom za vesanje) (1989),Comedy|Crime|Drama|Fantasy,2510
2932,Days of Heaven (1978),Drama,2511
2933,"Fire Within, The (Feu follet, Le) (1963)",Drama,2512
2934,"Amor brujo, El (Love Bewitched, A) (1986)",Drama|Musical,2513
2935,"Lady Eve, The (1941)",Comedy|Romance,2514
2936,Sullivan's Travels (1941),Adventure|Comedy|Romance,2515
2937,"Palm Beach Story, The (1942)",Comedy,2516
2938,Man Facing Southeast (1986),Drama|Sci-Fi,2517
2939,Niagara (1953),Drama|Thriller,2518
2940,Gilda (1946),Drama|Film-Noir|Mystery|Romance,2519
2941,South Pacific (1958),Musical|Romance|War,2520
2942,Flashdance (1983),Drama|Romance,2521
2943,Indochine (1992),Drama|Romance,2522
2944,"Dirty Dozen, The (1967)",Action|Drama|War,2523
2945,Mike's Murder (1984),Mystery,2524
2946,Help! (1965),Comedy|Musical,2525
2947,Goldfinger (1964),Action|Adventure|Thriller,2526
2948,From Russia with Love (1963),Action|Adventure|Thriller,2527
2949,Dr. No (1962),Action|Adventure|Thriller,2528
2950,"Blue Lagoon, The (1980)",Adventure|Drama|Romance,2529
2951,"Fistful of Dollars, A (Per un pugno di dollari) (1964)",Action|Western,2530
2952,Sydney (Hard Eight) (1996),Crime|Drama|Thriller,2531
2953,Home Alone 2: Lost in New York (1992),Children|Comedy,2532
2956,Someone to Watch Over Me (1987),Action|Crime|Thriller,2533
2959,Fight Club (1999),Action|Crime|Drama|Thriller,2534
2960,Beefcake (1999),Drama,2535
2961,"Story of Us, The (1999)",Comedy|Drama,2536
2962,Fever Pitch (1997),Comedy|Romance,2537
2963,Joe the King (1999),Crime|Drama,2538
2964,Julien Donkey-Boy (1999),Drama,2539
2965,"Omega Code, The (1999)",Action,2540
2966,"Straight Story, The (1999)",Adventure|Drama,2541
2967,"Bad Seed, The (1956)",Drama|Thriller,2542
2968,Time Bandits (1981),Adventure|Comedy|Fantasy|Sci-Fi,2543
2969,"Man and a Woman, A (Un homme et une femme) (1966)",Drama|Romance,2544
2970,Fitzcarraldo (1982),Adventure|Drama,2545
2971,All That Jazz (1979),Drama|Fantasy|Musical,2546
2972,Red Sorghum (Hong gao liang) (1987),Drama|War,2547
2973,Crimes and Misdemeanors (1989),Comedy|Crime|Drama,2548
2974,Bats (1999),Horror|Thriller,2549
2975,"Best Man, The (1999)",Comedy|Drama,2550
2976,Bringing Out the Dead (1999),Drama,2551
2977,Crazy in Alabama (1999),Comedy|Drama,2552
2978,Three to Tango (1999),Comedy|Romance,2553
2979,Body Shots (1999),Drama,2554
2981,"Brother, Can You Spare a Dime? (1975)",Documentary,2555
2983,"Ipcress File, The (1965)",Thriller,2556
2984,On Any Sunday (1971),Documentary,2557
2985,RoboCop (1987),Action|Crime|Drama|Sci-Fi|Thriller,2558
2986,RoboCop 2 (1990),Action|Crime|Sci-Fi|Thriller,2559
2987,Who Framed Roger Rabbit? (1988),Adventure|Animation|Children|Comedy|Crime|Fantasy|Mystery,2560
2988,Melvin and Howard (1980),Drama,2561
2989,For Your Eyes Only (1981),Action|Adventure|Thriller,2562
2990,Licence to Kill (1989),Action|Adventure|Thriller,2563
2991,Live and Let Die (1973),Action|Adventure|Thriller,2564
2992,Rawhead Rex (1986),Horror|Thriller,2565
2993,Thunderball (1965),Action|Adventure|Thriller,2566
2994,"City, The (Ciudad, La) (1998)",Drama,2567
2995,House on Haunted Hill (1999),Horror|Thriller,2568
2996,Music of the Heart (1999),Drama,2569
2997,Being John Malkovich (1999),Comedy|Drama|Fantasy,2570
2998,Dreaming of Joseph Lees (1999),Drama|Romance,2571
2999,Man of the Century (1999),Comedy,2572
3000,Princess Mononoke (Mononoke-hime) (1997),Action|Adventure|Animation|Drama|Fantasy,2573
3002,My Best Fiend (Mein liebster Feind) (1999),Documentary,2574
3003,Train of Life (Train de vie) (1998),Comedy|Drama|Romance|War,2575
3004,"Bachelor, The (1999)",Comedy|Romance,2576
3005,"Bone Collector, The (1999)",Thriller,2577
3006,"Insider, The (1999)",Drama|Thriller,2578
3007,American Movie (1999),Documentary,2579
3008,Last Night (1998),Drama|Sci-Fi,2580
3010,Rosetta (1999),Drama,2581
3011,"They Shoot Horses, Don't They? (1969)",Drama,2582
3012,Battling Butler (1926),Comedy,2583
3013,Bride of Re-Animator (1990),Comedy|Horror,2584
3014,Bustin' Loose (1981),Comedy,2585
3015,Coma (1978),Thriller,2586
3016,Creepshow (1982),Horror,2587
3017,Creepshow 2 (1987),Horror,2588
3018,Re-Animator (1985),Comedy|Horror|Sci-Fi,2589
3019,Drugstore Cowboy (1989),Crime|Drama,2590
3020,Falling Down (1993),Action|Drama,2591
3021,"Funhouse, The (1981)",Horror,2592
3022,"General, The (1926)",Comedy|War,2593
3024,Piranha (1978),Horror|Sci-Fi,2594
3028,"Taming of the Shrew, The (1967)",Comedy,2595
3029,Nighthawks (1981),Action|Drama,2596
3030,Yojimbo (1961),Action|Adventure,2597
3031,Repossessed (1990),Comedy,2598
3032,"Omega Man, The (1971)",Action|Drama|Sci-Fi|Thriller,2599
3033,Spaceballs (1987),Comedy|Sci-Fi,2600
3034,Robin Hood (1973),Adventure|Animation|Children|Comedy|Musical,2601
3035,Mister Roberts (1955),Comedy|Drama|War,2602
3036,"Quest for Fire (Guerre du feu, La) (1981)",Adventure|Drama,2603
3037,Little Big Man (1970),Western,2604
3038,"Face in the Crowd, A (1957)",Drama,2605
3039,Trading Places (1983),Comedy,2606
3040,Meatballs (1979),Comedy,2607
3041,Meatballs Part II (1984),Comedy,2608
3044,Dead Again (1991),Mystery|Romance|Thriller,2609
3045,Peter's Friends (1992),Comedy|Drama,2610
3046,"Incredibly True Adventure of Two Girls in Love, The (1995)",Comedy|Romance,2611
3047,Experience Preferred... But Not Essential (1982),Drama,2612
3048,Under the Rainbow (1981),Comedy,2613
3049,How I Won the War (1967),Comedy|War,2614
3050,Light It Up (1999),Drama,2615
3051,Anywhere But Here (1999),Comedy|Drama,2616
3052,Dogma (1999),Adventure|Comedy|Fantasy,2617
3053,"Messenger: The Story of Joan of Arc, The (1999)",Drama|War,2618
3054,Pokémon: The First Movie (1998),Adventure|Animation|Children|Fantasy|Sci-Fi,2619
3055,Felicia's Journey (1999),Thriller,2620
3056,Oxygen (1999),Crime|Drama|Thriller,2621
3060,"Commitments, The (1991)",Comedy|Drama|Musical,2622
3061,Holiday Inn (1942),Comedy|Musical,2623
3062,"Longest Day, The (1962)",Action|Drama|War,2624
3063,Poison Ivy (1992),Drama|Thriller,2625
3064,Poison Ivy: New Seduction (1997),Drama|Thriller,2626
3066,Tora! Tora! Tora! (1970),Action|Drama|War,2627
3067,Women on the Verge of a Nervous Breakdown (Mujeres al borde de un ataque de nervios) (1988),Comedy|Drama,2628
3068,"Verdict, The (1982)",Drama|Mystery,2629
3069,"Effect of Gamma Rays on Man-in-the-Moon Marigolds, The (1972)",Drama,2630
3070,"Adventures of Buckaroo Banzai Across the 8th Dimension, The (1984)",Adventure|Comedy|Sci-Fi,2631
3071,Stand and Deliver (1988),Comedy|Drama,2632
3072,Moonstruck (1987),Comedy|Romance,2633
3073,"Sandpiper, The (1965)",Drama|Romance,2634
3074,Jeremiah Johnson (1972),Western,2635
3075,Repulsion (1965),Drama|Horror,2636
3076,Irma la Douce (1963),Comedy,2637
3077,42 Up (1998),Documentary,2638
3078,Liberty Heights (1999),Drama,2639
3079,Mansfield Park (1999),Comedy|Drama|Romance,2640
3081,Sleepy Hollow (1999),Fantasy|Horror|Mystery|Romance,2641
3082,"World Is Not Enough, The (1999)",Action|Adventure|Thriller,2642
3083,All About My Mother (Todo sobre mi madre) (1999),Drama,2643
3086,Babes in Toyland (1934),Children|Comedy|Fantasy|Musical,2644
3087,Scrooged (1988),Comedy|Fantasy|Romance,2645
3088,Harvey (1950),Comedy|Fantasy,2646
3089,Bicycle Thieves (a.k.a. The Bicycle Thief) (a.k.a. The Bicycle Thieves) (Ladri di biciclette) (1948),Drama,2647
3090,Matewan (1987),Drama,2648
3091,Kagemusha (1980),Drama|War,2649
3092,"47 Samurai (Chûshingura) (Loyal 47 Ronin, The) (1962)",Drama,2650
3093,McCabe & Mrs. Miller (1971),Drama|Western,2651
3094,Maurice (1987),Drama|Romance,2652
3095,"Grapes of Wrath, The (1940)",Drama,2653
3096,My Man Godfrey (1957),Comedy,2654
3097,"Shop Around the Corner, The (1940)",Comedy|Drama|Romance,2655
3098,"Natural, The (1984)",Drama,2656
3099,Shampoo (1975),Comedy|Drama|Romance,2657
3100,"River Runs Through It, A (1992)",Drama,2658
3101,Fatal Attraction (1987),Drama|Thriller,2659
3102,Jagged Edge (1985),Crime|Romance|Thriller,2660
3103,Stanley & Iris (1990),Drama|Romance,2661
3104,Midnight Run (1988),Action|Comedy|Crime|Thriller,2662
3105,Awakenings (1990),Drama|Mystery,2663
3106,Come See the Paradise (1990),Drama|Romance,2664
3107,Backdraft (1991),Action|Drama,2665
3108,"Fisher King, The (1991)",Comedy|Drama|Fantasy|Romance,2666
3109,"River, The (1984)",Drama,2667
3110,Country (1984),Drama,2668
3111,Places in the Heart (1984),Drama,2669
3112,'night Mother (1986),Drama,2670
3113,End of Days (1999),Action|Fantasy|Horror|Mystery|Thriller,2671
3114,Toy Story 2 (1999),Adventure|Animation|Children|Comedy|Fantasy,2672
3115,Flawless (1999),Drama,2673
3117,Ride with the Devil (1999),Drama|Romance|War,2674
3118,Tumbleweeds (1999),Drama,2675
3119,Bay of Blood (a.k.a. Twitch of the Death Nerve) (Reazione a catena) (1971),Horror,2676
3120,"Distinguished Gentleman, The (1992)",Comedy,2677
3121,"Hitch-Hiker, The (1953)",Drama|Film-Noir,2678
3122,Santa Fe Trail (1940),Drama|Romance|Western,2679
3124,Agnes Browne (1999),Comedy|Drama,2680
3125,"End of the Affair, The (1999)",Drama,2681
3126,"End of the Affair, The (1955)",Drama,2682
3127,Holy Smoke (1999),Comedy|Drama,2683
3128,"Map of the World, A (1999)",Drama,2684
3129,Sweet and Lowdown (1999),Comedy|Drama,2685
3130,Bonfire of the Vanities (1990),Comedy|Crime|Drama,2686
3132,Daddy Long Legs (1919),Comedy|Drama,2687
3133,Go West (1925),Comedy|Western,2688
3134,Grand Illusion (La grande illusion) (1937),Drama|War,2689
3135,"Great Santini, The (1979)",Drama,2690
3137,"Sea Wolves, The (1980)",Action|War,2691
3138,Stealing Home (1988),Drama,2692
3139,Tarzan the Fearless (1933),Action|Adventure,2693
3140,Three Ages (1923),Comedy,2694
3141,"Two Jakes, The (1990)",Drama,2695
3142,U2: Rattle and Hum (1988),Documentary|Musical,2696
3143,Hell in the Pacific (1968),Drama|War,2697
3144,"Glass Bottom Boat, The (1966)",Comedy|Romance,2698
3145,Cradle Will Rock (1999),Drama,2699
3146,Deuce Bigalow: Male Gigolo (1999),Comedy,2700
3147,"Green Mile, The (1999)",Crime|Drama,2701
3148,"Cider House Rules, The (1999)",Drama,2702
3150,"War Zone, The (1999)",Drama|Thriller,2703
3152,"Last Picture Show, The (1971)",Drama,2704
3153,"7th Voyage of Sinbad, The (1958)",Action|Adventure|Fantasy,2705
3155,Anna and the King (1999),Drama|Romance,2706
3156,Bicentennial Man (1999),Drama|Romance|Sci-Fi,2707
3157,Stuart Little (1999),Children|Comedy|Fantasy,2708
3158,"Emperor and the Assassin, The (Jing ke ci qin wang) (1999)",Drama,2709
3159,Fantasia 2000 (1999),Animation|Children|Musical|IMAX,2710
3160,Magnolia (1999),Drama,2711
3161,Onegin (1999),Drama|Romance,2712
3163,Topsy-Turvy (1999),Comedy|Drama|Musical,2713
3165,Boiling Point (1993),Action|Drama,2714
3167,Carnal Knowledge (1971),Comedy|Drama,2715
3168,Easy Rider (1969),Adventure|Drama,2716
3169,The Falcon and the Snowman (1985),Crime|Drama|Thriller,2717
3171,Room at the Top (1959),Drama,2718
3173,Any Given Sunday (1999),Drama,2719
3174,Man on the Moon (1999),Comedy|Drama,2720
3175,Galaxy Quest (1999),Adventure|Comedy|Sci-Fi,2721
3176,"Talented Mr. Ripley, The (1999)",Drama|Mystery|Thriller,2722
3177,Next Friday (2000),Comedy,2723
3178,"Hurricane, The (1999)",Drama,2724
3179,Angela's Ashes (1999),Drama,2725
3180,Play it to the Bone (1999),Comedy|Drama,2726
3181,Titus (1999),Drama,2727
3182,"Mr. Death: The Rise and Fall of Fred A. Leuchter, Jr. (1999)",Documentary,2728
3183,"Third Miracle, The (1999)",Drama,2729
3185,Snow Falling on Cedars (1999),Drama,2730
3186,"Girl, Interrupted (1999)",Drama,2731
3188,"Life and Times of Hank Greenberg, The (1998)",Documentary,2732
3189,My Dog Skip (1999),Children|Drama,2733
3190,Supernova (2000),Adventure|Sci-Fi|Thriller,2734
3192,"Terrorist, The (a.k.a. Malli) (Theeviravaathi) (1998)",Drama,2735
3194,"Way We Were, The (1973)",Drama|Romance,2736
3196,Stalag 17 (1953),Drama|War,2737
3197,"Presidio, The (1988)",Action|Crime|Romance|Thriller,2738
3198,Papillon (1973),Crime|Drama,2739
3199,Pal Joey (1957),Comedy|Drama|Musical|Romance,2740
3200,"Last Detail, The (1973)",Comedy|Drama,2741
3201,Five Easy Pieces (1970),Drama,2742
3202,Even Dwarfs Started Small (Auch Zwerge haben klein angefangen) (1971),Drama|Horror,2743
3203,Dead Calm (1989),Thriller,2744
3204,"Boys from Brazil, The (1978)",Action|Mystery|Thriller,2745
3205,Black Sunday (La maschera del demonio) (1960),Horror,2746
3206,Against All Odds (1984),Romance,2747
3208,Loaded Weapon 1 (National Lampoon's Loaded Weapon 1) (1993),Action|Comedy,2748
3210,Fast Times at Ridgemont High (1982),Comedy|Drama|Romance,2749
3211,"Cry in the Dark, A (1988)",Drama,2750
3213,Batman: Mask of the Phantasm (1993),Animation|Children,2751
3214,American Flyers (1985),Drama,2752
3216,"Vampyros Lesbos (Vampiras, Las) (1971)",Fantasy|Horror|Thriller,2753
3217,"Star Is Born, A (1937)",Drama,2754
3218,Poison (1991),Drama,2755
3219,Pacific Heights (1990),Mystery|Thriller,2756
3221,"Draughtsman's Contract, The (1982)",Drama,2757
3222,Carmen (1984),Drama,2758
3223,"Zed & Two Noughts, A (1985)",Drama,2759
3224,Woman in the Dunes (Suna no onna) (1964),Drama,2760
3225,Down to You (2000),Comedy|Romance,2761
3230,"Odessa File, The (1974)",Thriller,2762
3232,Seven Chances (1925),Comedy,2763
3235,Where the Buffalo Roam (1980),Comedy,2764
3238,Eye of the Beholder (1999),Thriller,2765
3239,Isn't She Great? (2000),Comedy,2766
3240,"Big Tease, The (1999)",Comedy,2767
3241,"Cup, The (Phörpa) (1999)",Comedy,2768
3242,Santitos (1999),Comedy,2769
3243,Encino Man (1992),Comedy,2770
3244,"Goodbye Girl, The (1977)",Comedy|Romance,2771
3245,I Am Cuba (Soy Cuba/Ya Kuba) (1964),Drama,2772
3246,Malcolm X (1992),Drama,2773
3247,Sister Act (1992),Comedy|Crime,2774
3248,Sister Act 2: Back in the Habit (1993),Comedy,2775
3249,"Hand That Rocks the Cradle, The (1992)",Drama|Thriller,2776
3250,Alive (1993),Drama,2777
3251,Agnes of God (1985),Drama|Mystery,2778
3252,Scent of a Woman (1992),Drama,2779
3253,Wayne's World (1992),Comedy,2780
3254,Wayne's World 2 (1993),Comedy,2781
3255,"League of Their Own, A (1992)",Comedy|Drama,2782
3256,Patriot Games (1992),Action|Crime|Drama|Thriller,2783
3257,"Bodyguard, The (1992)",Drama|Romance|Thriller,2784
3258,Death Becomes Her (1992),Comedy|Fantasy,2785
3259,Far and Away (1992),Adventure|Drama|Romance,2786
3260,Howards End (1992),Drama,2787
3261,Singles (1992),Comedy|Drama|Romance,2788
3262,Twin Peaks: Fire Walk with Me (1992),Crime|Drama|Mystery|Thriller,2789
3263,White Men Can't Jump (1992),Comedy|Drama,2790
3264,Buffy the Vampire Slayer (1992),Action|Comedy|Horror,2791
3265,Hard-Boiled (Lat sau san taam) (1992),Action|Crime|Drama|Thriller,2792
3266,Man Bites Dog (C'est arrivé près de chez vous) (1992),Comedy|Crime|Drama|Thriller,2793
3267,"Mariachi, El (1992)",Action|Crime|Thriller|Western,2794
3268,Stop! Or My Mom Will Shoot (1992),Action|Comedy,2795
3269,Forever Young (1992),Drama|Romance|Sci-Fi,2796
3270,"Cutting Edge, The (1992)",Comedy|Drama|Romance,2797
3271,Of Mice and Men (1992),Drama,2798
3272,Bad Lieutenant (1992),Crime|Drama,2799
3273,Scream 3 (2000),Comedy|Horror|Mystery|Thriller,2800
3274,Single White Female (1992),Drama|Thriller,2801
3275,"Boondock Saints, The (2000)",Action|Crime|Drama|Thriller,2802
3276,Gun Shy (2000),Comedy,2803
3281,"Brandon Teena Story, The (1998)",Documentary,2804
3282,Different for Girls (1996),Comedy,2805
3283,Minnie and Moskowitz (1971),Action,2806
3284,They Might Be Giants (1971),Comedy|Mystery|Romance,2807
3285,"Beach, The (2000)",Adventure|Drama,2808
3286,Snow Day (2000),Comedy,2809
3287,"Tigger Movie, The (2000)",Animation|Children,2810
3289,Not One Less (Yi ge dou bu neng shao) (1999),Drama,2811
3292,"Big Combo, The (1955)",Film-Noir,2812
3295,Raining Stones (1993),Drama,2813
3296,To Sir with Love (1967),Drama,2814
3298,Boiler Room (2000),Crime|Drama|Thriller,2815
3299,Hanging Up (2000),Comedy|Drama,2816
3300,Pitch Black (2000),Horror|Sci-Fi|Thriller,2817
3301,"Whole Nine Yards, The (2000)",Comedy|Crime,2818
3302,Beautiful People (1999),Comedy,2819
3303,Black Tar Heroin: The Dark End of the Street (2000),Documentary,2820
3304,Blue Collar (1978),Crime|Drama,2821
3306,"Circus, The (1928)",Comedy,2822
3307,City Lights (1931),Comedy|Drama|Romance,2823
3308,"Flamingo Kid, The (1984)",Comedy|Drama,2824
3309,"Dog's Life, A (1918)",Comedy,2825
3310,"Kid, The (1921)",Comedy|Drama,2826
3311,"Man from Laramie, The (1955)",Western,2827
3316,Reindeer Games (2000),Action|Thriller,2828
3317,Wonder Boys (2000),Comedy|Drama,2829
3318,Deterrence (1999),Drama|Thriller,2830
3319,Judy Berlin (1999),Drama,2831
3320,Mifune's Last Song (Mifunes sidste sang) (1999),Comedy|Drama|Romance,2832
3323,Chain of Fools (2000),Comedy|Crime,2833
3324,Drowning Mona (2000),Comedy,2834
3325,"Next Best Thing, The (2000)",Comedy|Drama,2835
3326,What Planet Are You From? (2000),Comedy|Sci-Fi,2836
3327,Beyond the Mat (1999),Documentary,2837
3328,Ghost Dog: The Way of the Samurai (1999),Crime|Drama,2838
3329,The Year My Voice Broke (1987),Drama|Romance,2839
3330,Splendor in the Grass (1961),Drama|Romance,2840
3333,"Killing of Sister George, The (1968)",Drama,2841
3334,Key Largo (1948),Crime|Drama|Film-Noir|Thriller,2842
3338,For All Mankind (1989),Documentary,2843
3339,Cross of Iron (1977),War,2844
3340,Bride of the Monster (1955),Horror|Sci-Fi,2845
3341,Born Yesterday (1950),Comedy,2846
3342,Birdy (1984),Drama|War,2847
3343,And God Created Woman (1988),Comedy|Drama|Romance,2848
3344,Blood Feast (1963),Horror,2849
3345,"Charlie, the Lonesome Cougar (1967)",Adventure|Children,2850
3347,Never Cry Wolf (1983),Adventure|Drama,2851
3349,"Perils of Pauline, The (1947)",Comedy,2852
3350,"Raisin in the Sun, A (1961)",Drama,2853
3351,Two Thousand Maniacs! (1964),Horror,2854
3354,Mission to Mars (2000),Sci-Fi,2855
3355,"Ninth Gate, The (1999)",Fantasy|Horror|Mystery|Thriller,2856
3357,East-West (Est-ouest) (1999),Drama|Romance,2857
3358,Defending Your Life (1991),Comedy|Drama|Fantasy|Romance,2858
3359,Breaking Away (1979),Comedy|Drama,2859
3360,Hoosiers (a.k.a. Best Shot) (1986),Drama|Romance,2860
3361,Bull Durham (1988),Comedy|Drama|Romance,2861
3362,Dog Day Afternoon (1975),Crime|Drama,2862
3363,American Graffiti (1973),Comedy|Drama,2863
3364,"Asphalt Jungle, The (1950)",Crime|Film-Noir,2864
3365,"Searchers, The (1956)",Drama|Western,2865
3367,"Devil's Brigade, The (1968)",War,2866
3368,"Big Country, The (1958)",Romance|Western,2867
3370,Betrayed (1988),Drama|Thriller,2868
3371,Bound for Glory (1976),Drama,2869
3372,"Bridge at Remagen, The (1969)",Action|War,2870
3374,Daughters of the Dust (1991),Drama,2871
3375,Destination Moon (1950),Sci-Fi,2872
3377,Hangmen Also Die! (1943),Drama|War,2873
3378,"Ogre, The (Unhold, Der) (1996)",Drama,2874
3379,On the Beach (1959),Drama,2875
3384,"Taking of Pelham One Two Three, The (1974)",Action|Crime,2876
3385,Volunteers (1985),Comedy,2877
3386,JFK (1991),Drama|Mystery|Thriller,2878
3387,Who's Harry Crumb? (1989),Comedy|Mystery,2879
3388,Harry and the Hendersons (1987),Children|Comedy,2880
3391,Who's That Girl? (1987),Comedy,2881
3392,She-Devil (1989),Comedy,2882
3393,Date with an Angel (1987),Comedy|Fantasy|Romance,2883
3394,Blind Date (1987),Comedy|Romance,2884
3395,Nadine (1987),Comedy,2885
3396,"Muppet Movie, The (1979)",Adventure|Children|Comedy|Musical,2886
3397,"Great Muppet Caper, The (1981)",Children|Comedy,2887
3398,"Muppets Take Manhattan, The (1984)",Children|Comedy|Musical,2888
3399,Sesame Street Presents Follow That Bird (1985),Children|Comedy,2889
3400,We're Back! A Dinosaur's Story (1993),Adventure|Animation|Children|Fantasy,2890
3401,Baby... Secret of the Lost Legend (1985),Adventure|Sci-Fi,2891
3402,Turtle Diary (1985),Comedy|Drama|Romance,2892
3403,Raise the Titanic (1980),Drama|Thriller,2893
3404,Titanic (1953),Action|Drama,2894
3405,"Night to Remember, A (1958)",Action|Drama,2895
3406,Captain Horatio Hornblower R.N. (1951),Action|Adventure|Drama|War,2896
3408,Erin Brockovich (2000),Drama,2897
3409,Final Destination (2000),Drama|Thriller,2898
3410,Soft Fruit (1999),Comedy|Drama,2899
3412,"Bear, The (Ours, L') (1988)",Adventure|Children|Drama,2900
3414,Love Is a Many-Splendored Thing (1955),Drama|Romance|War,2901
3415,"Mirror, The (Zerkalo) (1975)",Drama,2902
3417,"Crimson Pirate, The (1952)",Adventure|Comedy,2903
3418,Thelma & Louise (1991),Adventure|Crime|Drama,2904
3419,Something for Everyone (1970),Comedy|Crime,2905
3420,...And Justice for All (1979),Drama|Thriller,2906
3421,Animal House (1978),Comedy,2907
3422,She's Gotta Have It (1986),Comedy|Romance,2908
3423,School Daze (1988),Drama,2909
3424,Do the Right Thing (1989),Drama,2910
3425,Mo' Better Blues (1990),Drama|Musical,2911
3426,Jungle Fever (1991),Drama|Romance,2912
3427,Coogan's Bluff (1968),Crime,2913
3428,"Champ, The (1979)",Drama,2914
3429,Creature Comforts (1989),Animation|Comedy,2915
3430,Death Wish (1974),Action|Crime|Drama,2916
3431,Death Wish 2 (1982),Action|Drama,2917
3432,Death Wish 3 (1985),Action|Drama,2918
3433,Death Wish 4: The Crackdown (1987),Action|Drama,2919
3434,Death Wish 5: The Face of Death (1994),Action|Drama,2920
3435,Double Indemnity (1944),Crime|Drama|Film-Noir,2921
3436,Dying Young (1991),Drama|Romance,2922
3438,Teenage Mutant Ninja Turtles (1990),Action|Children|Comedy|Fantasy|Sci-Fi,2923
3439,Teenage Mutant Ninja Turtles II: The Secret of the Ooze (1991),Action|Children|Fantasy,2924
3440,Teenage Mutant Ninja Turtles III (1993),Action|Adventure|Children|Comedy|Fantasy,2925
3441,Red Dawn (1984),Action|Drama|War,2926
3442,Band of the Hand (1986),Action|Crime|Drama,2927
3444,Bloodsport (1988),Action,2928
3445,Eyes of Laura Mars (1978),Mystery|Thriller,2929
3446,Funny Bones (1995),Comedy|Drama,2930
3447,"Good Earth, The (1937)",Drama,2931
3448,"Good Morning, Vietnam (1987)",Comedy|Drama|War,2932
3449,"Good Mother, The (1988)",Drama,2933
3450,Grumpy Old Men (1993),Comedy,2934
3451,Guess Who's Coming to Dinner (1967),Drama,2935
3452,Romeo Must Die (2000),Action|Crime|Romance|Thriller,2936
3453,Here on Earth (2000),Drama|Romance,2937
3454,Whatever It Takes (2000),Comedy|Romance,2938
3456,"Color of Paradise, The (Rang-e khoda) (1999)",Drama,2939
3457,Waking the Dead (2000),Drama|Thriller,2940
3459,Gothic (1986),Drama|Horror,2941
3461,Lord of the Flies (1963),Adventure|Drama|Thriller,2942
3462,Modern Times (1936),Comedy|Drama|Romance,2943
3466,Heart and Souls (1993),Comedy|Fantasy,2944
3467,Hud (1963),Drama|Western,2945
3468,"Hustler, The (1961)",Drama,2946
3469,Inherit the Wind (1960),Drama,2947
3470,Dersu Uzala (1975),Adventure|Drama,2948
3471,Close Encounters of the Third Kind (1977),Adventure|Drama|Sci-Fi,2949
3472,"Horror Hotel (a.k.a. City of the Dead, The) (1960)",Horror|Thriller,2950
3473,Jonah Who Will Be 25 in the Year 2000 (Jonas qui aura 25 ans en l'an 2000) (1976),Comedy,2951
3474,Retroactive (1997),Sci-Fi|Thriller,2952
3475,"Place in the Sun, A (1951)",Drama|Romance,2953
3476,Jacob's Ladder (1990),Horror|Mystery,2954
3477,Empire Records (1995),Comedy|Drama,2955
3478,"Bamba, La (1987)",Drama,2956
3479,Ladyhawke (1985),Adventure|Fantasy|Romance,2957
3480,Lucas (1986),Drama|Romance,2958
3481,High Fidelity (2000),Comedy|Drama|Romance,2959
3483,"Road to El Dorado, The (2000)",Animation|Children,2960
3484,"Skulls, The (2000)",Thriller,2961
3487,El Dorado (1966),Western,2962
3489,Hook (1991),Adventure|Comedy|Fantasy,2963
3490,Horror Express (1972),Horror,2964
3491,My Chauffeur (1986),Comedy,2965
3492,"Son of the Sheik, The (1926)",Adventure|Comedy|Romance,2966
3494,True Grit (1969),Adventure|Drama|Western,2967
3495,Roadside Prophets (1992),Comedy|Drama,2968
3496,Madame Sousatzka (1988),Drama,2969
3497,Max Dugan Returns (1983),Comedy,2970
3498,Midnight Express (1978),Drama,2971
3499,Misery (1990),Drama|Horror|Thriller,2972
3500,Mr. Saturday Night (1992),Comedy|Drama,2973
3501,Murphy's Romance (1985),Comedy|Romance,2974
3502,My Life (1993),Drama,2975
3503,Solaris (Solyaris) (1972),Drama|Mystery|Sci-Fi,2976
3504,Network (1976),Comedy|Drama,2977
3505,No Way Out (1987),Drama|Mystery|Thriller,2978
3506,North Dallas Forty (1979),Comedy|Drama,2979
3507,"Odd Couple, The (1968)",Comedy,2980
3508,"Outlaw Josey Wales, The (1976)",Action|Adventure|Drama|Thriller|Western,2981
3509,Black and White (1999),Drama,2982
3510,Frequency (2000),Drama|Thriller,2983
3511,Ready to Rumble (2000),Comedy,2984
3512,Return to Me (2000),Drama|Romance,2985
3513,Rules of Engagement (2000),Drama|Thriller,2986
3514,Joe Gould's Secret (2000),Drama,2987
3515,Me Myself I (2000),Comedy|Romance,2988
3516,"Bell, Book and Candle (1958)",Comedy|Fantasy|Romance,2989
3518,"End of Violence, The (1997)",Drama|Thriller,2990
3519,Force 10 from Navarone (1978),Action|Drama|War,2991
3521,Mystery Train (1989),Comedy|Drama,2992
3522,Sacco and Vanzetti (Sacco e Vanzetti) (1971),Drama,2993
3524,Arthur (1981),Comedy|Romance,2994
3525,Bachelor Party (1984),Comedy,2995
3526,Parenthood (1989),Comedy|Drama,2996
3527,Predator (1987),Action|Sci-Fi|Thriller,2997
3528,"Prince of Tides, The (1991)",Drama|Romance,2998
3529,"Postman Always Rings Twice, The (1981)",Crime|Thriller,2999
3531,All the Vermeers in New York (1990),Comedy|Drama|Romance,3000
3533,"Actor's Revenge, An (Yukinojô henge) (1963)",Drama,3001
3534,28 Days (2000),Drama,3002
3535,American Psycho (2000),Crime|Horror|Mystery|Thriller,3003
3536,Keeping the Faith (2000),Comedy|Drama|Romance,3004
3537,Where the Money Is (2000),Comedy|Drama,3005
3538,East is East (1999),Comedy,3006
3539,"Filth and the Fury, The (2000)",Documentary,3007
3540,Passion of Mind (2000),Drama|Mystery|Romance,3008
3543,Diner (1982),Comedy|Drama,3009
3544,Shakes the Clown (1992),Comedy,3010
3545,Cabaret (1972),Drama|Musical,3011
3546,What Ever Happened to Baby Jane? (1962),Drama|Horror|Thriller,3012
3547,Prick Up Your Ears (1987),Comedy|Drama,3013
3548,Auntie Mame (1958),Comedy|Drama,3014
3549,Guys and Dolls (1955),Comedy|Musical|Romance,3015
3550,The Hunger (1983),Horror,3016
3551,Marathon Man (1976),Crime|Drama|Thriller,3017
3552,Caddyshack (1980),Comedy,3018
3553,Gossip (2000),Drama|Thriller,3019
3554,Love and Basketball (2000),Drama|Romance,3020
3555,U-571 (2000),Action|Thriller|War,3021
3556,"Virgin Suicides, The (1999)",Drama|Romance,3022
3557,Jennifer 8 (1992),Mystery|Thriller,3023
3559,Limelight (1952),Comedy|Drama|Romance,3024
3562,Committed (2000),Comedy|Drama,3025
3563,"Crow: Salvation, The (2000)",Action|Horror,3026
3564,"Flintstones in Viva Rock Vegas, The (2000)",Children|Comedy,3027
3565,Where the Heart Is (2000),Comedy|Drama,3028
3566,"Big Kahuna, The (2000)",Comedy|Drama,3029
3567,Bossa Nova (2000),Comedy|Drama|Romance,3030
3568,Smiling Fish and Goat on Fire (1999),Comedy|Romance,3031
3569,"Idiots, The (Idioterne) (1998)",Comedy|Drama,3032
3571,Time Code (2000),Comedy|Drama,3033
3575,Defying Gravity (1997),Drama,3034
3576,"Hidden, The (1987)",Action|Horror|Sci-Fi,3035
3577,Two Moon Junction (1988),Drama|Romance,3036
3578,Gladiator (2000),Action|Adventure|Drama,3037
3579,I Dreamed of Africa (2000),Drama,3038
3580,Up at the Villa (2000),Drama,3039
3581,Human Traffic (1999),Comedy,3040
3584,Breathless (1983),Action|Drama|Romance|Thriller,3041
3585,"Great Locomotive Chase, The (1956)",Adventure|War,3042
3586,The Idolmaker (1980),Drama|Romance,3043
3587,Inferno (1980),Horror,3044
3588,"King of Marvin Gardens, The (1972)",Crime|Drama,3045
3590,"Lords of Flatbush, The (1974)",Comedy|Drama,3046
3591,Mr. Mom (1983),Comedy|Drama,3047
3592,"Time Masters (Maîtres du temps, Les) (1982)",Animation|Sci-Fi,3048
3593,Battlefield Earth (2000),Action|Sci-Fi,3049
3594,Center Stage (2000),Drama|Musical,3050
3596,Screwed (2000),Comedy,3051
3597,Whipped (2000),Comedy,3052
3598,Hamlet (2000),Crime|Drama|Romance|Thriller,3053
3599,Anchors Aweigh (1945),Comedy|Musical,3054
3600,Blue Hawaii (1961),Comedy|Musical,3055
3602,G.I. Blues (1960),Comedy|Musical|Romance,3056
3604,Gypsy (1962),Musical,3057
3605,King Creole (1958),Crime|Drama|Musical,3058
3606,On the Town (1949),Comedy|Musical|Romance,3059
3608,Pee-wee's Big Adventure (1985),Adventure|Comedy,3060
3609,Regret to Inform (1998),Documentary,3061
3611,Saludos Amigos (1943),Animation|Children|Comedy,3062
3612,The Slipper and the Rose: The Story of Cinderella (1976),Adventure|Children|Fantasy|Musical|Romance,3063
3613,Things Change (1988),Comedy,3064
3614,Honeymoon in Vegas (1992),Comedy|Romance,3065
3615,Dinosaur (2000),Adventure|Animation|Children,3066
3616,Loser (2000),Comedy|Romance,3067
3617,Road Trip (2000),Comedy,3068
3618,Small Time Crooks (2000),Comedy|Crime,3069
3619,"Hollywood Knights, The (1980)",Comedy,3070
3620,"Myth of Fingerprints, The (1997)",Comedy|Drama,3071
3621,Possession (1981),Drama|Horror,3072
3622,"Twelve Chairs, The (1970)",Comedy,3073
3623,Mission: Impossible II (2000),Action|Adventure|Thriller,3074
3624,Shanghai Noon (2000),Action|Adventure|Comedy|Western,3075
3625,Better Living Through Circuitry (1999),Documentary,3076
3626,8 ½ Women (a.k.a. 8 1/2 Women) (a.k.a. Eight and a Half Women) (1999),Comedy,3077
3627,Carnival of Souls (1962),Horror|Thriller,3078
3628,Flying Tigers (1942),Action|Drama|Romance|War,3079
3629,"Gold Rush, The (1925)",Adventure|Comedy|Romance,3080
3632,Monsieur Verdoux (1947),Comedy|Crime,3081
3633,On Her Majesty's Secret Service (1969),Action|Adventure|Romance|Thriller,3082
3634,Seven Days in May (1964),Thriller,3083
3635,"Spy Who Loved Me, The (1977)",Action|Adventure|Thriller,3084
3637,Vagabond (Sans toit ni loi) (1985),Drama,3085
3638,Moonraker (1979),Action|Adventure|Sci-Fi|Thriller,3086
3639,"Man with the Golden Gun, The (1974)",Action|Adventure|Thriller,3087
3640,"King in New York, A (1957)",Comedy|Drama,3088
3641,"Woman of Paris, A (1923)",Drama,3089
3643,"Fighting Seabees, The (1944)",Action|Drama|War,3090
3644,Dark Command (1940),Western,3091
3645,Cleo from 5 to 7 (Cléo de 5 à 7) (1962),Drama,3092
3646,Big Momma's House (2000),Comedy,3093
3649,American Gigolo (1980),Drama,3094
3652,"City of the Living Dead (a.k.a. Gates of Hell, The) (Paura nella città dei morti viventi) (1980)",Horror,3095
3653,"Endless Summer, The (1966)",Documentary,3096
3654,"Guns of Navarone, The (1961)",Action|Adventure|Drama|War,3097
3655,Blow-Out (La grande bouffe) (1973),Drama,3098
3658,Quatermass and the Pit (1967),Horror|Sci-Fi,3099
3659,Quatermass 2 (Enemy from Space) (1957),Sci-Fi|Thriller,3100
3662,Puppet Master III: Toulon's Revenge (1991),Horror|Sci-Fi|Thriller,3101
3663,Puppet Master 4 (1993),Horror|Sci-Fi|Thriller,3102
3668,Romeo and Juliet (1968),Drama|Romance,3103
3669,Stay Tuned (1992),Comedy,3104
3670,Story of G.I. Joe (1945),War,3105
3671,Blazing Saddles (1974),Comedy|Western,3106
3672,Benji (1974),Adventure|Children,3107
3673,Benji the Hunted (1987),Adventure|Children,3108
3674,For the Love of Benji (1977),Adventure|Children|Comedy|Drama,3109
3675,White Christmas (1954),Comedy|Musical|Romance,3110
3676,Eraserhead (1977),Drama|Horror,3111
3677,Baraka (1992),Documentary,3112
3678,"Man with the Golden Arm, The (1955)",Drama,3113
3679,"Decline of Western Civilization, The (1981)",Documentary|Musical,3114
3680,"Decline of Western Civilization Part II: The Metal Years, The (1988)",Documentary,3115
3681,For a Few Dollars More (Per qualche dollaro in più) (1965),Action|Drama|Thriller|Western,3116
3682,Magnum Force (1973),Action|Crime|Drama|Thriller,3117
3683,Blood Simple (1984),Crime|Drama|Film-Noir,3118
3684,"Fabulous Baker Boys, The (1989)",Drama|Romance,3119
3685,Prizzi's Honor (1985),Comedy|Drama|Romance,3120
3686,Flatliners (1990),Horror|Sci-Fi|Thriller,3121
3687,Light Years (Gandahar) (1988),Adventure|Animation|Fantasy|Sci-Fi,3122
3688,Porky's (1982),Comedy,3123
3689,Porky's II: The Next Day (1983),Comedy,3124
3690,Porky's Revenge (1985),Comedy,3125
3691,Private School (1983),Comedy,3126
3692,Class of Nuke 'Em High (1986),Comedy|Horror,3127
3693,"Toxic Avenger, The (1985)",Comedy|Horror,3128
3694,"Toxic Avenger, Part II, The (1989)",Comedy|Horror,3129
3695,"Toxic Avenger Part III: The Last Temptation of Toxie, The (1989)",Comedy|Horror,3130
3696,Night of the Creeps (1986),Comedy|Horror|Sci-Fi|Thriller,3131
3697,Predator 2 (1990),Action|Sci-Fi|Thriller,3132
3698,"Running Man, The (1987)",Action|Sci-Fi,3133
3699,Starman (1984),Adventure|Drama|Romance|Sci-Fi,3134
3700,"Brother from Another Planet, The (1984)",Drama|Sci-Fi,3135
3701,Alien Nation (1988),Crime|Drama|Sci-Fi|Thriller,3136
3702,Mad Max (1979),Action|Adventure|Sci-Fi,3137
3703,"Road Warrior, The (Mad Max 2) (1981)",Action|Adventure|Sci-Fi|Thriller,3138
3704,Mad Max Beyond Thunderdome (1985),Action|Adventure|Sci-Fi,3139
3705,Bird on a Wire (1990),Action|Comedy|Romance,3140
3706,Angel Heart (1987),Film-Noir|Horror|Mystery|Thriller,3141
3707,9 1/2 Weeks (Nine 1/2 Weeks) (1986),Drama|Romance,3142
3708,Firestarter (1984),Horror|Thriller,3143
3709,Sleepwalkers (1992),Horror,3144
3710,Action Jackson (1988),Action|Comedy|Crime|Thriller,3145
3711,Sarafina! (1992),Drama,3146
3712,Soapdish (1991),Comedy,3147
3713,"Long Walk Home, The (1990)",Drama,3148
3714,Clara's Heart (1988),Drama,3149
3715,Burglar (1987),Comedy|Crime,3150
3717,Gone in 60 Seconds (2000),Action|Crime,3151
3718,American Pimp (1999),Documentary,3152
3719,Love's Labour's Lost (2000),Comedy|Romance,3153
3720,Sunshine (1999),Drama,3154
3723,Hamlet (1990),Drama,3155
3724,Coming Home (1978),Drama|War,3156
3725,American Pop (1981),Animation|Musical,3157
3726,Assault on Precinct 13 (1976),Action|Thriller,3158
3727,Near Dark (1987),Horror|Western,3159
3728,One False Move (1992),Crime|Drama|Film-Noir|Thriller,3160
3729,Shaft (1971),Action|Crime|Drama|Thriller,3161
3730,"Conversation, The (1974)",Drama|Mystery,3162
3731,Cutter's Way (1981),Drama|Thriller,3163
3732,"Fury, The (1978)",Horror,3164
3733,"Paper Chase, The (1973)",Drama,3165
3734,Prince of the City (1981),Drama,3166
3735,Serpico (1973),Crime|Drama,3167
3736,"Ace in the Hole (Big Carnival, The) (1951)",Drama,3168
3737,Lonely Are the Brave (1962),Drama|Western,3169
3738,"Sugarland Express, The (1974)",Drama,3170
3739,Trouble in Paradise (1932),Comedy|Romance,3171
3740,Big Trouble in Little China (1986),Action|Adventure|Comedy|Fantasy,3172
3741,Badlands (1973),Crime|Drama|Thriller,3173
3742,Battleship Potemkin (1925),Drama|War,3174
3743,Boys and Girls (2000),Comedy|Romance,3175
3744,Shaft (2000),Action|Crime|Thriller,3176
3745,Titan A.E. (2000),Action|Adventure|Animation|Children|Sci-Fi,3177
3746,Butterfly (La lengua de las mariposas) (1999),Drama,3178
3747,Jesus' Son (1999),Drama,3179
3749,"Time Regained (Temps retrouvé, Le) (1999)",Drama,3180
3751,Chicken Run (2000),Animation|Children|Comedy,3181
3752,"Me, Myself & Irene (2000)",Adventure|Comedy,3182
3753,"Patriot, The (2000)",Action|Drama|War,3183
3754,"Adventures of Rocky and Bullwinkle, The (2000)",Adventure|Animation|Children|Comedy|Fantasy,3184
3755,"Perfect Storm, The (2000)",Drama|Thriller,3185
3756,"Golden Bowl, The (2000)",Drama,3186
3757,Asylum (1972),Horror,3187
3758,Communion (1989),Drama|Sci-Fi|Thriller,3188
3759,Fun and Fancy Free (1947),Animation|Children|Musical,3189
3760,"Kentucky Fried Movie, The (1977)",Comedy,3190
3761,"Blood In, Blood Out (1993)",Action|Crime|Drama|Thriller,3191
3763,F/X (1986),Action|Crime|Thriller,3192
3764,F/X2 (a.k.a. F/X 2 - The Deadly Art of Illusion) (1991),Action|Crime|Thriller,3193
3765,"Hot Spot, The (1990)",Crime|Drama|Romance,3194
3766,Missing in Action (1984),Action|War,3195
3767,Missing in Action 2: The Beginning (1985),Action|War,3196
3768,Braddock: Missing in Action III (1988),Action|War,3197
3769,Thunderbolt and Lightfoot (1974),Action,3198
3770,Dreamscape (1984),Horror|Sci-Fi|Thriller,3199
3771,The Golden Voyage of Sinbad (1973),Action|Adventure|Fantasy,3200
3773,House Party (1990),Comedy,3201
3774,House Party 2 (1991),Comedy|Drama|Romance,3202
3775,Make Mine Music (1946),Animation|Children|Musical,3203
3776,Melody Time (1948),Animation|Children|Musical,3204
3777,Nekromantik (1987),Comedy|Horror,3205
3780,Rocketship X-M (1950),Sci-Fi,3206
3781,Shaft in Africa (1973),Action|Crime,3207
3782,Shaft's Big Score! (1972),Action|Crime,3208
3783,Croupier (1998),Crime|Drama,3209
3784,"Kid, The (2000)",Comedy|Fantasy,3210
3785,Scary Movie (2000),Comedy|Horror,3211
3786,But I'm a Cheerleader (1999),Comedy,3212
3787,Shower (Xizao) (1999),Comedy,3213
3788,Blow-Up (Blowup) (1966),Drama|Mystery,3214
3789,"Pawnbroker, The (1964)",Drama,3215
3790,Groove (2000),Drama,3216
3791,Footloose (1984),Drama,3217
3792,Duel in the Sun (1946),Drama|Romance|Western,3218
3793,X-Men (2000),Action|Adventure|Sci-Fi,3219
3794,Chuck & Buck (2000),Comedy|Drama,3220
3795,"Five Senses, The (1999)",Drama,3221
3796,"Wisdom of Crocodiles, The (a.k.a. Immortality) (2000)",Romance|Thriller,3222
3797,"In Crowd, The (2000)",Thriller,3223
3798,What Lies Beneath (2000),Drama|Horror|Mystery,3224
3799,Pokémon the Movie 2000 (2000),Animation|Children,3225
3801,Anatomy of a Murder (1959),Drama|Mystery,3226
3802,Freejack (1992),Action|Sci-Fi,3227
3804,H.O.T.S. (1979),Comedy,3228
3805,Knightriders (1981),Action|Adventure|Drama,3229
3806,Mackenna's Gold (1969),Western,3230
3807,Sinbad and the Eye of the Tiger (1977),Adventure|Fantasy,3231
3808,"Two Women (Ciociara, La) (1960)",Drama|War,3232
3809,What About Bob? (1991),Comedy,3233
3810,White Sands (1992),Drama|Thriller,3234
3811,Breaker Morant (1980),Drama|War,3235
3812,Everything You Always Wanted to Know About Sex * But Were Afraid to Ask (1972),Comedy,3236
3813,Interiors (1978),Drama,3237
3814,Love and Death (1975),Comedy,3238
3816,"Official Story, The (La historia oficial) (1985)",Drama,3239
3817,"Other Side of Sunday, The (Søndagsengler) (1996)",Comedy|Drama,3240
3819,Tampopo (1985),Comedy,3241
3821,Nutty Professor II: The Klumps (2000),Comedy,3242
3822,"Girl on the Bridge, The (Fille sur le pont, La) (1999)",Drama|Romance,3243
3823,Wonderland (1999),Drama,3244
3824,Autumn in New York (2000),Drama|Romance,3245
3825,Coyote Ugly (2000),Comedy|Drama|Romance,3246
3826,Hollow Man (2000),Horror|Sci-Fi|Thriller,3247
3827,Space Cowboys (2000),Action|Adventure|Comedy|Sci-Fi,3248
3830,Psycho Beach Party (2000),Comedy|Horror|Thriller,3249
3831,Saving Grace (2000),Comedy,3250
3832,"Black Sabbath (Tre volti della paura, I) (1963)",Horror,3251
3833,"Brain That Wouldn't Die, The (1962)",Horror|Sci-Fi,3252
3834,Bronco Billy (1980),Adventure|Drama|Romance,3253
3835,"Crush, The (1993)",Thriller,3254
3836,Kelly's Heroes (1970),Action|Comedy|War,3255
3837,Phantasm II (1988),Action|Fantasy|Horror|Sci-Fi|Thriller,3256
3838,Phantasm III: Lord of the Dead (1994),Horror,3257
3839,Phantasm IV: Oblivion (1998),Horror,3258
3840,Pumpkinhead (1988),Horror,3259
3841,Air America (1990),Action|Comedy,3260
3843,Sleepaway Camp (1983),Horror,3261
3844,Steel Magnolias (1989),Drama,3262
3845,And God Created Woman (Et Dieu... créa la femme) (1956),Drama,3263
3846,Easy Money (1983),Comedy,3264
3847,"Ilsa, She Wolf of the SS (1974)",Horror,3265
3848,Silent Fall (1994),Drama|Thriller,3266
3849,The Spiral Staircase (1945),Horror|Mystery|Thriller,3267
3851,I'm the One That I Want (2000),Comedy,3268
3852,"Tao of Steve, The (2000)",Comedy,3269
3854,Aimée & Jaguar (1999),Drama|Romance|War,3270
3855,"Affair of Love, An (Liaison pornographique, Une) (1999)",Drama|Romance,3271
3857,Bless the Child (2000),Thriller,3272
3858,Cecil B. DeMented (2000),Comedy,3273
3859,"Eyes of Tammy Faye, The (2000)",Documentary,3274
3861,"Replacements, The (2000)",Comedy,3275
3862,About Adam (2000),Comedy,3276
3863,"Cell, The (2000)",Drama|Horror|Thriller,3277
3864,Godzilla 2000 (Gojira ni-sen mireniamu) (1999),Action|Adventure|Sci-Fi,3278
3865,"Original Kings of Comedy, The (2000)",Comedy|Documentary,3279
3868,"Naked Gun: From the Files of Police Squad!, The (1988)",Action|Comedy|Crime|Romance,3280
3869,"Naked Gun 2 1/2: The Smell of Fear, The (1991)",Comedy,3281
3870,Our Town (1940),Drama,3282
3871,Shane (1953),Drama|Western,3283
3872,"Suddenly, Last Summer (1959)",Drama,3284
3873,Cat Ballou (1965),Comedy|Western,3285
3874,"Couch in New York, A (1996)",Comedy|Drama|Romance,3286
3875,"Devil Rides Out, The (1968)",Horror,3287
3877,Supergirl (1984),Action|Adventure|Fantasy,3288
3879,"Art of War, The (2000)",Action|Thriller,3289
3880,"Ballad of Ramblin' Jack, The (2000)",Documentary,3290
3881,Phish: Bittersweet Motel (2000),Documentary,3291
3882,Bring It On (2000),Comedy,3292
3884,"Crew, The (2000)",Comedy,3293
3885,Love & Sex (2000),Comedy|Drama|Romance,3294
3886,Steal This Movie! (2000),Drama,3295
3889,Highlander: Endgame (Highlander IV) (2000),Action|Adventure|Fantasy,3296
3892,Anatomy (Anatomie) (2000),Horror,3297
3893,Nurse Betty (2000),Comedy|Crime|Drama|Romance|Thriller,3298
3894,Solas (1999),Drama,3299
3895,"Watcher, The (2000)",Crime|Thriller,3300
3896,"Way of the Gun, The (2000)",Crime|Thriller,3301
3897,Almost Famous (2000),Drama,3302
3898,Bait (2000),Action|Comedy,3303
3900,Crime and Punishment in Suburbia (2000),Comedy|Drama,3304
3901,Duets (2000),Comedy|Drama,3305
3902,Goya in Bordeaux (Goya en Burdeos) (1999),Drama,3306
3903,Urbania (2000),Drama,3307
3905,"Specials, The (2000)",Comedy,3308
3906,Under Suspicion (2000),Crime|Thriller,3309
3908,Urban Legends: Final Cut (2000),Horror,3310
3909,Woman on Top (2000),Comedy|Romance,3311
3910,Dancer in the Dark (2000),Drama|Musical,3312
3911,Best in Show (2000),Comedy,3313
3912,Beautiful (2000),Comedy|Drama,3314
3913,Barenaked in America (1999),Documentary,3315
3914,"Broken Hearts Club, The (2000)",Drama,3316
3915,Girlfight (2000),Drama,3317
3916,Remember the Titans (2000),Drama,3318
3917,Hellraiser (1987),Horror,3319
3918,Hellbound: Hellraiser II (1988),Horror,3320
3919,Hellraiser III: Hell on Earth (1992),Horror,3321
3920,"Faraway, So Close (In weiter Ferne, so nah!) (1993)",Drama|Fantasy|Mystery|Romance,3322
3921,Beach Party (1963),Comedy,3323
3923,Return of the Fly (1959),Horror|Sci-Fi,3324
3924,Pajama Party (1964),Comedy,3325
3925,Stranger Than Paradise (1984),Comedy|Drama,3326
3926,Voyage to the Bottom of the Sea (1961),Adventure|Sci-Fi,3327
3927,Fantastic Voyage (1966),Adventure|Sci-Fi,3328
3928,Abbott and Costello Meet Frankenstein (1948),Comedy|Horror,3329
3929,"Bank Dick, The (1940)",Comedy,3330
3930,"Creature from the Black Lagoon, The (1954)",Adventure|Horror|Sci-Fi,3331
3932,"Invisible Man, The (1933)",Horror|Sci-Fi,3332
3936,Phantom of the Opera (1943),Horror|Musical|Thriller,3333
3937,Runaway (1984),Sci-Fi|Thriller,3334
3943,Bamboozled (2000),Comedy,3335
3945,Digimon: The Movie (2000),Adventure|Animation|Children,3336
3946,Get Carter (2000),Action|Drama|Thriller,3337
3947,Get Carter (1971),Action|Crime|Drama|Thriller,3338
3948,Meet the Parents (2000),Comedy,3339
3949,Requiem for a Dream (2000),Drama,3340
3950,Tigerland (2000),Drama,3341
3951,Two Family House (2000),Drama,3342
3952,"Contender, The (2000)",Drama|Thriller,3343
3953,Dr. T and the Women (2000),Comedy|Romance,3344
3955,"Ladies Man, The (2000)",Comedy,3345
3956,Lost Souls (2000),Drama|Horror|Thriller,3346
3957,Billy Jack (1971),Action|Drama,3347
3959,"Time Machine, The (1960)",Action|Adventure|Sci-Fi,3348
3960,Haunted (1995),Drama|Thriller,3349
3961,Ghoulies (1985),Horror,3350
3963,"Unsinkable Molly Brown, The (1964)",Musical,3351
3964,"Adventures of Ichabod and Mr. Toad, The (1949)",Animation|Children,3352
3965,"Strange Love of Martha Ivers, The (1946)",Drama|Film-Noir,3353
3966,Detour (1945),Crime|Film-Noir,3354
3967,Billy Elliot (2000),Drama,3355
3968,Bedazzled (2000),Comedy,3356
3969,Pay It Forward (2000),Drama,3357
3970,"Beyond, The (E tu vivrai nel terrore - L'aldilà) (1981)",Horror,3358
3971,"Private Eyes, The (1981)",Comedy|Mystery,3359
3972,"Legend of Drunken Master, The (Jui kuen II) (1994)",Action|Comedy,3360
3973,Book of Shadows: Blair Witch 2 (2000),Crime|Horror|Mystery|Thriller,3361
3974,"Little Vampire, The (2000)",Adventure|Children,3362
3975,Lucky Numbers (2000),Comedy|Drama,3363
3977,Charlie's Angels (2000),Action|Comedy,3364
3978,"Legend of Bagger Vance, The (2000)",Drama|Romance,3365
3979,Little Nicky (2000),Comedy,3366
3980,Men of Honor (2000),Drama,3367
3981,Red Planet (2000),Action|Sci-Fi|Thriller,3368
3982,What's Cooking? (2000),Drama,3369
3983,You Can Count on Me (2000),Drama|Romance,3370
3984,Diamonds Are Forever (1971),Action|Adventure|Thriller,3371
3985,"Eagle Has Landed, The (1976)",Drama|War,3372
3986,"6th Day, The (2000)",Action|Sci-Fi|Thriller,3373
3987,Bounce (2000),Drama|Romance,3374
3988,How the Grinch Stole Christmas (a.k.a. The Grinch) (2000),Children|Comedy|Fantasy,3375
3989,One Day in September (1999),Documentary,3376
3990,Rugrats in Paris: The Movie (2000),Animation|Children|Comedy,3377
3991,102 Dalmatians (2000),Children|Comedy,3378
3992,Malèna (2000),Drama|Romance|War,3379
3993,Quills (2000),Drama|Romance,3380
3994,Unbreakable (2000),Drama|Sci-Fi,3381
3996,"Crouching Tiger, Hidden Dragon (Wo hu cang long) (2000)",Action|Drama|Romance,3382
3997,Dungeons & Dragons (2000),Action|Adventure|Comedy|Fantasy,3383
3998,Proof of Life (2000),Drama,3384
3999,Vertical Limit (2000),Action|Adventure,3385
4000,"Bounty, The (1984)",Adventure|Drama,3386
4001,Code of Silence (1985),Action,3387
4002,"Planes, Trains & Automobiles (1987)",Comedy,3388
4003,She's Having a Baby (1988),Comedy,3389
4005,"Living Daylights, The (1987)",Action|Adventure|Thriller,3390
4006,Transformers: The Movie (1986),Adventure|Animation|Children|Sci-Fi,3391
4007,Wall Street (1987),Drama,3392
4008,Born on the Fourth of July (1989),Drama|War,3393
4009,Talk Radio (1988),Drama,3394
4010,Brewster's Millions (1985),Comedy,3395
4011,Snatch (2000),Comedy|Crime|Thriller,3396
4012,Punchline (1988),Comedy|Drama,3397
4014,Chocolat (2000),Drama|Romance,3398
4015,"Dude, Where's My Car? (2000)",Comedy|Sci-Fi,3399
4016,"Emperor's New Groove, The (2000)",Adventure|Animation|Children|Comedy|Fantasy,3400
4017,Pollock (2000),Drama,3401
4018,What Women Want (2000),Comedy|Romance,3402
4019,Finding Forrester (2000),Drama,3403
4020,"Gift, The (2000)",Thriller,3404
4021,Before Night Falls (2000),Drama,3405
4022,Cast Away (2000),Drama,3406
4023,"Family Man, The (2000)",Comedy|Drama|Romance,3407
4024,"House of Mirth, The (2000)",Romance,3408
4025,Miss Congeniality (2000),Comedy|Crime,3409
4027,"O Brother, Where Art Thou? (2000)",Adventure|Comedy|Crime,3410
4028,Songcatcher (2000),Drama,3411
4029,State and Main (2000),Comedy|Drama,3412
4030,Dracula 2000 (2000),Horror,3413
4031,All the Pretty Horses (2000),Drama|Romance|Western,3414
4032,"Everlasting Piece, An (2000)",Comedy,3415
4033,Thirteen Days (2000),Drama|Thriller|War,3416
4034,Traffic (2000),Crime|Drama|Thriller,3417
4035,"Claim, The (2000)",Romance|Western,3418
4036,Shadow of the Vampire (2000),Drama|Horror,3419
4037,House of Games (1987),Crime|Film-Noir|Mystery|Thriller,3420
4038,Kill Me Again (1989),Crime|Drama|Thriller,3421
4039,Annie (1982),Children|Musical,3422
4040,Don't Tell Mom the Babysitter's Dead (1991),Comedy,3423
4041,"Officer and a Gentleman, An (1982)",Drama|Romance,3424
4042,"Alamo, The (1960)",Action|Drama|War|Western,3425
4043,At Close Range (1986),Crime|Drama,3426
4045,Breakheart Pass (1975),Western,3427
4046,Friendly Persuasion (1956),Drama,3428
4047,Gettysburg (1993),Drama|War,3429
4049,Rancho Deluxe (1975),Comedy|Western,3430
4052,Antitrust (2001),Crime|Drama|Thriller,3431
4053,Double Take (2001),Action|Comedy,3432
4054,Save the Last Dance (2001),Drama|Romance,3433
4055,Panic (2000),Drama,3434
4056,"Pledge, The (2001)",Crime|Drama|Mystery|Thriller,3435
4060,Love Field (1992),Drama,3436
4061,The Man in the Moon (1991),Drama|Romance,3437
4062,Mystic Pizza (1988),Comedy|Drama|Romance,3438
4063,Prelude to a Kiss (1992),Comedy|Drama|Romance,3439
4064,Coffy (1973),Action|Crime|Thriller,3440
4065,Foxy Brown (1974),Action|Crime|Drama,3441
4066,I'm Gonna Git You Sucka (1988),Action|Comedy,3442
4067,Untamed Heart (1993),Drama|Romance,3443
4068,Sugar & Spice (2001),Comedy,3444
4069,"Wedding Planner, The (2001)",Comedy|Romance,3445
4072,Faithless (Trolösa) (2000),Drama|Romance,3446
4074,"Legend of Rita, The (Stille nach dem Schuß, Die) (1999)",Drama,3447
4077,"With a Friend Like Harry... (Harry, un ami qui vous veut du bien) (2000)",Drama|Thriller,3448
4078,Amazing Grace and Chuck (1987),Drama,3449
4079,Amazon Women on the Moon (1987),Comedy|Sci-Fi,3450
4080,Baby Boom (1987),Comedy,3451
4081,Back to the Beach (1987),Comedy,3452
4082,Barfly (1987),Comedy|Drama|Romance,3453
4083,Best Seller (1987),Thriller,3454
4084,Beverly Hills Cop II (1987),Action|Comedy|Crime|Thriller,3455
4085,Beverly Hills Cop (1984),Action|Comedy|Crime|Drama,3456
4086,"Big Easy, The (1987)",Action|Crime|Mystery|Romance|Thriller,3457
4089,Born in East L.A. (1987),Comedy,3458
4090,"Brave Little Toaster, The (1987)",Animation|Children,3459
4091,Can't Buy Me Love (1987),Comedy|Romance,3460
4092,Cherry 2000 (1987),Romance|Sci-Fi,3461
4093,Cop (1988),Thriller,3462
4095,Cry Freedom (1987),Drama,3463
4097,Dead of Winter (1987),Horror|Thriller,3464
4098,"Dead, The (1987)",Drama,3465
4102,Eddie Murphy Raw (1987),Comedy|Documentary,3466
4103,Empire of the Sun (1987),Action|Adventure|Drama|War,3467
4104,Ernest Goes to Camp (1987),Comedy,3468
4105,"Evil Dead, The (1981)",Fantasy|Horror|Thriller,3469
4106,Extreme Prejudice (1987),Action|Crime|Drama|Thriller|Western,3470
4108,Five Corners (1987),Drama,3471
4109,Flowers in the Attic (1987),Drama|Thriller,3472
4110,"Fourth Protocol, The (1987)",Thriller,3473
4111,Gardens of Stone (1987),Drama|War,3474
4113,"Glass Menagerie, The (1987)",Drama,3475
4115,Hiding Out (1987),Comedy,3476
4116,Hollywood Shuffle (1987),Comedy,3477
4117,Hope and Glory (1987),Drama,3478
4119,Housekeeping (1987),Comedy|Drama,3479
4121,Innerspace (1987),Action|Adventure|Comedy|Sci-Fi,3480
4122,Ironweed (1987),Drama,3481
4123,Ishtar (1987),Comedy,3482
4124,Jaws: The Revenge (1987),Horror|Thriller,3483
4125,Leonard Part 6 (1987),Comedy|Sci-Fi,3484
4126,Less Than Zero (1987),Drama,3485
4127,"Like Father, Like Son (1987)",Comedy,3486
4128,"Lost Boys, The (1987)",Comedy|Horror|Thriller,3487
4129,Made in Heaven (1987),Fantasy|Romance,3488
4130,Maid to Order (1987),Comedy|Fantasy,3489
4131,Making Mr. Right (1987),Comedy|Romance|Sci-Fi,3490
4132,Mannequin (1987),Comedy|Romance,3491
4133,Masters of the Universe (1987),Action|Adventure|Fantasy|Sci-Fi,3492
4135,"Monster Squad, The (1987)",Adventure|Comedy|Horror,3493
4136,"Month in the Country, A (1987)",Drama,3494
4139,No Man's Land (1987),Crime|Drama,3495
4140,North Shore (1987),Drama|Romance,3496
4141,Head Over Heels (2001),Comedy|Romance,3497
4142,Left Behind: The Movie (2000),Action|Adventure|Drama|Thriller,3498
4143,Valentine (2001),Horror|Mystery,3499
4144,In the Mood For Love (Fa yeung nin wa) (2000),Drama|Romance,3500
4146,"Million Dollar Hotel, The (2001)",Drama|Mystery|Romance,3501
4147,Nico and Dani (Krámpack) (2000),Comedy|Drama|Romance,3502
4148,Hannibal (2001),Horror|Thriller,3503
4149,Saving Silverman (Evil Woman) (2001),Comedy|Romance,3504
4151,"Taste of Others, The (Le goût des autres) (2000)",Comedy|Drama|Romance,3505
4152,Vatel (2000),Drama,3506
4153,Down to Earth (2001),Comedy|Fantasy|Romance,3507
4154,Recess: School's Out (2001),Animation|Children,3508
4155,Sweet November (2001),Drama|Romance,3509
4157,"Price of Milk, The (2000)",Comedy|Drama|Fantasy|Romance,3510
4158,Monkeybone (2001),Animation|Comedy|Fantasy,3511
4159,3000 Miles to Graceland (2001),Action|Thriller,3512
4160,"Widow of St. Pierre, The (Veuve de Saint-Pierre, La) (2000)",Drama|Romance,3513
4161,"Mexican, The (2001)",Action|Comedy,3514
4162,See Spot Run (2001),Comedy,3515
4164,"Caveman's Valentine, The (2001)",Drama,3516
4165,"Me You Them (Eu, Tu, Eles) (2000)",Comedy|Drama|Romance,3517
4166,Series 7: The Contenders (2001),Action|Drama,3518
4167,15 Minutes (2001),Thriller,3519
4168,Get Over It (2001),Comedy|Romance,3520
4169,Blow Dry (a.k.a. Never Better) (2001),Comedy,3521
4174,Avalon (1990),Drama,3522
4175,Gray's Anatomy (1996),Comedy|Drama,3523
4176,Madadayo (a.k.a. Not Yet) (1993),Drama,3524
4177,"Mirror Crack'd, The (1980)",Crime|Mystery|Thriller,3525
4178,Of Mice and Men (1939),Drama,3526
4179,Pixote (1981),Drama,3527
4181,Tapeheads (1988),Comedy,3528
4183,"Unbelievable Truth, The (1989)",Comedy|Drama,3529
4184,"Bishop's Wife, The (1947)",Comedy|Drama|Romance,3530
4185,Elvis: That's the Way It Is (1970),Documentary,3531
4186,"Fortune Cookie, The (1966)",Comedy|Drama|Romance,3532
4187,Lilies of the Field (1963),Drama,3533
4188,Hans Christian Andersen (1952),Children|Musical,3534
4189,"Greatest Story Ever Told, The (1965)",Drama,3535
4190,Elmer Gantry (1960),Drama,3536
4191,Alfie (1966),Comedy|Drama|Romance,3537
4193,"Fantasticks, The (1995)",Musical,3538
4194,I Know Where I'm Going! (1945),Drama|Romance|War,3539
4195,"Abominable Dr. Phibes, The (1971)",Horror|Mystery,3540
4197,Real Life (1979),Comedy,3541
4198,Battle Beyond the Stars (1980),Sci-Fi,3542
4200,Double Impact (1991),Action,3543
4201,"End, The (1978)",Comedy,3544
4203,Harley Davidson and the Marlboro Man (1991),Action|Crime|Drama,3545
4205,Mermaids (1990),Comedy|Drama|Romance,3546
4206,"Mighty Quinn, The (1989)",Crime|Mystery,3547
4207,Navy Seals (1990),Action|Adventure|War,3548
4208,Unmade Beds (1997),Documentary,3549
4210,Manhunter (1986),Action|Crime|Drama|Horror|Thriller,3550
4211,Reversal of Fortune (1990),Drama,3551
4212,Death on the Nile (1978),Crime|Mystery,3552
4213,Deepstar Six (1989),Horror|Sci-Fi|Thriller,3553
4214,Revenge of the Nerds (1984),Comedy,3554
4215,Revenge of the Nerds II: Nerds in Paradise (1987),Comedy,3555
4216,Longtime Companion (1990),Drama,3556
4217,4 Little Girls (1997),Documentary,3557
4218,River's Edge (1986),Crime|Drama,3558
4219,Girls Just Want to Have Fun (1985),Comedy,3559
4220,"Longest Yard, The (1974)",Comedy,3560
4221,Necessary Roughness (1991),Comedy,3561
4222,C.H.U.D. (1984),Horror,3562
4223,Enemy at the Gates (2001),Drama|War,3563
4224,Exit Wounds (2001),Action|Thriller,3564
4225,"Dish, The (2001)",Comedy,3565
4226,Memento (2000),Mystery|Thriller,3566
4227,"Brothers, The (2001)",Comedy|Drama,3567
4228,Heartbreakers (2001),Comedy|Crime|Romance,3568
4229,Say It Isn't So (2001),Comedy|Romance,3569
4231,Someone Like You (2001),Comedy|Romance,3570
4232,Spy Kids (2001),Action|Adventure|Children|Comedy,3571
4233,Tomcats (2001),Comedy,3572
4234,"Tailor of Panama, The (2001)",Drama|Thriller,3573
4235,Amores Perros (Love's a Bitch) (2000),Drama|Thriller,3574
4236,Keep the River on Your Right: A Modern Cannibal Tale (2000),Documentary,3575
4237,"Gleaners & I, The (Les glaneurs et la glaneuse) (2000)",Documentary,3576
4238,Along Came a Spider (2001),Action|Crime|Mystery|Thriller,3577
4239,Blow (2001),Crime|Drama,3578
4240,Just Visiting (2001),Comedy|Fantasy,3579
4241,Pokémon 3: The Movie (2001),Animation|Children,3580
4242,Beautiful Creatures (2000),Comedy|Crime|Drama|Thriller,3581
4243,Brigham City (2001),Crime|Drama|Mystery,3582
4244,"Day I Became a Woman, The (Roozi khe zan shodam) (2000)",Drama,3583
4245,Shadow Magic (2000),Drama|Romance,3584
4246,Bridget Jones's Diary (2001),Comedy|Drama|Romance,3585
4247,Joe Dirt (2001),Adventure|Comedy|Mystery|Romance,3586
4248,Josie and the Pussycats (2001),Comedy,3587
4250,"Body, The (2001)",Drama|Sci-Fi,3588
4251,Chopper (2000),Drama|Thriller,3589
4252,"Circle, The (Dayereh) (2000)",Drama,3590
4254,Crocodile Dundee in Los Angeles (2001),Comedy|Drama,3591
4255,Freddy Got Fingered (2001),Comedy,3592
4256,"Center of the World, The (2001)",Drama,3593
4259,"Luzhin Defence, The (2000)",Drama|Romance,3594
4261,Lilies (1996),Drama|Fantasy|Romance,3595
4262,Scarface (1983),Action|Crime|Drama,3596
4263,Days of Wine and Roses (1962),Drama,3597
4265,Driven (2001),Action|Thriller,3598
4266,"Forsaken, The (2001)",Horror,3599
4267,One Night at McCool's (2001),Comedy,3600
4270,"Mummy Returns, The (2001)",Action|Adventure|Comedy|Thriller,3601
4271,Eureka (Yurîka) (2000),Drama,3602
4272,Tuvalu (1999),Comedy,3603
4273,Under the Sand (2000),Drama,3604
4274,Cleopatra (1963),Drama|Romance,3605
4275,Krull (1983),Action|Adventure|Fantasy|Sci-Fi,3606
4276,Lost in America (1985),Comedy,3607
4277,"Lost World, The (1925)",Adventure|Sci-Fi,3608
4278,Triumph of the Will (Triumph des Willens) (1934),Documentary,3609
4279,True Believer (1989),Crime,3610
4280,"World According to Garp, The (1982)",Comedy|Drama|Romance,3611
4281,Candy (1968),Comedy,3612
4282,Fellini Satyricon (1969),Drama|Fantasy,3613
4283,Fellini's Roma (Roma) (1972),Drama,3614
4284,Frankie and Johnny (1966),Comedy,3615
4285,Frankie and Johnny (1991),Comedy|Romance,3616
4286,"Home of Our Own, A (1993)",Drama,3617
4287,Paris When It Sizzles (1964),Comedy|Romance,3618
4289,"City of Women, The (Città delle donne, La) (1980)",Comedy|Drama,3619
4290,For the Boys (1991),Comedy|Drama|Musical,3620
4291,Nine to Five (a.k.a. 9 to 5) (1980),Comedy|Crime,3621
4292,Norma Rae (1979),Drama,3622
4293,Summer Rental (1985),Comedy,3623
4294,"5,000 Fingers of Dr. T, The (1953)",Children|Fantasy|Musical,3624
4296,Love Story (1970),Drama|Romance,3625
4297,Pelle the Conqueror (Pelle erobreren) (1987),Drama,3626
4298,Rififi (Du rififi chez les hommes) (1955),Crime|Film-Noir|Thriller,3627
4299,"Knight's Tale, A (2001)",Action|Comedy|Romance,3628
4300,Bread and Roses (2000),Drama,3629
4301,Calle 54 (2000),Documentary|Musical,3630
4302,"King Is Alive, The (2000)",Drama,3631
4303,Sordid Lives (2000),Comedy,3632
4304,Startup.com (2001),Documentary,3633
4305,Angel Eyes (2001),Romance|Thriller,3634
4306,Shrek (2001),Adventure|Animation|Children|Comedy|Fantasy|Romance,3635
4308,Moulin Rouge (2001),Drama|Musical|Romance,3636
4310,Pearl Harbor (2001),Action|Drama|Romance|War,3637
4312,Himalaya (Himalaya - l'enfance d'un chef) (1999),Adventure|Drama,3638
4313,"Man Who Cried, The (2000)",Drama,3639
4314,Our Song (2000),Drama,3640
4316,Ice Castles (1978),Drama,3641
4317,Love Potion #9 (1992),Comedy|Romance,3642
4318,Postcards From the Edge (1990),Comedy|Drama,3643
4320,"Buffalo Bill and the Indians, or Sitting Bull's History Lesson (a.k.a. Buffalo Bill and the Indians) (1976)",Comedy|Western,3644
4321,City Slickers (1991),Comedy|Western,3645
4322,Eight Men Out (1988),Drama,3646
4323,"Horse Soldiers, The (1959)",Adventure|War|Western,3647
4324,"Kentuckian, The (1955)",Drama|Western,3648
4325,"Night, The (Notte, La) (1960)",Drama,3649
4326,Mississippi Burning (1988),Crime|Drama|Thriller,3650
4327,"Magnificent Seven, The (1960)",Adventure|Western,3651
4328,"Return of the Magnificent Seven, The (a.k.a. Return of the Seven) (1966)",Western,3652
4329,Rio Bravo (1959),Western,3653
4330,"Scarlet Empress, The (1934)",Drama,3654
4331,Semi-Tough (1978),Comedy,3655
4332,Suspect (1987),Crime|Drama|Thriller,3656
4333,Throw Momma from the Train (1987),Comedy|Crime,3657
4334,Yi Yi (2000),Drama,3658
4335,Midnight Madness (1980),Comedy,3659
4336,Nightwatch (Nattevagten) (1994),Horror|Thriller,3660
4337,"Sand Pebbles, The (1966)",Drama|Romance|War,3661
4338,Twelve O'Clock High (1949),Drama|War,3662
4339,Von Ryan's Express (1965),Action|Adventure|Drama|War,3663
4340,"Animal, The (2001)",Comedy,3664
4341,What's the Worst That Could Happen? (2001),Comedy,3665
4342,Big Eden (2000),Drama|Romance,3666
4343,Evolution (2001),Comedy|Sci-Fi,3667
4344,Swordfish (2001),Action|Crime|Drama,3668
4345,"Anniversary Party, The (2001)",Drama,3669
4347,Divided We Fall (Musíme si pomáhat) (2000),Comedy|Drama,3670
4349,Catch-22 (1970),Comedy|War,3671
4350,Forgotten Silver (1996),Comedy|Documentary,3672
4351,Point Break (1991),Action|Crime|Thriller,3673
4352,Shag (1989),Comedy|Drama,3674
4353,Uncommon Valor (1983),Action|War,3675
4354,Unlawful Entry (1992),Crime|Thriller,3676
4355,Youngblood (1986),Action|Drama,3677
4356,Gentlemen Prefer Blondes (1953),Comedy|Musical|Romance,3678
4357,How to Marry a Millionaire (1953),Comedy|Drama|Romance,3679
4359,"Seven Year Itch, The (1955)",Comedy,3680
4360,There's No Business Like Show Business (1954),Musical,3681
4361,Tootsie (1982),Comedy|Romance,3682
4363,Too Late the Hero (1970),Action|War,3683
4366,Atlantis: The Lost Empire (2001),Adventure|Animation|Children|Fantasy,3684
4367,Lara Croft: Tomb Raider (2001),Action|Adventure,3685
4368,Dr. Dolittle 2 (2001),Comedy,3686
4369,"Fast and the Furious, The (2001)",Action|Crime|Thriller,3687
4370,A.I. Artificial Intelligence (2001),Adventure|Drama|Sci-Fi,3688
4371,Baby Boy (2001),Crime|Drama,3689
4372,Crazy/Beautiful (2001),Drama|Romance,3690
4373,Pootie Tang (2001),Comedy,3691
4375,"Adventures of Felix, The (a.k.a. Funny Felix) (Drôle de Félix) (2000)",Comedy|Drama,3692
4376,Down From the Mountain (2000),Documentary,3693
4378,Sexy Beast (2000),Crime|Drama,3694
4380,"Princess and the Warrior, The (Krieger und die Kaiserin, Der) (2000)",Drama|Romance,3695
4381,"Closet, The (Placard, Le) (2001)",Comedy,3696
4383,"Crimson Rivers, The (Rivières pourpres, Les) (2000)",Crime|Drama|Mystery|Thriller,3697
4384,Lumumba (2000),Drama,3698
4386,Cats & Dogs (2001),Children|Comedy,3699
4387,Kiss of the Dragon (2001),Action,3700
4388,Scary Movie 2 (2001),Comedy,3701
4389,Lost and Delirious (2001),Drama,3702
4390,Rape Me (Baise-moi) (2000),Crime|Drama|Thriller,3703
4391,"Vertical Ray of the Sun, The (Mua he chieu thang dung) (2000)",Drama,3704
4392,Alice (1990),Comedy|Drama|Fantasy|Romance,3705
4393,Another Woman (1988),Drama,3706
4394,Beach Blanket Bingo (1965),Comedy|Musical,3707
4395,Big Deal on Madonna Street (I Soliti Ignoti) (1958),Comedy|Crime,3708
4396,"Cannonball Run, The (1981)",Action|Comedy,3709
4397,Cannonball Run II (1984),Action|Comedy,3710
4399,"Diary of a Chambermaid (Journal d'une femme de chambre, Le) (1964)",Comedy|Drama,3711
4401,Donovan's Reef (1963),Action|Comedy|Romance,3712
4403,"Fall of the House of Usher, The (House of Usher) (1960)",Horror,3713
4404,Faust (1926),Drama|Fantasy|Horror,3714
4405,"Last Laugh, The (Letzte Mann, Der) (1924)",Drama,3715
4406,"Man Who Shot Liberty Valance, The (1962)",Crime|Drama|Western,3716
4407,Salvador (1986),Drama|Thriller|War,3717
4408,September (1987),Drama,3718
4409,Shadows and Fog (1991),Comedy|Drama|Mystery|Thriller,3719
4410,Something Wild (1986),Comedy|Crime|Drama,3720
4411,Sons of Katie Elder (1965),Western,3721
4414,X: The Man with the X-Ray Eyes (1963),Sci-Fi|Thriller,3722
4415,Cheech & Chong's Nice Dreams (1981),Comedy,3723
4416,"Day the Earth Caught Fire, The (1961)",Sci-Fi,3724
4417,"House by the Cemetery, The (Quella villa accanto al cimitero) (1981)",Horror,3725
4419,All That Heaven Allows (1955),Drama|Romance,3726
4420,"Barefoot Contessa, The (1954)",Drama,3727
4422,Cries and Whispers (Viskningar och rop) (1972),Drama,3728
4423,"Entertainer, The (1960)",Drama,3729
4424,"Garden of the Finzi-Continis, The (Giardino dei Finzi-Contini, Il) (1970)",Drama,3730
4426,Kiss Me Deadly (1955),Film-Noir,3731
4427,"Lion in Winter, The (1968)",Drama,3732
4428,"Misfits, The (1961)",Comedy|Drama|Romance|Western,3733
4429,Moby Dick (1956),Drama,3734
4431,Rembrandt (1936),Drama,3735
4432,Sweet Smell of Success (1957),Drama|Film-Noir,3736
4433,Written on the Wind (1956),Drama,3737
4434,"10th Victim, The (La decima vittima) (1965)",Action|Comedy|Sci-Fi|Thriller,3738
4435,Colonel Redl (Oberst Redl) (1985),Drama,3739
4436,Obsession (1976),Mystery|Thriller,3740
4437,Suspiria (1977),Horror,3741
4438,"Fist of Fury (Chinese Connection, The) (Jing wu men) (1972)",Action|Drama|Romance|Thriller,3742
4439,Christiane F. (a.k.a. We Children from Bahnhof Zoo) (Christiane F. - Wir Kinder vom Bahnhof Zoo) (1981),Drama,3743
4440,"Big Boss, The (Fists of Fury) (Tang shan da xiong) (1971)",Action|Thriller,3744
4441,Game of Death (1978),Action,3745
4442,"Last Dragon, The (1985)",Action|Comedy|Drama,3746
4443,Outland (1981),Action|Sci-Fi|Thriller,3747
4444,"Way of the Dragon, The (a.k.a. Return of the Dragon) (Meng long guo jiang) (1972)",Action|Crime,3748
4446,Final Fantasy: The Spirits Within (2001),Adventure|Animation|Fantasy|Sci-Fi,3749
4447,Legally Blonde (2001),Comedy|Romance,3750
4448,"Score, The (2001)",Action|Drama,3751
4450,Bully (2001),Crime|Drama|Thriller,3752
4451,Jump Tomorrow (2001),Comedy|Drama|Romance,3753
4452,Made (2001),Comedy,3754
4453,Michael Jordan to the Max (2000),Documentary|IMAX,3755
4454,More (1998),Animation|Drama|Sci-Fi|IMAX,3756
4458,Africa: The Serengeti (1994),Documentary|IMAX,3757
4459,Alaska: Spirit of the Wild (1997),Documentary|IMAX,3758
4462,18 Again! (1988),Comedy|Fantasy,3759
4464,"Accidental Tourist, The (1988)",Comedy|Drama|Romance,3760
4465,"Accused, The (1988)",Drama,3761
4466,Above the Law (1988),Action|Crime|Drama,3762
4467,"Adventures of Baron Munchausen, The (1988)",Adventure|Comedy|Fantasy,3763
4468,Apartment Zero (1988),Drama|Thriller,3764
4469,Appointment with Death (1988),Crime|Mystery,3765
4470,Ariel (1988),Drama,3766
4471,Arthur 2: On the Rocks (1988),Comedy|Romance,3767
4473,Bat*21 (1988),Drama|War,3768
4474,Beaches (1988),Comedy|Drama|Musical,3769
4475,"Beast of War, The (Beast, The) (1988)",Drama|War,3770
4476,Big Business (1988),Comedy,3771
4477,Big Top Pee-Wee (1988),Adventure|Children|Comedy,3772
4478,Biloxi Blues (1988),Comedy|Drama,3773
4479,Bird (1988),Drama|Musical,3774
4480,"Blob, The (1988)",Horror|Sci-Fi,3775
4481,"Boost, The (1988)",Drama,3776
4482,"Bright Lights, Big City (1988)",Drama,3777
4483,Caddyshack II (1988),Comedy,3778
4484,Camille Claudel (1988),Drama,3779
4485,Casual Sex? (1988),Comedy,3780
4486,Clean and Sober (1988),Drama,3781
4487,Cocktail (1988),Drama|Romance,3782
4488,Colors (1988),Action|Crime|Drama,3783
4489,Coming to America (1988),Comedy|Romance,3784
4492,Critters (1986),Comedy|Sci-Fi,3785
4493,Critters 2: The Main Course (1988),Comedy|Horror|Sci-Fi,3786
4494,Critters 3 (1991),Comedy|Sci-Fi,3787
4495,Crossing Delancey (1988),Comedy|Romance,3788
4496,D.O.A. (1988),Film-Noir|Mystery|Thriller,3789
4497,Dead Heat (1988),Action|Comedy|Horror|Sci-Fi,3790
4498,"Dead Pool, The (1988)",Action|Crime|Thriller,3791
4499,Dirty Rotten Scoundrels (1988),Comedy,3792
4500,Drowning by Numbers (1988),Comedy|Drama,3793
4501,"Elvira, Mistress of the Dark (1988)",Comedy|Horror,3794
4502,Ernest Saves Christmas (1988),Children|Comedy,3795
4503,Everybody's All-American (1988),Romance,3796
4504,Feds (1988),Comedy,3797
4505,For Keeps (1988),Drama|Romance,3798
4506,Frantic (1988),Crime|Mystery|Thriller,3799
4508,Gorillas in the Mist (1988),Drama,3800
4509,"Great Outdoors, The (1988)",Comedy,3801
4511,High Spirits (1988),Comedy,3802
4515,Imagine: John Lennon (1988),Documentary,3803
4517,Lady in White (a.k.a. The Mystery of the Lady in White) (1988),Horror|Mystery|Thriller,3804
4518,The Lair of the White Worm (1988),Comedy|Horror,3805
4519,"Land Before Time, The (1988)",Adventure|Animation|Children|Fantasy,3806
4520,License to Drive (1988),Comedy,3807
4521,Little Nikita (1988),Drama,3808
4522,Masquerade (1988),Mystery|Romance|Thriller,3809
4523,Milagro Beanfield War (1988),Comedy|Drama|Fantasy,3810
4524,Moon Over Parador (1988),Comedy,3811
4525,Moving (1988),Comedy,3812
4526,My Stepmother Is an Alien (1988),Comedy|Romance|Sci-Fi,3813
4529,Bagdad Cafe (Out of Rosenheim) (1987),Comedy|Drama,3814
4531,Red Heat (1988),Action,3815
4532,Return of the Living Dead Part II (1988),Comedy|Horror,3816
4533,"Return of the Living Dead, The (1985)",Comedy|Horror|Sci-Fi,3817
4534,Return to Snowy River (a.k.a. The Man From Snowy River II) (1988),Adventure|Drama|Western,3818
4535,"Man from Snowy River, The (1982)",Drama|Romance|Western,3819
4537,Running on Empty (1988),Drama,3820
4538,Salome's Last Dance (1988),Comedy|Drama,3821
4541,"Serpent and the Rainbow, The (1988)",Horror,3822
4543,Shoot to Kill (1988),Action|Adventure,3823
4544,Short Circuit 2 (1988),Comedy|Sci-Fi,3824
4545,Short Circuit (1986),Comedy|Sci-Fi,3825
4546,"Vanishing, The (Spoorloos) (1988)",Drama|Thriller,3826
4547,Stormy Monday (1988),Crime|Drama,3827
4552,"Tetsuo, the Ironman (Tetsuo) (1988)",Action|Horror|Sci-Fi|Thriller,3828
4553,They Live (1988),Action|Sci-Fi|Thriller,3829
4555,Torch Song Trilogy (1988),Comedy|Drama|Romance,3830
4557,Tucker: The Man and His Dream (1988),Drama,3831
4558,Twins (1988),Comedy,3832
4559,Vice Versa (1988),Comedy,3833
4561,Waxwork (1988),Comedy|Horror,3834
4562,Without a Clue (1988),Comedy|Mystery,3835
4563,Young Einstein (1988),Comedy,3836
4564,Always (1989),Drama|Fantasy|Romance,3837
4565,American Ninja (1985),Action|Adventure,3838
4566,American Ninja 2: The Confrontation (1987),Action|Adventure,3839
4568,Best of the Best (1989),Action,3840
4570,"Big Picture, The (1989)",Comedy|Drama,3841
4571,Bill & Ted's Excellent Adventure (1989),Adventure|Comedy|Sci-Fi,3842
4572,Black Rain (1989),Action|Crime|Drama,3843
4573,Blaze (1989),Comedy|Drama,3844
4574,Blind Fury (1989),Action|Thriller,3845
4575,Breaking In (1989),Adventure|Comedy,3846
4577,Casualties of War (1989),Drama|War,3847
4578,Chances Are (1989),Comedy|Romance,3848
4580,Cyborg (1989),Action|Sci-Fi,3849
4581,Dad (1989),Drama,3850
4583,Disorganized Crime (1989),Action|Comedy,3851
4584,Dream a Little Dream (1989),Comedy|Drama|Romance,3852
4585,"Dream Team, The (1989)",Comedy,3853
4586,"Dry White Season, A (1989)",Drama|Thriller,3854
4587,Earth Girls Are Easy (1988),Comedy|Musical|Sci-Fi,3855
4589,Eddie and the Cruisers (1983),Drama|Musical|Mystery,3856
4590,Enemies: A Love Story (1989),Drama,3857
4591,Erik the Viking (1989),Adventure|Comedy|Fantasy,3858
4593,Family Business (1989),Comedy,3859
4595,Fat Man and Little Boy (1989),Drama,3860
4597,Gleaming the Cube (1989),Action|Drama|Mystery,3861
4599,Great Balls of Fire! (1989),Drama,3862
4600,Gross Anatomy (a.k.a. A Cut Above) (1989),Comedy|Drama,3863
4601,Happy Together (1989),Drama|Romance,3864
4602,Harlem Nights (1989),Comedy|Crime|Romance,3865
4603,Her Alibi (1989),Comedy|Romance,3866
4605,How to Get Ahead in Advertising (1989),Comedy|Fantasy,3867
4607,In Country (1989),Drama,3868
4608,"Innocent Man, An (1989)",Crime|Drama,3869
4609,Jacknife (1989),Drama,3870
4610,"January Man, The (1989)",Comedy|Crime|Mystery|Thriller,3871
4612,Jesus of Montreal (Jésus de Montréal) (1989),Drama,3872
4613,K-9 (1989),Action|Comedy|Crime,3873
4614,Kickboxer (1989),Action,3874
4615,Last Exit to Brooklyn (1989),Drama,3875
4616,Lean on Me (1989),Drama,3876
4617,Let It Ride (1989),Comedy,3877
4618,Leviathan (1989),Horror|Sci-Fi|Thriller,3878
4619,Little Monsters (1989),Comedy,3879
4620,Lock Up (1989),Action|Adventure|Crime|Drama|Thriller,3880
4621,Look Who's Talking (1989),Comedy|Romance,3881
4622,Loverboy (1989),Comedy,3882
4623,Major League (1989),Comedy,3883
4624,Meet the Feebles (1989),Animation|Comedy|Musical,3884
4625,Millennium (1989),Drama|Sci-Fi|Thriller,3885
4626,Miracle Mile (1989),Drama|Romance|Sci-Fi,3886
4627,Miss Firecracker (1989),Comedy,3887
4628,New York Stories (1989),Comedy|Drama,3888
4629,Next of Kin (1989),Action|Crime|Thriller,3889
4632,"Package, The (1989)",Action|Thriller,3890
4633,Parents (1989),Comedy|Drama|Horror,3891
4634,Penn & Teller Get Killed (1989),Adventure|Comedy,3892
4635,Pink Cadillac (1989),Action|Comedy|Drama,3893
4636,"Punisher, The (1989)",Action,3894
4638,Jurassic Park III (2001),Action|Adventure|Sci-Fi|Thriller,3895
4639,America's Sweethearts (2001),Comedy|Romance,3896
4640,Brother (2000),Action|Crime|Thriller,3897
4641,Ghost World (2001),Comedy|Drama,3898
4642,Hedwig and the Angry Inch (2000),Comedy|Drama|Musical,3899
4643,Planet of the Apes (2001),Action|Adventure|Drama|Sci-Fi,3900
4644,Bread and Tulips (Pane e tulipani) (2000),Comedy|Drama|Romance,3901
4645,Cure (1997),Crime|Horror|Thriller,3902
4646,Greenfingers (2000),Comedy|Drama,3903
4649,Wet Hot American Summer (2001),Comedy,3904
4653,"Return of the Musketeers, The (1989)",Adventure|Comedy,3905
4654,Road House (1989),Action|Drama,3906
4655,Romero (1989),Drama,3907
4658,Santa Sangre (1989),Drama|Horror|Mystery|Thriller,3908
4659,Scandal (1989),Drama,3909
4660,Scenes from the Class Struggle in Beverly Hills (1989),Comedy,3910
4661,Sea of Love (1989),Crime|Drama|Thriller,3911
4662,"See No Evil, Hear No Evil (1989)",Comedy|Crime,3912
4663,She's Out of Control (1989),Comedy,3913
4664,Shirley Valentine (1989),Comedy|Romance,3914
4665,Shocker (1989),Horror,3915
4666,Skin Deep (1989),Comedy,3916
4668,Some Girls (1988),Comedy|Drama|Romance,3917
4670,"Stepfather, The (1987)",Horror|Thriller,3918
4671,Sweetie (1989),Drama,3919
4672,"Tall Guy, The (1989)",Comedy|Romance,3920
4673,Tango & Cash (1989),Action|Comedy|Crime|Thriller,3921
4675,Three Fugitives (1989),Action|Comedy,3922
4676,Troop Beverly Hills (1989),Comedy,3923
4677,Turner & Hooch (1989),Comedy|Crime,3924
4678,UHF (1989),Comedy,3925
4679,Uncle Buck (1989),Comedy,3926
4680,Vampire's Kiss (1989),Comedy|Fantasy|Horror,3927
4681,"War of the Roses, The (1989)",Comedy|Drama,3928
4682,Warlock (1989),Action|Horror,3929
4683,"Wizard, The (1989)",Adventure|Children|Comedy|Drama,3930
4685,Warlock: The Armageddon (1993),Horror,3931
4686,Weekend at Bernie's II (1993),Adventure|Comedy,3932
4687,Billy Liar (1963),Comedy,3933
4688,Black Robe (1991),Adventure|Drama,3934
4689,"Cat o' Nine Tails, The (Gatto a nove code, Il) (1971)",Mystery|Thriller,3935
4690,"Cotton Club, The (1984)",Crime|Musical,3936
4692,"Hotel New Hampshire, The (1984)",Drama,3937
4695,Who'll Stop the Rain (1978),Crime|Drama,3938
4696,"Zorro, the Gay Blade (1981)",Comedy,3939
4697,Basket Case (1982),Comedy|Horror,3940
4698,Orphans (1997),Comedy|Drama,3941
4699,Original Sin (2001),Drama|Romance|Thriller,3942
4700,"Princess Diaries, The (2001)",Children|Comedy|Romance,3943
4701,Rush Hour 2 (2001),Action|Comedy,3944
4702,Thomas in Love (Thomas est Amoureux) (2000),Comedy|Drama,3945
4703,Chocolat (1988),Drama,3946
4704,Hatari! (1962),Adventure|Comedy,3947
4705,"Cage aux Folles, La (1978)",Comedy,3948
4706,"Cage aux Folles II, La (1980)",Comedy,3949
4708,Marat/Sade (1966),Drama|Musical,3950
4709,Paint Your Wagon (1969),Comedy|Musical|Western,3951
4710,"Shootist, The (1976)",Drama|Western,3952
4711,Theremin: An Electronic Odyssey (1993),Documentary,3953
4712,"Wild Child, The (Enfant sauvage, L') (1970)",Drama,3954
4713,Altered States (1980),Drama|Sci-Fi,3955
4714,Any Which Way You Can (1980),Comedy,3956
4715,"Awakening, The (1980)",Horror,3957
4716,Bad Timing: A Sensual Obsession (1980),Drama,3958
4717,"Battle Creek Brawl (Big Brawl, The) (1980)",Action|Comedy,3959
4718,American Pie 2 (2001),Comedy,3960
4719,Osmosis Jones (2001),Action|Animation|Comedy|Crime|Drama|Romance|Thriller,3961
4720,"Others, The (2001)",Drama|Horror|Mystery|Thriller,3962
4721,American Outlaws (2001),Action|Comedy|Western,3963
4722,All Over the Guy (2001),Comedy,3964
4723,"Deep End, The (2001)",Drama,3965
4724,On the Edge (2001),Drama,3966
4725,Session 9 (2001),Horror|Thriller,3967
4727,Captain Corelli's Mandolin (2001),Drama|Romance|War,3968
4728,Rat Race (2001),Comedy,3969
4729,Aberdeen (2000),Drama,3970
4731,Innocence (2000),Drama,3971
4732,Bubble Boy (2001),Comedy,3972
4733,"Curse of the Jade Scorpion, The (2001)",Comedy,3973
4734,Jay and Silent Bob Strike Back (2001),Adventure|Comedy,3974
4735,Ghosts of Mars (2001),Horror|Sci-Fi|Thriller,3975
4736,Summer Catch (2001),Comedy|Drama|Romance,3976
4737,"American Rhapsody, An (2001)",Drama,3977
4738,Happy Accidents (2000),Romance|Sci-Fi,3978
4740,Maybe Baby (2000),Comedy|Romance,3979
4741,Together (Tillsammans) (2000),Comedy|Drama|Romance,3980
4743,Tortilla Soup (2001),Comedy|Romance,3981
4744,Jeepers Creepers (2001),Horror,3982
4745,O (2001),Drama,3983
4748,3 Ninjas (1992),Action|Children|Comedy,3984
4749,3 Ninjas Kick Back (1994),Action|Children|Comedy,3985
4750,3 Ninjas Knuckle Up (1995),Action|Children,3986
4751,"Hunter, The (1980)",Action|Thriller,3987
4752,Maniac (1980),Horror,3988
4753,Vamp (1986),Comedy|Horror,3989
4754,"Wicker Man, The (1973)",Drama|Horror|Mystery|Thriller,3990
4755,Wish Upon a Star (1996),Comedy,3991
4756,"Musketeer, The (2001)",Action|Adventure|Drama|Romance,3992
4757,Rock Star (2001),Comedy|Drama|Musical,3993
4758,Soul Survivors (a.k.a. The Killer Cut) (2001),Horror|Thriller,3994
4759,Two Can Play That Game (2001),Comedy|Drama,3995
4761,Diamond Men (2001),Drama,3996
4763,"Iron Ladies, The (Satree lek) (2000)",Comedy,3997
4765,L.I.E. (2001),Drama,3998
4766,"Our Lady of the Assassins (Virgen de los sicarios, La) (2000)",Crime|Drama|Romance,3999
4767,Abbott and Costello Meet the Mummy (1955),Comedy|Horror,4000
4768,"Dr. Mabuse: The Gambler (Dr. Mabuse, der Spieler) (1922)",Crime|Mystery|Thriller,4001
4769,Into the Arms of Strangers: Stories of the Kindertransport (2000),Documentary,4002
4770,"Glass House, The (2001)",Thriller,4003
4771,Hardball (2001),Drama,4004
4772,Dinner Rush (2000),Drama,4005
4773,Haiku Tunnel (2001),Comedy,4006
4774,Big Trouble (2002),Comedy|Crime,4007
4776,Training Day (2001),Crime|Drama|Thriller,4008
4777,"American Astronaut, The (2001)",Comedy|Musical|Sci-Fi,4009
4778,Children Underground (2001),Documentary,4010
4779,Go Tigers! (2001),Documentary,4011
4780,Liam (2000),Drama,4012
4782,Sidewalks of New York (2001),Comedy|Romance,4013
4783,"Endurance: Shackleton's Legendary Antarctic Expedition, The (2000)",Documentary,4014
4784,"French Lieutenant's Woman, The (1981)",Drama,4015
4785,"Great Silence, The (Grande silenzio, Il) (1969)",Drama|Western,4016
4786,"Legend of Hell House, The (1973)",Horror|Thriller,4017
4787,Little Man Tate (1991),Drama,4018
4788,Moscow Does Not Believe in Tears (Moskva slezam ne verit) (1979),Drama|Romance,4019
4789,Phantom of the Paradise (1974),Comedy|Fantasy|Horror|Musical|Thriller,4020
4790,"Return of a Man Called Horse, The (1976)",Western,4021
4791,Valdez Is Coming (1971),Western,4022
4792,13 Ghosts (1960),Horror,4023
4793,Montenegro (1981),Comedy|Drama,4024
4794,Opera (1987),Crime|Horror|Mystery,4025
4795,Father Goose (1964),Adventure|Comedy|Romance|War,4026
4796,"Grass Is Greener, The (1960)",Comedy|Romance,4027
4798,Indiscreet (1958),Comedy|Romance,4028
4799,"It's a Mad, Mad, Mad, Mad World (1963)",Action|Adventure|Comedy|Crime,4029
4800,King Solomon's Mines (1937),Action|Adventure|Drama|Romance|Thriller,4030
4801,"Little Foxes, The (1941)",Drama,4031
4802,Operation Petticoat (1959),Action|Comedy|Romance|War,4032
4803,Play Misty for Me (1971),Drama|Thriller,4033
4804,Pocketful of Miracles (1961),Comedy|Drama,4034
4805,Sayonara (1957),Drama,4035
4806,"Shop on Main Street, The (Obchod na korze) (1965)",Drama,4036
4808,"Vanishing, The (1993)",Mystery|Thriller,4037
4809,Silkwood (1983),Drama,4038
4810,I Never Promised You a Rose Garden (1977),Drama,4039
4811,Quadrophenia (1979),Drama|Musical,4040
4812,SpaceCamp (1986),Adventure|Sci-Fi,4041
4813,When Worlds Collide (1951),Sci-Fi,4042
4814,Don't Say a Word (2001),Thriller,4043
4815,Hearts in Atlantis (2001),Drama,4044
4816,Zoolander (2001),Comedy,4045
4817,Born Romantic (2000),Comedy|Drama|Romance,4046
4819,Go Figure (Va savoir) (2001),Comedy|Drama|Romance,4047
4821,Joy Ride (2001),Adventure|Thriller,4048
4822,Max Keeble's Big Move (2001),Children|Comedy,4049
4823,Serendipity (2001),Comedy|Romance,4050
4824,Grateful Dawg (2000),Documentary,4051
4825,"Swamp, The (Ciénaga, La) (2001)",Comedy|Drama,4052
4826,"Big Red One, The (1980)",Action|Adventure|Drama|War,4053
4828,"Party, The (Boum, La) (1980)",Comedy|Romance,4054
4829,Lady in a Cage (1964),Drama|Thriller,4055
4830,Brubaker (1980),Crime|Drama,4056
4833,"Changeling, The (1980)",Horror|Mystery|Thriller,4057
4834,Cheech & Chong's Next Movie (1980),Comedy,4058
4835,Coal Miner's Daughter (1980),Drama,4059
4836,"Competition, The (1980)",Drama|Romance,4060
4837,Cruising (1980),Crime|Drama|Thriller,4061
4838,D.O.A. (1980),Documentary,4062
4840,"Last Metro, The (Dernier métro, Le) (1980)",Drama|Romance,4063
4841,Divine Madness! (1980),Comedy,4064
4842,"Dogs of War, The (1980)",Drama|War,4065
4844,Bandits (2001),Comedy|Crime|Romance,4066
4845,Corky Romano (2001),Comedy|Crime,4067
4846,Iron Monkey (Siu nin Wong Fei-hung ji: Tit Ma Lau) (1993),Action|Comedy,4068
4847,Fat Girl (À ma soeur!) (2001),Drama,4069
4848,Mulholland Drive (2001),Crime|Drama|Film-Noir|Mystery|Thriller,4070
4849,My First Mister (2001),Comedy|Drama,4071
4850,Spriggan (Supurigan) (1998),Action|Animation|Sci-Fi,4072
4851,Things Behind the Sun (2001),Drama,4073
4855,Dirty Harry (1971),Action|Crime|Thriller,4074
4856,Destiny in Space (1994),Documentary|IMAX,4075
4857,Fiddler on the Roof (1971),Drama|Musical,4076
4858,Hail Columbia! (1982),Documentary|IMAX,4077
4861,Mission to Mir (1997),Documentary|IMAX,4078
4862,Not Without My Daughter (1991),Drama,4079
4863,Female Trouble (1975),Comedy|Crime,4080
4864,Titanica (1992),Documentary|IMAX,4081
4865,From Hell (2001),Crime|Horror|Mystery|Thriller,4082
4866,"Last Castle, The (2001)",Action,4083
4867,Riding in Cars with Boys (2001),Comedy|Drama,4084
4868,Bangkok Dangerous (2000),Action|Crime|Romance,4085
4869,Burnt Money (Plata Quemada) (2000),Action|Crime|Drama|Romance|Thriller,4086
4871,Focus (2001),Drama,4087
4872,Intimacy (2000),Drama,4088
4873,Waking Life (2001),Animation|Drama|Fantasy,4089
4874,K-PAX (2001),Drama|Fantasy|Mystery|Sci-Fi,4090
4876,Thirteen Ghosts (a.k.a. Thir13en Ghosts) (2001),Horror|Thriller,4091
4877,Better Than Sex (2000),Comedy|Romance,4092
4878,Donnie Darko (2001),Drama|Mystery|Sci-Fi|Thriller,4093
4880,Life as a House (2001),Drama,4094
4881,"Man Who Wasn't There, The (2001)",Crime|Drama,4095
4884,Trembling Before G-d (2001),Documentary,4096
4885,Domestic Disturbance (2001),Thriller,4097
4886,"Monsters, Inc. (2001)",Adventure|Animation|Children|Comedy|Fantasy,4098
4887,"One, The (2001)",Action|Sci-Fi|Thriller,4099
4888,Tape (2001),Drama,4100
4889,Heist (2001),Crime|Drama,4101
4890,Shallow Hal (2001),Comedy|Fantasy|Romance,4102
4892,Maze (2000),Romance,4103
4893,When a Stranger Calls (1979),Horror|Thriller,4104
4894,Timerider: The Adventure of Lyle Swann (1982),Action|Adventure|Sci-Fi|Western,4105
4896,Harry Potter and the Sorcerer's Stone (a.k.a. Harry Potter and the Philosopher's Stone) (2001),Adventure|Children|Fantasy,4106
4898,Novocaine (2001),Comedy|Crime|Mystery|Thriller,4107
4899,Black Knight (2001),Adventure|Comedy|Fantasy,4108
4900,Out Cold (2001),Comedy,4109
4901,Spy Game (2001),Action|Crime|Drama|Thriller,4110
4902,"Devil's Backbone, The (Espinazo del diablo, El) (2001)",Drama|Fantasy|Horror|Thriller|War,4111
4903,In the Bedroom (2001),Drama,4112
4907,Across 110th Street (1972),Action|Crime|Drama,4113
4908,"Little Soldier, The (Petit soldat, Le) (1963)",Drama|War,4114
4909,"Incredible Shrinking Woman, The (1981)",Comedy|Sci-Fi,4115
4911,Jabberwocky (1977),Adventure|Comedy|Fantasy,4116
4912,Funny Girl (1968),Drama|Musical|Romance,4117
4914,Breathless (À bout de souffle) (1960),Crime|Drama|Romance,4118
4915,"Beastmaster, The (1982)",Action|Adventure|Fantasy,4119
4916,Midway (1976),Drama|War,4120
4917,MacArthur (1977),Drama,4121
4918,"Young Lions, The (1958)",Drama|War,4122
4919,Subway (1985),Crime|Drama|Romance|Thriller,4123
4920,"Now, Voyager (1942)",Drama|Romance,4124
4921,Little Women (1933),Drama|Romance,4125
4922,Halls of Montezuma (1950),Adventure|War,4126
4923,Guadalcanal Diary (1943),Action|War,4127
4925,"Cheap Detective, The (1978)",Comedy,4128
4926,Everybody's Famous! (Iedereen beroemd!) (2000),Comedy|Drama|Musical,4129
4927,"Last Wave, The (1977)",Fantasy|Mystery|Thriller,4130
4928,That Obscure Object of Desire (Cet obscur objet du désir) (1977),Drama,4131
4929,"Toy, The (1982)",Comedy,4132
4930,Funeral in Berlin (1966),Action|Drama|Thriller,4133
4932,Dressed to Kill (1980),Mystery|Thriller,4134
4935,"Falls, The (1980)",Drama|Sci-Fi,4135
4936,Fame (1980),Drama|Musical,4136
4938,"Aviator's Wife, The (La femme de l'aviateur) (1981)",Drama,4137
4939,"Final Countdown, The (1980)",Action|Sci-Fi,4138
4941,Flash Gordon (1980),Action|Adventure|Sci-Fi,4139
4945,"Enforcer, The (1976)",Crime,4140
4947,"Gauntlet, The (1977)",Action,4141
4949,Invasion U.S.A. (1985),Action|Thriller,4142
4950,Lone Wolf McQuade (1983),Action,4143
4951,Lord of the Flies (1990),Adventure|Drama|Thriller,4144
4954,Ocean's Eleven (a.k.a. Ocean's 11) (1960),Comedy|Crime,4145
4956,"Stunt Man, The (1980)",Action|Adventure|Comedy|Drama|Romance|Thriller,4146
4957,Sudden Impact (1983),Crime|Thriller,4147
4958,Behind Enemy Lines (2001),Action|Drama|War,4148
4959,"Affair of the Necklace, The (2001)",Drama,4149
4960,"Independent, The (2000)",Comedy,4150
4961,Pornstar: The Legend of Ron Jeremy (2001),Documentary,4151
4963,Ocean's Eleven (2001),Crime|Thriller,4152
4964,Baran (2001),Adventure|Drama|Romance,4153
4965,"Business of Strangers, The (2001)",Action|Drama|Thriller,4154
4966,"Incredible Shrinking Man, The (1957)",Sci-Fi|Thriller,4155
4967,No Man's Land (2001),Drama|War,4156
4969,And Then There Were None (1945),Crime|Mystery,4157
4970,"Blue Angel, The (Blaue Engel, Der) (1930)",Drama,4158
4971,Moscow on the Hudson (1984),Comedy|Drama,4159
4972,"Owl and the Pussycat, The (1970)",Comedy,4160
4973,"Amelie (Fabuleux destin d'Amélie Poulain, Le) (2001)",Comedy|Romance,4161
4974,Not Another Teen Movie (2001),Comedy,4162
4975,Vanilla Sky (2001),Mystery|Romance|Sci-Fi|Thriller,4163
4976,Iris (2001),Drama,4164
4977,Kandahar (Safar e Ghandehar) (2001),Drama,4165
4978,Lantana (2001),Drama|Mystery|Thriller,4166
4979,"Royal Tenenbaums, The (2001)",Comedy|Drama,4167
4980,Bill & Ted's Bogus Journey (1991),Adventure|Comedy|Fantasy|Sci-Fi,4168
4981,Clockwise (1986),Comedy,4169
4982,"Crawling Eye, The (a.k.a. Trollenberg Terror, The) (1958)",Horror|Sci-Fi,4170
4984,Morgan! (1966),Comedy|Drama|Fantasy,4171
4989,How High (2001),Comedy,4172
4990,Jimmy Neutron: Boy Genius (2001),Adventure|Animation|Children|Comedy,4173
4991,Joe Somebody (2001),Comedy|Drama|Romance,4174
4992,Kate & Leopold (2001),Comedy|Romance,4175
4993,"Lord of the Rings: The Fellowship of the Ring, The (2001)",Adventure|Fantasy,4176
4994,"Majestic, The (2001)",Comedy|Drama|Romance,4177
4995,"Beautiful Mind, A (2001)",Drama|Romance,4178
4996,Little Otik (Otesánek) (2000),Comedy|Drama|Fantasy,4179
4997,"Convent, The (2000)",Horror|Sci-Fi,4180
4998,"Defiant Ones, The (1958)",Adventure|Crime|Drama|Thriller,4181
4999,Dodsworth (1936),Drama|Romance,4182
5000,Medium Cool (1969),Drama|Romance,4183
5001,Sahara (1943),Action|Drama|War,4184
5002,Fritz the Cat (1972),Animation,4185
5003,"Nine Lives of Fritz the Cat, The (1974)",Animation,4186
5004,"Party, The (1968)",Comedy,4187
5005,Separate Tables (1958),Drama,4188
5007,Topkapi (1964),Adventure|Comedy|Thriller,4189
5008,Witness for the Prosecution (1957),Drama|Mystery|Thriller,4190
5009,Ali (2001),Drama,4191
5010,Black Hawk Down (2001),Action|Drama|War,4192
5011,Charlotte Gray (2001),Drama|Romance,4193
5012,Yentl (1983),Drama|Musical|Romance,4194
5013,Gosford Park (2001),Comedy|Drama|Mystery,4195
5014,I Am Sam (2001),Drama,4196
5015,Monster's Ball (2001),Drama|Romance,4197
5016,"Shipping News, The (2001)",Drama,4198
5017,"Big Heat, The (1953)",Drama|Film-Noir,4199
5021,Murder by Death (1976),Comedy|Crime|Mystery|Thriller,4200
5022,"Servant, The (1963)",Drama,4201
5023,"Waterdance, The (1992)",Drama,4202
5024,Come Undone (Presque Rien) (2000),Drama|Romance,4203
5025,Orange County (2002),Comedy,4204
5026,"Brotherhood of the Wolf (Pacte des loups, Le) (2001)",Action|Mystery|Thriller,4205
5027,Another 48 Hrs. (1990),Action|Comedy|Crime|Drama|Thriller,4206
5028,What Time Is It There? (Ni neibian jidian) (2001),Drama,4207
5029,China Moon (1994),Thriller,4208
5033,"Russia House, The (1990)",Drama|Thriller,4209
5034,"Truly, Madly, Deeply (1991)",Drama|Romance,4210
5035,Wuthering Heights (1970),Drama,4211
5036,California Suite (1978),Comedy,4212
5037,"Long Gray Line, The (1955)",Drama,4213
5038,"Flight of Dragons, The (1982)",Adventure|Animation|Children|Drama|Fantasy,4214
5039,Dragonslayer (1981),Action|Adventure|Fantasy,4215
5040,Conan the Destroyer (1984),Action|Adventure|Fantasy,4216
5041,Fire and Ice (1983),Animation|Fantasy,4217
5042,Forbidden Zone (1980),Musical|Sci-Fi,4218
5046,Impostor (2002),Action|Drama|Sci-Fi|Thriller,4219
5047,Kung Pow: Enter the Fist (2002),Action|Comedy,4220
5048,Snow Dogs (2002),Adventure|Children|Comedy,4221
5049,48 Hrs. (1982),Action|Comedy|Crime|Drama,4222
5051,Italian for Beginners (Italiensk for begyndere) (2000),Comedy|Drama|Romance,4223
5053,Blankman (1994),Comedy,4224
5054,Brainstorm (1983),Sci-Fi|Thriller,4225
5055,Dragon: The Bruce Lee Story (1993),Action|Drama,4226
5056,"Enigma of Kaspar Hauser, The (a.k.a. Mystery of Kaspar Hauser, The) (Jeder für sich und Gott Gegen Alle) (1974)",Crime|Drama,4227
5058,Heart of Glass (Herz aus Glas) (1976),Drama,4228
5059,Little Dieter Needs to Fly (1997),Documentary,4229
5060,M*A*S*H (a.k.a. MASH) (1970),Comedy|Drama|War,4230
5061,Mrs. Soffel (1984),Drama|Romance,4231
5062,Seconds (1966),Mystery|Sci-Fi|Thriller,4232
5063,One-Eyed Jacks (1961),Western,4233
5064,The Count of Monte Cristo (2002),Action|Adventure|Drama|Thriller,4234
5065,"Mothman Prophecies, The (2002)",Drama|Fantasy|Horror|Mystery|Thriller,4235
5066,"Walk to Remember, A (2002)",Drama|Romance,4236
5068,Beijing Bicycle (Shiqi sui de dan che) (2001),Drama,4237
5069,Escaflowne: The Movie (Escaflowne) (2000),Action|Adventure|Animation|Drama|Fantasy,4238
5071,Maelström (2000),Drama|Romance,4239
5072,Metropolis (2001),Animation|Sci-Fi,4240
5073,"Son's Room, The (Stanza del figlio, La) (2001)",Drama,4241
5074,Storytelling (2001),Comedy|Drama,4242
5075,Waydowntown (2000),Comedy,4243
5076,"Adventures of Huck Finn, The (1993)",Adventure|Children|Comedy|Drama,4244
5077,Cousins (1989),Comedy|Romance,4245
5078,Falling in Love (1984),Drama|Romance,4246
5079,Young at Heart (1954),Drama|Musical|Romance,4247
5080,Slackers (2002),Comedy,4248
5081,Birthday Girl (2001),Drama|Romance,4249
5083,Rare Birds (2001),Comedy|Drama,4250
5085,Carmen Jones (1954),Drama|Musical,4251
5086,"Five Heartbeats, The (1991)",Drama|Musical,4252
5087,Get Out Your Handkerchiefs (Préparez vos mouchoirs) (1978),Comedy|Drama|Romance,4253
5088,"Going Places (Valseuses, Les) (1974)",Comedy|Crime|Drama,4254
5090,"Hunchback of Notre Dame, The (Notre Dame de Paris) (1956)",Drama,4255
5091,The Man from Acapulco (1973),Action|Comedy|Fantasy|Romance,4256
5092,Big Fat Liar (2002),Children|Comedy,4257
5093,Collateral Damage (2002),Action|Thriller,4258
5094,Rollerball (2002),Action|Sci-Fi,4259
5095,"Scotland, Pa. (2001)",Comedy|Crime,4260
5096,Baby's Day Out (1994),Comedy,4261
5097,Bright Eyes (1934),Comedy|Drama,4262
5098,Dimples (1936),Musical,4263
5099,Heidi (1937),Children|Drama,4264
5101,Richard Pryor Here and Now (1983),Comedy|Documentary,4265
5102,Rookie of the Year (1993),Comedy|Fantasy,4266
5103,"Sandlot, The (1993)",Children|Comedy|Drama,4267
5104,Cows (Vacas) (1991),Drama,4268
5105,Don't Look Now (1973),Drama|Horror|Thriller,4269
5106,Crossroads (2002),Comedy|Musical|Romance,4270
5107,Hart's War (2002),Drama|War,4271
5108,John Q (2002),Crime|Drama|Thriller,4272
5109,Return to Never Land (2002),Adventure|Animation|Children,4273
5110,Super Troopers (2001),Comedy|Crime|Mystery,4274
5111,"Good Son, The (1993)",Drama|Thriller,4275
5112,Last Orders (2001),Drama,4276
5113,After the Fox (Caccia alla volpe) (1966),Comedy|Crime,4277
5114,"Bad and the Beautiful, The (1952)",Drama,4278
5117,Funny Lady (1975),Comedy|Musical,4279
5118,"Heartbreak Kid, The (1972)",Comedy|Romance,4280
5119,Saturday Night and Sunday Morning (1960),Drama,4281
5120,Sleuth (1972),Comedy|Mystery|Thriller,4282
5121,Stroszek (1977),Comedy|Drama,4283
5122,Summer of '42 (1971),Drama,4284
5123,"Touch of Class, A (1973)",Comedy,4285
5125,Used Cars (1980),Comedy,4286
5127,Dragonfly (2002),Drama|Fantasy|Mystery|Romance|Thriller,4287
5128,Queen of the Damned (2002),Fantasy|Horror,4288
5131,How to Kill Your Neighbor's Dog (2000),Comedy|Drama,4289
5134,Mean Machine (2001),Comedy|Drama,4290
5135,Monsoon Wedding (2001),Comedy|Romance,4291
5137,Scratch (2001),Documentary,4292
5139,"Bad News Bears, The (1976)",Comedy,4293
5142,"Firemen's Ball, The (Horí, má panenko) (1967)",Comedy|Drama,4294
5143,"Lone Ranger, The (1956)",Adventure|Western,4295
5145,Loves of a Blonde (Lásky jedné plavovlásky) (1965),Comedy|Drama|Romance,4296
5146,Vampire Hunter D: Bloodlust (Banpaia hantâ D) (2000),Animation|Fantasy|Horror|Sci-Fi,4297
5147,Wild Strawberries (Smultronstället) (1957),Drama,4298
5151,40 Days and 40 Nights (2002),Comedy|Romance,4299
5152,We Were Soldiers (2002),Action|Drama|War,4300
5153,Trouble Every Day (2001),Drama|Horror|Thriller,4301
5155,"Big Bird Cage, The (1972)",Action,4302
5157,"Church, The (Chiesa, La) (1989)",Drama|Fantasy|Horror,4303
5158,Cross Creek (1983),Drama,4304
5159,Ferngully: The Last Rainforest (1992),Animation|Children|Comedy|Musical,4305
5161,Intersection (1994),Drama|Romance,4306
5163,StageFright: Aquarius (1987),Horror|Thriller,4307
5164,"Troll in Central Park, A (1994)",Animation|Children,4308
5165,Zombie (a.k.a. Zombie 2: The Dead Are Among Us) (Zombi 2) (1979),Horror,4309
5167,My Favorite Brunette (1947),Comedy|Mystery,4310
5168,Royal Wedding (1951),Comedy|Musical|Romance,4311
5169,Scarlet Street (1945),Film-Noir,4312
5170,All About the Benjamins (2002),Action|Comedy|Crime,4313
5171,"Time Machine, The (2002)",Action|Adventure|Sci-Fi,4314
5172,Full Frontal (2002),Comedy|Drama|Romance,4315
5174,"Field, The (1990)",Drama,4316
5177,"Magnificent Ambersons, The (1942)",Drama|Romance,4317
5179,Gloria (1980),Drama|Thriller,4318
5180,"Great Rock 'n' Roll Swindle, The (1980)",Documentary,4319
5181,Hangar 18 (1980),Action|Sci-Fi|Thriller,4320
5184,Heaven's Gate (1980),Western,4321
5187,Hopscotch (1980),Comedy,4322
5189,Humanoids from the Deep (1980),Horror|Sci-Fi,4323
5190,Inside Moves (1980),Drama,4324
5192,"Island, The (1980)",Adventure|Horror|Thriller,4325
5193,"Jazz Singer, The (1980)",Musical,4326
5194,Who's Singin' Over There? (a.k.a. Who Sings Over There) (Ko to tamo peva) (1980),Comedy,4327
5196,Lion of the Desert (1980),War,4328
5197,Little Darlings (1980),Drama,4329
5198,"Long Good Friday, The (1980)",Drama|Thriller,4330
5199,"Long Riders, The (1980)",Western,4331
5202,Mon oncle d'Amérique (1980),Drama,4332
5205,Motel Hell (1980),Comedy|Horror,4333
5208,"Ninth Configuration, The (a.k.a. Twinkle, Twinkle, Killer Kane) (1980)",Drama|War,4334
5213,"Oh, God! Book II (1980)",Comedy,4335
5214,"Oh, God! (1977)",Comedy|Fantasy,4336
5216,"Pepi, Luci, Bom (Pepi, Luci, Bom y Otras Chicas del Montón) (1980)",Comedy,4337
5218,Ice Age (2002),Adventure|Animation|Children|Comedy,4338
5219,Resident Evil (2002),Action|Horror|Sci-Fi|Thriller,4339
5220,Showtime (2002),Action|Comedy,4340
5221,Harrison's Flowers (2000),Drama,4341
5222,Kissing Jessica Stein (2001),Comedy|Romance,4342
5223,Pauline & Paulette (Pauline en Paulette) (2001),Comedy|Drama,4343
5224,Promises (2001),Documentary,4344
5225,And Your Mother Too (Y tu mamá también) (2001),Drama|Romance,4345
5226,All the Right Moves (1983),Drama|Romance,4346
5227,Barabbas (1961),Adventure|Drama,4347
5228,"Ghost Breakers, The (1940)",Comedy|Horror,4348
5230,"Paleface, The (1948)",Comedy|Western,4349
5231,Road to Morocco (1942),Comedy,4350
5232,Road to Singapore (1940),Comedy|Musical,4351
5233,Road to Utopia (1946),Comedy,4352
5234,Road to Zanzibar (1941),Comedy,4353
5235,Split Second (1992),Action|Sci-Fi|Thriller,4354
5236,"Tale of Springtime, A (Conte de Printemps) (1990)",Drama|Romance,4355
5237,Taps (1981),Drama,4356
5238,Return of the Secaucus 7 (1980),Drama,4357
5240,Running Scared (1980),Action|Drama,4358
5241,Seems Like Old Times (1980),Comedy|Romance,4359
5243,"Young Master, The (Shi di chu ma) (1980)",Action|Comedy,4360
5244,Shogun Assassin (1980),Action|Adventure,4361
5245,Simon (1980),Comedy|Sci-Fi,4362
5246,Smokey and the Bandit II (1980),Action|Comedy,4363
5247,Smokey and the Bandit (1977),Action|Comedy,4364
5248,Smokey and the Bandit III (1983),Action|Comedy,4365
5249,Spetters (1980),Comedy|Drama,4366
5250,Stir Crazy (1980),Comedy,4367
5251,"Charter Trip, The (a.k.a. Package Tour, The) (Sällskapsresan) (1980)",Comedy,4368
5254,Blade II (2002),Action|Horror|Thriller,4369
5255,Sorority Boys (2002),Comedy,4370
5256,Stolen Summer (2002),Drama,4371
5258,George Washington (2000),Drama,4372
5263,Strait-Jacket (1964),Horror|Thriller,4373
5264,Clockstoppers (2002),Action|Adventure|Sci-Fi|Thriller,4374
5265,Death to Smoochy (2002),Comedy|Crime|Drama,4375
5266,Panic Room (2002),Thriller,4376
5267,"Rookie, The (2002)",Drama,4377
5268,No Such Thing (2001),Drama|Fantasy|Romance,4378
5269,"Piano Teacher, The (La pianiste) (2001)",Drama,4379
5272,Time Out (L'emploi du temps) (2001),Drama,4380
5276,Crimes of Passion (1984),Drama|Romance|Thriller,4381
5279,Impromptu (1991),Comedy|Romance,4382
5282,High Crimes (2002),Thriller,4383
5283,National Lampoon's Van Wilder (2002),Comedy,4384
5284,Crush (2001),Comedy|Romance,4385
5287,"After Dark, My Sweet (1990)",Crime|Drama|Mystery,4386
5288,"Atomic Cafe, The (1982)",Documentary|War,4387
5289,Body and Soul (1947),Drama|Film-Noir,4388
5290,First Men in the Moon (1964),Adventure|Sci-Fi,4389
5291,Rashomon (Rashômon) (1950),Crime|Drama|Mystery,4390
5292,Slap Shot (1977),Comedy,4391
5293,Changing Lanes (2002),Drama|Thriller,4392
5294,Frailty (2001),Crime|Drama|Thriller,4393
5296,"Sweetest Thing, The (2002)",Comedy|Romance,4394
5297,"Cat's Meow, The (2002)",Drama|Thriller,4395
5298,Human Nature (2001),Comedy|Romance,4396
5299,My Big Fat Greek Wedding (2002),Comedy|Romance,4397
5300,3:10 to Yuma (1957),Action|Adventure|Drama|Thriller|Western,4398
5301,Bite the Bullet (1975),Action|Adventure|Western,4399
5303,Joe Versus the Volcano (1990),Comedy|Romance,4400
5304,"Rome, Open City (a.k.a. Open City) (Roma, città aperta) (1945)",Drama|War,4401
5305,Return of the Killer Tomatoes! (1988),Comedy|Horror|Sci-Fi,4402
5307,Taking Care of Business (1990),Comedy,4403
5308,Three Men and a Baby (1987),Comedy,4404
5309,Three Men and a Little Lady (1990),Comedy|Romance,4405
5310,Transylvania 6-5000 (1985),Comedy|Horror,4406
5311,"Watcher in the Woods, The (1980)",Children|Horror|Mystery|Thriller,4407
5312,Murder by Numbers (2002),Crime|Thriller,4408
5313,The Scorpion King (2002),Action|Adventure|Fantasy|Thriller,4409
5314,Behind the Sun (Abril Despedaçado) (2001),Drama,4410
5316,Enigma (2001),Romance|Thriller,4411
5319,Nine Queens (Nueve reinas) (2000),Crime|Thriller,4412
5323,Jason X (2002),Horror|Sci-Fi|Thriller,4413
5324,Life or Something Like It (2002),Comedy|Romance,4414
5325,Dogtown and Z-Boyz (2001),Documentary,4415
5328,Rain (2001),Drama|Romance,4416
5329,"Salton Sea, The (2002)",Crime|Drama|Thriller,4417
5332,"Aviator, The (1985)",Adventure,4418
5333,Bob le Flambeur (1955),Crime|Drama,4419
5334,Cadillac Man (1990),Comedy|Crime,4420
5335,"Coca-Cola Kid, The (1985)",Comedy|Romance,4421
5337,Delirious (1991),Comedy,4422
5339,Husbands and Wives (1992),Comedy|Drama,4423
5340,Joe (1970),Drama,4424
5341,Lenny (1974),Drama,4425
5346,Wild Orchid (1990),Drama|Romance,4426
5348,Hollywood Ending (2002),Comedy|Drama,4427
5349,Spider-Man (2002),Action|Adventure|Sci-Fi|Thriller,4428
5352,The Big Sleep (1978),Thriller,4429
5353,Butterflies Are Free (1972),Comedy|Drama,4430
5354,Cactus Flower (1969),Comedy,4431
5357,Iron Will (1994),Adventure,4432
5358,Mountains of the Moon (1990),Adventure,4433
5359,Rambling Rose (1991),Drama,4434
5360,"Survivors, The (1983)",Comedy,4435
5361,White Fang (1991),Adventure,4436
5363,"New Guy, The (2002)",Comedy,4437
5364,Unfaithful (2002),Drama|Thriller,4438
5365,"Lady and the Duke, The (Anglaise et le duc, L') (2001)",Drama|Romance,4439
5367,My Beautiful Laundrette (1985),Drama|Romance,4440
5368,Ballad of a Soldier (Ballada o soldate) (1959),Drama|Romance|War,4441
5372,Calamity Jane (1953),Musical|Western,4442
5373,"Cranes Are Flying, The (Letyat zhuravli) (1957)",Drama|Romance|War,4443
5375,"Harvey Girls, The (1946)",Comedy|Musical|Western,4444
5376,"Lady in Red, The (1979)",Action,4445
5377,About a Boy (2002),Comedy|Drama|Romance,4446
5378,Star Wars: Episode II - Attack of the Clones (2002),Action|Adventure|Sci-Fi|IMAX,4447
5379,"Believer, The (2001)",Drama,4448
5380,"Importance of Being Earnest, The (2002)",Comedy|Drama|Romance,4449
5381,"Charge of the Light Brigade, The (1968)",Drama|War,4450
5382,Every Which Way But Loose (1978),Comedy,4451
5383,"Hound of the Baskervilles, The (1959)",Crime|Horror|Mystery,4452
5384,I Want to Live! (1958),Crime|Drama,4453
5385,"Last Waltz, The (1978)",Documentary,4454
5387,Enough (2002),Drama|Thriller,4455
5388,Insomnia (2002),Action|Crime|Drama|Mystery|Thriller,4456
5389,Spirit: Stallion of the Cimarron (2002),Adventure|Animation|Children|Western,4457
5390,CQ (2001),Drama,4458
5391,Thirteen Conversations About One Thing (a.k.a. 13 Conversations) (2001),Drama,4459
5392,Bus Stop (1956),Comedy|Drama|Romance,4460
5394,Don't Bother to Knock (1952),Drama|Thriller,4461
5395,"Gambler, The (1974)",Drama,4462
5396,Let's Make Love (1960),Comedy|Musical|Romance,4463
5397,Monkey Business (1952),Comedy|Sci-Fi,4464
5398,Requiem for a Heavyweight (1962),Drama,4465
5399,River of No Return (1954),Adventure|Western,4466
5400,"Sum of All Fears, The (2002)",Drama|Thriller,4467
5401,Undercover Brother (2002),Comedy,4468
5404,84 Charing Cross Road (1987),Drama|Romance,4469
5406,"Desert Rats, The (1953)",Drama|War,4470
5409,Rapid Fire (1992),Action,4471
5410,Silent Running (1972),Drama|Sci-Fi,4472
5414,Bad Company (2002),Action|Comedy|Crime,4473
5415,Divine Secrets of the Ya-Ya Sisterhood (2002),Comedy|Drama,4474
5416,Cherish (2002),Comedy|Drama|Thriller,4475
5417,"Fast Runner, The (Atanarjuat) (2001)",Drama|Fantasy,4476
5418,"Bourne Identity, The (2002)",Action|Mystery|Thriller,4477
5419,Scooby-Doo (2002),Adventure|Children|Comedy|Fantasy|Mystery,4478
5420,Windtalkers (2002),Action|Drama|War,4479
5421,"Dangerous Lives of Altar Boys, The (2002)",Drama,4480
5422,"Emperor's New Clothes, The (2001)",Comedy,4481
5423,Gangster No. 1 (2000),Action|Crime|Thriller,4482
5425,Dark Blue World (Tmavomodrý svet) (2001),Drama|War,4483
5426,Bad Company (1972),Western,4484
5427,Caveman (1981),Comedy,4485
5428,Cheech & Chong's The Corsican Brothers (1984),Comedy,4486
5431,Goin' South (1978),Comedy|Western,4487
5433,Silver Bullet (Stephen King's Silver Bullet) (1985),Adventure|Drama|Horror|Mystery|Thriller,4488
5434,"Sorry, Wrong Number (1948)",Drama|Film-Noir|Thriller,4489
5435,Hombre (1967),Western,4490
5436,"Horse's Mouth, The (1958)",Comedy,4491
5437,"Manhattan Project, The (1986)",Comedy|Sci-Fi|Thriller,4492
5438,Men at Work (1990),Action|Comedy,4493
5439,S.O.B. (1981),Comedy,4494
5440,She Wore a Yellow Ribbon (1949),Western,4495
5442,V. I. Warshawski (1991),Action|Comedy|Crime,4496
5444,Lilo & Stitch (2002),Adventure|Animation|Children|Sci-Fi,4497
5445,Minority Report (2002),Action|Crime|Mystery|Sci-Fi|Thriller,4498
5446,Rabbit-Proof Fence (2002),Adventure|Drama,4499
5447,Sunshine State (2002),Drama,4500
5448,Hey Arnold! The Movie (2002),Adventure|Animation|Children|Comedy,4501
5449,Mr. Deeds (2002),Comedy|Romance,4502
5450,Lovely & Amazing (2001),Comedy|Drama|Romance,4503
5451,Pumpkin (2002),Comedy|Drama|Romance,4504
5452,Look Who's Talking Now (1993),Children|Comedy|Romance,4505
5453,Lost in Yonkers (1993),Comedy|Drama,4506
5454,Mo' Money (1992),Comedy|Romance,4507
5457,Zebrahead (1992),Drama,4508
5458,Like Mike (2002),Children|Comedy|Fantasy,4509
5459,Men in Black II (a.k.a. MIIB) (a.k.a. MIB 2) (2002),Action|Comedy|Sci-Fi,4510
5460,"Powerpuff Girls, The (2002)",Action|Animation|Children|Comedy,4511
5461,Me Without You (2001),Comedy|Drama,4512
5462,"Crocodile Hunter: Collision Course, The (2002)",Adventure|Comedy,4513
5463,Reign of Fire (2002),Action|Adventure|Fantasy,4514
5464,Road to Perdition (2002),Crime|Drama,4515
5465,All About Lily Chou-Chou (Riri Shushu no subete) (2001),Crime|Drama|Thriller,4516
5466,My Wife is an Actress (Ma Femme est une Actrice) (2001),Comedy|Drama|Romance,4517
5468,20 Million Miles to Earth (1957),Sci-Fi,4518
5470,The Importance of Being Earnest (1952),Comedy|Romance,4519
5472,1776 (1972),Children|Drama|Musical,4520
5473,Fox and His Friends (Faustrecht der Freiheit) (1975),Drama,4521
5475,Z (1969),Drama|Mystery|Thriller,4522
5476,Halloween: Resurrection (Halloween 8) (2002),Horror|Thriller,4523
5477,Sex and Lucia (Lucía y el sexo) (2001),Drama|Romance,4524
5478,Eight Legged Freaks (2002),Action|Comedy|Horror|Sci-Fi,4525
5479,K-19: The Widowmaker (2002),Action|Adventure|Drama|Thriller,4526
5480,Stuart Little 2 (2002),Children|Comedy,4527
5481,Austin Powers in Goldmember (2002),Comedy,4528
5482,"Country Bears, The (2002)",Children|Comedy,4529
5483,"Kid Stays in the Picture, The (2002)",Documentary,4530
5484,Happy Times (Xingfu shiguang) (2000),Comedy|Drama,4531
5485,Tadpole (2002),Comedy|Drama|Romance,4532
5486,Who Is Cletis Tout? (2001),Comedy,4533
5488,"Merchant of Four Seasons, The (Händler der vier Jahreszeiten) (1972)",Drama,4534
5489,Nosferatu the Vampyre (Nosferatu: Phantom der Nacht) (1979),Horror,4535
5493,In Like Flint (1967),Action|Adventure|Comedy,4536
5494,"Earth Trembles, The (Terra trema: Episodio del mare, La) (1948)",Drama,4537
5496,Ossessione (1943),Drama,4538
5497,Our Man Flint (1965),Adventure|Comedy|Sci-Fi,4539
5498,Red Beard (Akahige) (1965),Drama,4540
5499,Robin and Marian (1976),Adventure|Drama|Romance,4541
5500,Top Secret! (1984),Comedy,4542
5501,"Master of Disguise, The (2002)",Comedy|Mystery,4543
5502,Signs (2002),Horror|Sci-Fi|Thriller,4544
5503,"Last Kiss, The (Ultimo bacio, L') (2001)",Comedy|Drama|Romance,4545
5504,Spy Kids 2: The Island of Lost Dreams (2002),Adventure|Children,4546
5505,"Good Girl, The (2002)",Comedy|Drama,4547
5506,Blood Work (2002),Crime|Drama|Mystery|Thriller,4548
5507,xXx (2002),Action|Crime|Thriller,4549
5508,24 Hour Party People (2002),Comedy|Drama|Musical,4550
5509,Biggie and Tupac (2002),Documentary,4551
5515,Songs From the Second Floor (Sånger från andra våningen) (2000),Drama,4552
5516,Read My Lips (Sur mes lèvres) (2001),Crime|Drama|Thriller,4553
5518,Beau Pere (a.k.a. Stepfather) (Beau-père) (1981),Drama,4554
5521,"Principal, The (1987)",Action|Crime|Drama,4555
5522,Rollerball (1975),Action|Drama|Sci-Fi,4556
5523,"Adventures of Pluto Nash, The (2002)",Action|Adventure|Comedy|Sci-Fi,4557
5524,Blue Crush (2002),Adventure|Drama|Romance,4558
5525,Mostly Martha (Bella Martha) (2001),Comedy|Drama|Romance,4559
5526,"Isle, The (Seom) (2000)",Drama,4560
5527,Possession (2002),Drama|Romance,4561
5528,One Hour Photo (2002),Drama|Thriller,4562
5529,Serving Sara (2002),Comedy|Romance,4563
5530,Simone (S1m0ne) (2002),Comedy|Drama|Fantasy|Sci-Fi,4564
5531,Undisputed (2002),Drama,4565
5532,Amy's O (a.k.a. Amy's Orgasm) (2001),Comedy|Romance,4566
5538,"Care Bears Movie, The (1985)",Animation|Children|Fantasy,4567
5539,Care Bears Movie II: A New Generation (1986),Animation|Children,4568
5540,Clash of the Titans (1981),Action|Adventure|Fantasy|Romance,4569
5541,Hot Shots! (1991),Action|Comedy|Romance|War,4570
5544,Time After Time (1979),Sci-Fi|Thriller,4571
5548,Down and Out in Beverly Hills (1986),Comedy,4572
5552,"Revenge of Frankenstein, The (1958)",Drama|Horror|Sci-Fi,4573
5553,Stakeout (1987),Comedy|Crime|Romance|Thriller,4574
5555,Wolfen (1981),Horror,4575
5556,FearDotCom (a.k.a. Fear.com) (a.k.a. Fear Dot Com) (2002),Crime|Horror|Thriller,4576
5560,À nous la liberté (Freedom for Us) (1931),Comedy|Musical,4577
5561,True Colors (1991),Drama,4578
5563,City by the Sea (2002),Crime|Drama,4579
5564,Swimfan (2002),Thriller,4580
5568,Johnny Dangerously (1984),Comedy,4581
5569,"Last House on the Left, The (1972)",Crime|Horror|Thriller,4582
5570,Thesis (Tesis) (1996),Drama|Horror|Thriller,4583
5572,Barbershop (2002),Comedy,4584
5573,Stealing Harvard (2002),Comedy|Crime,4585
5574,"Transporter, The (2002)",Action|Crime,4586
5575,Alias Betty (Betty Fisher et autres histoires) (2001),Crime|Drama,4587
5577,Igby Goes Down (2002),Comedy|Drama,4588
5580,Aspen Extreme (1993),Action,4589
5581,Betsy's Wedding (1990),Comedy,4590
5582,Captain Ron (1992),Adventure|Comedy,4591
5584,Ernest Goes to Jail (1990),Comedy,4592
5585,Ernest Scared Stupid (1991),Comedy,4593
5588,"Hills Have Eyes, The (1977)",Horror,4594
5589,Indian Summer (1993),Comedy|Drama,4595
5593,No Way to Treat a Lady (1968),Crime|Drama|Thriller,4596
5596,Spaced Invaders (1990),Adventure|Comedy|Sci-Fi,4597
5599,Tabu: A Story of the South Seas (1931),Drama|Romance,4598
5600,"Wanderers, The (1979)",Drama,4599
5601,"Yearling, The (1946)",Children|Drama,4600
5602,"Ladykillers, The (1955)",Comedy|Crime,4601
5603,"Lavender Hill Mob, The (1951)",Comedy|Crime,4602
5604,"Man in the White Suit, The (1951)",Comedy|Sci-Fi,4603
5605,Ratcatcher (1999),Drama,4604
5606,Society (1989),Horror|Mystery,4605
5607,"Son of the Bride (Hijo de la novia, El) (2001)",Comedy|Drama,4606
5608,"Das Experiment (Experiment, The) (2001)",Drama|Thriller,4607
5609,Ballistic: Ecks vs. Sever (2002),Action|Thriller,4608
5610,"Banger Sisters, The (2002)",Comedy|Drama,4609
5611,"Four Feathers, The (2002)",Adventure|War,4610
5612,Trapped (2002),Action|Thriller,4611
5613,8 Women (2002),Comedy|Crime|Musical|Mystery,4612
5614,"His Secret Life (a.k.a. Ignorant Fairies, The) (Fate ignoranti, Le) (2001)",Drama|Romance,4613
5615,Invincible (2001),Drama,4614
5617,Secretary (2002),Comedy|Drama|Romance,4615
5618,Spirited Away (Sen to Chihiro no kamikakushi) (2001),Adventure|Animation|Fantasy,4616
5619,"Trials of Henry Kissinger, The (2002)",Documentary,4617
5620,Sweet Home Alabama (2002),Comedy|Romance,4618
5621,"Tuxedo, The (2002)",Action|Comedy,4619
5622,Charly (2002),Comedy|Drama|Romance,4620
5625,Moonlight Mile (2002),Drama|Romance,4621
5628,Wasabi (2001),Action|Comedy|Crime|Drama|Thriller,4622
5629,Jonah: A VeggieTales Movie (2002),Animation|Children|Musical,4623
5630,Red Dragon (2002),Crime|Mystery|Thriller,4624
5632,Bloody Sunday (2002),Drama,4625
5633,Heaven (2002),Drama,4626
5635,"Man from Elysian Fields, The (2001)",Drama,4627
5636,Welcome to Collinwood (2002),Comedy|Crime,4628
5637,Flirting (1991),Drama,4629
5638,Godzilla vs. Mothra (Mosura tai Gojira) (1964),Action|Adventure|Fantasy|Sci-Fi,4630
5640,"Godzilla, King of the Monsters! (Kaijû-ô Gojira) (1956)",Horror|Sci-Fi,4631
5641,"Moderns, The (1988)",Drama,4632
5642,"Onion Field, The (1979)",Drama,4633
5643,Powaqqatsi (1988),Documentary,4634
5644,"Pride of the Yankees, The (1942)",Drama,4635
5646,Valmont (1989),Drama|Romance,4636
5649,Horror of Dracula (Dracula) (1958),Horror,4637
5650,Strange Brew (1983),Comedy,4638
5651,"Incredible Mr. Limpet, The (1964)",Animation|Comedy|War,4639
5653,Django (1966),Western,4640
5657,Flashback (1990),Action|Adventure|Comedy|Crime|Drama,4641
5659,"Rocking Horse Winner, The (1950)",Drama|Horror,4642
5660,Seance on a Wet Afternoon (1964),Crime|Drama|Thriller,4643
5662,"Wrong Guy, The (1997)",Comedy|Romance|Thriller,4644
5663,Below (2002),Horror,4645
5664,Brown Sugar (2002),Romance,4646
5665,Knockaround Guys (2002),Action|Comedy|Crime,4647
5666,"Rules of Attraction, The (2002)",Comedy|Drama|Romance|Thriller,4648
5667,Tuck Everlasting (2002),Drama|Fantasy,4649
5668,White Oleander (2002),Drama,4650
5669,Bowling for Columbine (2002),Documentary,4651
5670,Comedian (2002),Comedy|Documentary,4652
5672,Pokemon 4 Ever (a.k.a. Pokémon 4: The Movie) (2002),Adventure|Animation|Children|Fantasy,4653
5673,Punch-Drunk Love (2002),Comedy|Drama|Romance,4654
5677,Abandon (2002),Drama|Thriller,4655
5678,Formula 51 (2001),Action|Comedy|Crime|Thriller,4656
5679,"Ring, The (2002)",Horror|Mystery|Thriller,4657
5680,Auto Focus (2002),Crime|Drama,4658
5682,"Grey Zone, The (2001)",Drama,4659
5684,Naqoyqatsi (2002),Documentary,4660
5685,Real Women Have Curves (2002),Comedy|Drama,4661
5686,Russian Ark (Russkiy Kovcheg) (2002),Drama|Fantasy|War,4662
5687,Take Care of My Cat (Goyangileul butaghae) (2001),Drama,4663
5688,Tully (2000),Drama,4664
5689,Billy Bathgate (1991),Crime|Drama,4665
5690,Grave of the Fireflies (Hotaru no haka) (1988),Animation|Drama|War,4666
5691,Jason Goes to Hell: The Final Friday (1993),Action|Horror,4667
5692,"Mechanic, The (1972)",Action|Thriller,4668
5693,Saturday Night Fever (1977),Comedy|Drama|Romance,4669
5694,Staying Alive (1983),Comedy|Drama|Musical,4670
5696,Urban Cowboy (1980),Drama,4671
5699,Tom Horn (1980),Western,4672
5705,Xanadu (1980),Fantasy|Musical|Romance,4673
5707,Absence of Malice (1981),Drama|Romance,4674
5712,Blow Out (1981),Mystery|Thriller,4675
5715,"Burning, The (1981)",Horror,4676
5721,"Chosen, The (1981)",Drama,4677
5722,"Goat, The (a.k.a. Knock On Wood) (Chèvre, La) (1981)",Comedy,4678
5723,Continental Divide (1981),Comedy|Romance,4679
5725,Man of Iron (Czlowiek z Zelaza) (1981),Drama|Romance,4680
5726,Dead & Buried (1981),Horror,4681
5731,"Entity, The (1981)",Horror,4682
5732,Eye of the Needle (1981),Thriller,4683
5735,Faces of Death (1978),Documentary|Horror,4684
5741,"Woman Next Door, The (Femme d'à côté, La) (1981)",Drama|Romance,4685
5743,"Fort Apache, the Bronx (1981)",Action|Drama,4686
5745,"Four Seasons, The (1981)",Comedy|Drama,4687
5747,Gallipoli (1981),Drama|War,4688
5749,Ghost Story (1981),Drama|Horror,4689
5752,Gregory's Girl (1981),Comedy|Romance,4690
5759,"Ladies and Gentlemen, the Fabulous Stains (a.k.a. All Washed Up) (1981)",Comedy|Drama,4691
5760,Lady Chatterley's Lover (1981),Drama|Romance,4692
5762,Lili Marleen (1981),Drama,4693
5763,Lola (1981),Drama,4694
5764,Looker (1981),Drama|Horror|Sci-Fi|Thriller,4695
5765,"Looney, Looney, Looney Bugs Bunny Movie, The (1981)",Animation|Children|Comedy,4696
5767,Teddy Bear (Mis) (1981),Comedy|Crime,4697
5768,Modern Problems (1981),Comedy|Fantasy,4698
5769,Modern Romance (1981),Comedy|Romance,4699
5770,Ms. 45 (a.k.a. Angel of Vengeance) (1981),Crime|Drama,4700
5771,My Bloody Valentine (1981),Drama|Horror|Thriller,4701
5772,My Dinner with André (1981),Drama,4702
5773,Neighbors (1981),Comedy,4703
5777,Pennies from Heaven (1981),Musical|Romance,4704
5780,Polyester (1981),Comedy,4705
5782,"Professional, The (Le professionnel) (1981)",Action|Drama|Thriller,4706
5783,Derrida (2002),Documentary,4707
5784,Ghost Ship (2002),Horror,4708
5785,Jackass: The Movie (2002),Action|Comedy|Documentary,4709
5786,Paid in Full (2002),Action|Drama,4710
5787,"Truth About Charlie, The (2002)",Mystery|Thriller,4711
5788,All or Nothing (2002),Drama,4712
5791,Frida (2002),Drama|Romance,4713
5792,Roger Dodger (2002),Comedy|Drama,4714
5794,Good Work (Beau travail) (1999),Drama,4715
5795,"Big Knife, The (1955)",Film-Noir,4716
5796,Casino Royale (1967),Action|Adventure|Comedy,4717
5797,"Company of Wolves, The (1984)",Fantasy|Horror,4718
5799,Exodus (1960),Drama|Romance|War,4719
5800,How to Murder Your Wife (1965),Comedy,4720
5801,"Russians Are Coming, the Russians Are Coming, The (1966)",Comedy|War,4721
5802,"World of Henry Orient, The (1964)",Comedy,4722
5803,I Spy (2002),Action|Adventure|Comedy|Crime,4723
5804,"Santa Clause 2, The (2002)",Children|Comedy|Fantasy|Romance,4724
5808,"Weight of Water, The (2000)",Thriller,4725
5809,Femme Fatale (2002),Crime|Thriller,4726
5810,8 Mile (2002),Drama,4727
5812,Far from Heaven (2002),Drama|Romance,4728
5815,Half Past Dead (2002),Action|Crime|Thriller,4729
5816,Harry Potter and the Chamber of Secrets (2002),Adventure|Fantasy,4730
5817,Ararat (2002),Drama|War,4731
5818,"Crime of Father Amaro, The (Crimen del padre Amaro, El) (2002)",Drama|Romance,4732
5820,Standing in the Shadows of Motown (2002),Documentary|Musical,4733
5821,"Way Home, The (Jibeuro) (2002)",Drama,4734
5824,Liberty Stands Still (2002),Action|Drama|Thriller,4735
5825,"Life and Death of Colonel Blimp, The (1943)",Drama|Romance|War,4736
5826,Rio Grande (1950),Romance|Western,4737
5829,Men with Brooms (2002),Comedy|Drama|Romance,4738
5830,Mysterious Island (1961),Adventure|Sci-Fi,4739
5832,Left Behind II: Tribulation Force (2002),Drama,4740
5833,Dog Soldiers (2002),Action|Horror,4741
5836,Houseboat (1958),Comedy|Romance,4742
5838,Madame Bovary (1991),Drama,4743
5839,My Father's Glory (La gloire de mon père) (1990),Adventure|Drama,4744
5840,"My Mother's Castle (Château de ma mère, Le) (1990)",Comedy|Drama,4745
5841,Return to the Blue Lagoon (1991),Adventure|Romance,4746
5842,Too Beautiful for You (Trop belle pour toi) (1989),Comedy|Drama|Romance,4747
5843,Toy Soldiers (1991),Action|Drama,4748
5846,Raggedy Man (1981),Drama,4749
5847,Ragtime (1981),Drama,4750
5853,Scanners (1981),Horror|Sci-Fi|Thriller,4751
5854,Sharky's Machine (1981),Crime|Drama|Romance,4752
5855,Shock Treatment (1981),Comedy|Musical|Sci-Fi,4753
5856,"Do You Remember Dolly Bell? (Sjecas li se, Dolly Bell) (1981)",Comedy|Drama|Romance,4754
5858,"Soupe aux Choux, La (1981)",Comedy,4755
5859,Southern Comfort (1981),Drama|Thriller|War,4756
5862,Student Bodies (1981),Comedy|Horror,4757
5867,Thief (1981),Crime|Drama|Thriller,4758
5868,This Is Elvis (1981),Documentary|Drama|Musical,4759
5869,True Confessions (1981),Crime|Drama,4760
5872,Die Another Day (2002),Action|Adventure|Thriller,4761
5873,The Emperor's Club (2002),Drama,4762
5874,Friday After Next (2002),Comedy,4763
5875,Personal Velocity (2002),Drama,4764
5876,"Quiet American, The (2002)",Drama|Thriller|War,4765
5878,Talk to Her (Hable con Ella) (2002),Drama|Romance,4766
5879,Eight Crazy Nights (Adam Sandler's Eight Crazy Nights) (2002),Animation|Comedy|Musical,4767
5881,Solaris (2002),Drama|Romance|Sci-Fi,4768
5882,Treasure Planet (2002),Adventure|Animation|Children|Sci-Fi|IMAX,4769
5883,They (2002),Horror|Thriller,4770
5885,"What to Do in Case of Fire (Was tun, wenn's brennt?) (2002)",Comedy|Drama,4771
5888,Brother (Brat) (1997),Crime|Drama,4772
5889,"Cruel Romance, A (Zhestokij Romans) (1984)",Drama|Romance,4773
5890,Elling (2001),Comedy|Drama,4774
5891,I Spit on Your Grave (Day of the Woman) (1978),Horror|Thriller,4775
5893,"Last Seduction, The (1994)",Crime|Drama|Thriller,4776
5896,New Waterford Girl (1999),Comedy,4777
5898,"Sword and the Sorcerer, The (1982)",Action|Adventure|Fantasy,4778
5899,Zulu (1964),Action|Drama|War,4779
5900,Analyze That (2002),Comedy|Crime,4780
5901,Empire (2002),Crime|Drama,4781
5902,Adaptation (2002),Comedy|Drama|Romance,4782
5903,Equilibrium (2002),Action|Sci-Fi|Thriller,4783
5907,Medea (1970),Drama,4784
5909,Visitor Q (Bizita Q) (2001),Comedy|Drama|Horror,4785
5911,Urgh! A Music War (1981),Documentary,4786
5912,Hit the Bank (Vabank) (1981),Comedy|Crime,4787
5914,"Vernon, Florida (1981)",Documentary,4788
5915,Victory (a.k.a. Escape to Victory) (1981),Action|Drama|War,4789
5916,Whose Life Is It Anyway? (1981),Drama,4790
5923,Author! Author! (1982),Comedy|Drama,4791
5924,Barbarosa (1982),Western,4792
5927,"Best Little Whorehouse in Texas, The (1982)",Comedy|Drama|Musical|Romance,4793
5928,"Border, The (1982)",Drama,4794
5932,Burden of Dreams (1982),Documentary,4795
5933,Cannery Row (1982),Drama,4796
5935,Class of 1984 (1982),Action|Drama|Thriller,4797
5936,"Come Back to the Five and Dime, Jimmy Dean, Jimmy Dean (1982)",Drama,4798
5937,Danton (1983),Drama,4799
5938,Deathtrap (1982),Comedy|Crime|Mystery|Thriller,4800
5940,Eating Raoul (1982),Comedy,4801
5941,Drumline (2002),Comedy|Drama|Musical|Romance,4802
5942,"Hot Chick, The (2002)",Comedy,4803
5943,Maid in Manhattan (2002),Comedy|Romance,4804
5944,Star Trek: Nemesis (2002),Action|Drama|Sci-Fi|Thriller,4805
5945,About Schmidt (2002),Comedy|Drama,4806
5946,"Pellet (Bola, El) (2000)",Drama,4807
5947,Evelyn (2002),Drama,4808
5949,Intact (Intacto) (2001),Thriller,4809
5951,Morvern Callar (2002),Drama,4810
5952,"Lord of the Rings: The Two Towers, The (2002)",Adventure|Fantasy,4811
5953,Devils on the Doorstep (Guizi lai le) (2000),Drama|War,4812
5954,25th Hour (2002),Crime|Drama,4813
5955,Antwone Fisher (2002),Drama,4814
5956,Gangs of New York (2002),Crime|Drama,4815
5957,Two Weeks Notice (2002),Comedy|Romance,4816
5958,"Wild Thornberrys Movie, The (2002)",Animation|Children|Comedy,4817
5959,Narc (2002),Crime|Drama|Thriller,4818
5960,Bad Influence (1990),Drama|Thriller,4819
5961,Blue Steel (1990),Action|Thriller,4820
5962,Body of Evidence (1993),Drama|Thriller,4821
5963,"Children's Hour, The (1961)",Drama,4822
5965,"Duellists, The (1977)",Action|War,4823
5968,Miami Blues (1990),Comedy|Crime|Drama,4824
5969,My Girl 2 (1994),Comedy|Drama|Romance,4825
5970,My Girl (1991),Comedy|Drama|Romance,4826
5971,My Neighbor Totoro (Tonari no Totoro) (1988),Animation|Children|Drama|Fantasy,4827
5974,"Thief of Bagdad, The (1940)",Adventure|Fantasy,4828
5975,War and Peace (1956),Drama|Romance|War,4829
5977,Where's Poppa? (1970),Comedy,4830
5980,Black Christmas (1974),Horror|Mystery|Thriller,4831
5981,"Day of the Triffids, The (1962)",Horror|Sci-Fi,4832
5983,Invaders from Mars (1953),Sci-Fi,4833
5984,"Story of O, The (Histoire d'O) (1975)",Drama|Romance,4834
5985,Asoka (Ashoka the Great) (2001),Action|Drama|Romance,4835
5986,Fat City (1972),Drama,4836
5988,Quicksilver (1986),Drama,4837
5989,Catch Me If You Can (2002),Crime|Drama,4838
5990,Pinocchio (2002),Children|Comedy|Fantasy,4839
5991,Chicago (2002),Comedy|Crime|Drama|Musical,4840
5992,"Hours, The (2002)",Drama|Romance,4841
5993,Max (2002),Drama,4842
5994,Nicholas Nickleby (2002),Drama|Romance,4843
5995,"Pianist, The (2002)",Drama|War,4844
5999,Heavy Metal 2000 (2000),Action|Adventure|Animation|Fantasy|Sci-Fi,4845
6001,"King of Comedy, The (1983)",Comedy|Drama,4846
6002,Love Liza (2002),Drama,4847
6003,Confessions of a Dangerous Mind (2002),Comedy|Crime|Drama|Thriller,4848
6005,Blue Collar Comedy Tour: The Movie (2003),Comedy|Documentary,4849
6006,Just Married (2003),Comedy|Romance,4850
6008,"Son, The (Le fils) (2002)",Drama,4851
6012,"Guy Thing, A (2003)",Comedy|Romance,4852
6013,Kangaroo Jack (2003),Action|Comedy,4853
6014,National Security (2003),Action|Comedy,4854
6016,City of God (Cidade de Deus) (2002),Action|Adventure|Crime|Drama|Thriller,4855
6017,Divine Intervention (Yadon ilaheyya) (2002),Comedy|Drama|Romance|War,4856
6020,Alice Adams (1935),Comedy|Drama,4857
6021,"American Friend, The (Amerikanische Freund, Der) (1977)",Crime|Drama|Mystery|Thriller,4858
6022,American Me (1992),Drama,4859
6023,Band of Outsiders (Bande à part) (1964),Comedy|Crime|Drama|Romance,4860
6025,CB4 - The Movie (1993),Comedy,4861
6027,Dogfight (1991),Drama|Romance,4862
6031,Imitation of Life (1959),Drama|Romance,4863
6032,"Little Romance, A (1979)",Comedy|Romance,4864
6035,Pépé le Moko (1937),Crime|Drama|Romance,4865
6036,Secret Admirer (1985),Comedy|Romance,4866
6037,Summer Lovers (1982),Comedy|Drama|Romance,4867
6038,Tune in Tomorrow... (1990),Comedy|Romance,4868
6039,"Woman in Red, The (1984)",Comedy|Romance,4869
6040,Darkness Falls (2003),Horror|Thriller,4870
6041,Amen. (2002),Drama,4871
6042,Blind Spot: Hitler's Secretary (Im toten Winkel - Hitlers Sekretärin) (2002),Documentary,4872
6045,Bullet (1996),Action|Crime|Drama,4873
6047,Dead Reckoning (1947),Drama|Film-Noir|Mystery,4874
6049,Ethan Frome (1993),Drama,4875
6051,"Harder They Come, The (1973)",Action|Crime|Drama,4876
6054,"Moon-Spinners, The (1964)",Children|Mystery,4877
6056,Chaos (2001),Comedy|Crime|Drama,4878
6058,Final Destination 2 (2003),Horror|Thriller,4879
6059,"Recruit, The (2003)",Action|Thriller,4880
6060,"Guru, The (2002)",Comedy|Romance,4881
6062,Lost in La Mancha (2002),Documentary,4882
6063,May (2002),Drama|Horror,4883
6064,"Harder They Fall, The (1956)",Drama|Film-Noir,4884
6065,I'm All Right Jack (1959),Comedy,4885
6066,Murder by Decree (1979),Mystery|Thriller,4886
6067,Ordinary Decent Criminal (2000),Comedy|Crime,4887
6070,Tokyo Decadence (Topâzu) (1992),Drama,4888
6072,"Unfaithful Wife, The (Femme infidèle, La) (1969)",Drama|Thriller,4889
6073,Victim (1961),Crime|Drama,4890
6075,"Simple-Minded Murder, The (Enfaldige mördaren, Den) (1982)",Drama,4891
6077,Evil Under the Sun (1982),Crime|Drama|Mystery,4892
6078,Firefox (1982),Action|Sci-Fi|Thriller,4893
6081,"Never Play Clever Again (Gendarme et les gendarmettes, Le) (1982)",Comedy|Crime,4894
6082,"Grey Fox, The (1982)",Romance|Western,4895
6091,Labyrinth of Passion (Laberinto de Pasiones) (1982),Comedy,4896
6092,"Last American Virgin, The (1982)",Comedy|Drama,4897
6093,"Last Unicorn, The (1982)",Animation|Children|Fantasy,4898
6094,Liquid Sky (1982),Comedy|Sci-Fi,4899
6100,"Midsummer Night's Sex Comedy, A (1982)",Comedy|Romance,4900
6101,Missing (1982),Drama|Mystery|Thriller,4901
6102,"Missionary, The (1982)",Comedy,4902
6104,Monty Python Live at the Hollywood Bowl (1982),Comedy,4903
6105,Moonlighting (1982),Drama,4904
6107,"Night of the Shooting Stars (Notte di San Lorenzo, La) (1982)",Drama|War,4905
6109,One from the Heart (1982),Drama|Romance,4906
6114,Permanent Vacation (1982),Drama,4907
6115,Personal Best (1982),Drama,4908
6116,"Pirate Movie, The (1982)",Adventure|Comedy|Musical,4909
6118,Blind Chance (Przypadek) (1981),Drama,4910
6119,Santa Claus Is a Stinker (Le Père Noël est une ordure) (1982),Comedy,4911
6120,Q: The Winged Serpent (1982),Drama|Fantasy|Horror|Sci-Fi|Thriller,4912
6121,Querelle (1982),Drama,4913
6122,Richard Pryor Live on the Sunset Strip (1982),Comedy|Documentary,4914
6123,Sunless (Sans Soleil) (1983),Documentary,4915
6124,Savannah Smiles (1982),Comedy,4916
6125,"Secret Policeman's Other Ball, The (1982)",Comedy|Documentary|Musical,4917
6126,"Veronika Voss (Sehnsucht der Veronika Voss, Die) (1982)",Drama,4918
6127,Shoot the Moon (1982),Drama,4919
6134,Starstruck (1982),Comedy|Musical,4920
6135,Still of the Night (1982),Mystery|Thriller,4921
6136,"South, The (Sur, El) (1983)",Drama|Romance,4922
6140,Tenebre (1982),Horror|Mystery|Thriller,4923
6143,Trail of the Pink Panther (1982),Comedy|Crime,4924
6144,"Traviata, La (1982)",Drama|Musical,4925
6147,"White Rose, The (Weiße Rose, Die) (1982)",Drama|Film-Noir,4926
6148,White Dog (1982),Drama|Horror|Thriller,4927
6151,Yol (a.k.a. The Way) (1982),Drama,4928
6153,Zapped! (1982),Comedy|Sci-Fi,4929
6154,Deliver Us from Eva (2003),Comedy|Romance,4930
6155,How to Lose a Guy in 10 Days (2003),Comedy|Romance,4931
6156,Shanghai Knights (2003),Action|Adventure|Comedy,4932
6157,Daredevil (2003),Action|Crime,4933
6158,"Jungle Book 2, The (2003)",Animation|Children,4934
6159,All the Real Girls (2003),Drama|Romance,4935
6160,Amandla! A Revolution in Four Part Harmony (2002),Documentary|Musical,4936
6161,Painted Fire (Chihwaseon) (2002),Drama,4937
6162,Gerry (2002),Adventure|Drama,4938
6163,He Loves Me... He Loves Me Not (À la folie... pas du tout) (2002),Romance|Thriller,4939
6166,Dennis the Menace (1993),Comedy,4940
6169,"Black Stallion Returns, The (1983)",Adventure|Children,4941
6170,"Black Stallion, The (1979)",Adventure|Children|Drama,4942
6173,Into the West (1992),Adventure|Children,4943
6176,Mr. Majestyk (1974),Action|Drama,4944
6178,"Patch of Blue, A (1965)",Drama|Romance,4945
6180,Q & A (1990),Crime|Drama,4946
6181,"Red Badge of Courage, The (1951)",Drama|War,4947
6182,"Thrill of It All, The (1963)",Comedy,4948
6183,Pillow Talk (1959),Comedy|Musical|Romance,4949
6184,"Man Who Fell to Earth, The (1976)",Drama|Sci-Fi,4950
6185,Dark Blue (2003),Action|Crime|Drama|Thriller,4951
6186,Gods and Generals (2003),Action|Drama|War,4952
6187,"Life of David Gale, The (2003)",Crime|Drama|Thriller,4953
6188,Old School (2003),Comedy,4954
6190,"Lawless Heart, The (2003)",Comedy|Drama,4955
6192,Open Hearts (Elsker dig for evigt) (2002),Romance,4956
6193,Poolhall Junkies (2002),Comedy|Drama|Thriller,4957
6195,Stone Reader (2002),Documentary,4958
6196,Cradle 2 the Grave (2003),Action|Crime|Drama|Thriller,4959
6197,Spider (2002),Drama|Mystery,4960
6198,American Heart (1992),Crime|Drama,4961
6200,Insignificance (1985),Comedy|Drama,4962
6201,Lady Jane (1986),Drama|Romance,4963
6202,Late Marriage (Hatuna Meuheret) (2001),Comedy|Drama|Romance,4964
6203,Life Stinks (1991),Comedy,4965
6204,"Meteor Man, The (1993)",Comedy,4966
6206,Seize the Day (1986),Drama,4967
6210,Volcano High (Whasango) (2001),Action|Comedy,4968
6211,Ten (2002),Drama,4969
6212,Bringing Down the House (2003),Comedy,4970
6213,Tears of the Sun (2003),Action|Drama|Thriller,4971
6214,Irreversible (Irréversible) (2002),Crime|Drama|Mystery|Thriller,4972
6215,Laurel Canyon (2002),Drama,4973
6216,Nowhere in Africa (Nirgendwo in Afrika) (2001),Drama,4974
6217,"Safety of Objects, The (2001)",Drama,4975
6218,Bend It Like Beckham (2002),Comedy|Drama|Romance,4976
6219,"Hunted, The (2003)",Action|Drama|Thriller,4977
6220,Willard (2003),Drama|Horror|Thriller,4978
6222,Prozac Nation (2001),Drama,4979
6223,Spun (2001),Comedy|Crime|Drama,4980
6225,King of Kings (1961),Drama,4981
6226,"Lost Honor of Katharina Blum, The (Verlorene Ehre der Katharina Blum oder: Wie Gewalt entstehen und wohin sie führen kann, Die) (1975)",Drama,4982
6228,"Talk of the Town, The (1942)",Comedy|Romance|Thriller,4983
6229,Two-Lane Blacktop (1971),Drama,4984
6230,Bang the Drum Slowly (1973),Drama,4985
6231,"Benny Goodman Story, The (1955)",Drama|Musical,4986
6232,Born Free (1966),Adventure|Children|Drama,4987
6233,Born Yesterday (1993),Comedy|Romance,4988
6234,Equus (1977),Drama|Mystery,4989
6235,Europa Europa (Hitlerjunge Salomon) (1990),Drama|War,4990
6236,Fear Strikes Out (1957),Drama,4991
6237,"Glenn Miller Story, The (1953)",Drama,4992
6238,Green Card (1990),Comedy|Drama|Romance,4993
6239,Journey to the Center of the Earth (1959),Adventure|Children|Sci-Fi,4994
6240,One Good Cop (1991),Action|Crime|Drama,4995
6241,Pauline at the Beach (Pauline à la Plage) (1983),Comedy|Drama|Romance,4996
6242,Ringu (Ring) (1998),Horror|Mystery|Thriller,4997
6243,Ringu 2 (Ring 2) (1999),Horror|Mystery,4998
6244,Salaam Bombay! (1988),Drama,4999
6245,Sweet Charity (1969),Comedy|Drama|Musical|Romance,5000
6247,Women in Love (1969),Drama|Romance,5001
6248,Japon (a.k.a. Japan) (Japón) (2002),Drama,5002
6249,Boat Trip (2003),Comedy,5003
6250,Dreamcatcher (2003),Drama|Horror|Sci-Fi|Thriller,5004
6251,Piglet's Big Movie (2003),Animation|Children,5005
6252,View from the Top (2003),Comedy|Romance,5006
6254,"Awful Truth, The (1937)",Comedy|Romance,5007
6257,I Am Curious (Yellow) (Jag är nyfiken - en film i gult) (1967),Drama,5008
6258,"Dames du Bois de Boulogne, Les (Ladies of the Bois de Boulogne, The) (Ladies of the Park) (1945)",Drama|Romance,5009
6259,My Friend Flicka (1943),Children|Western,5010
6260,"Robe, The (1953)",Drama,5011
6261,Wind (1992),Action|Romance,5012
6263,Basic (2003),Drama|Thriller|War,5013
6264,"Core, The (2003)",Action|Drama|Sci-Fi|Thriller,5014
6265,Head of State (2003),Comedy,5015
6266,What a Girl Wants (2003),Comedy|Drama|Romance,5016
6267,Assassination Tango (2002),Drama|Thriller,5017
6268,Raising Victor Vargas (2002),Comedy|Drama|Romance,5018
6269,Stevie (2002),Documentary,5019
6270,Akira Kurosawa's Dreams (Dreams) (1990),Drama|Fantasy,5020
6271,Day for Night (La Nuit Américaine) (1973),Comedy|Drama|Romance,5021
6273,In a Lonely Place (1950),Drama|Film-Noir|Mystery|Romance,5022
6279,"Good Thief, The (2002)",Crime|Drama,5023
6280,"Man Apart, A (2003)",Action|Crime|Drama|Thriller,5024
6281,Phone Booth (2002),Drama|Thriller,5025
6283,Cowboy Bebop: The Movie (Cowboy Bebop: Tengoku no Tobira) (2001),Action|Animation|Sci-Fi|Thriller,5026
6285,Levity (2003),Drama,5027
6286,"Man Without a Past, The (Mies vailla menneisyyttä) (2002)",Comedy|Crime|Drama,5028
6287,Anger Management (2003),Comedy,5029
6288,Better Luck Tomorrow (2002),Crime|Drama,5030
6289,Ghosts of the Abyss (2003),Documentary|IMAX,5031
6290,House of 1000 Corpses (2003),Horror,5032
6291,Lilya 4-Ever (Lilja 4-ever) (2002),Crime|Drama,5033
6293,XX/XY (2002),Drama|Romance,5034
6294,Bulletproof Monk (2003),Action|Adventure|Sci-Fi,5035
6296,"Mighty Wind, A (2003)",Comedy|Musical,5036
6297,Holes (2003),Adventure|Children|Comedy|Mystery,5037
6298,Malibu's Most Wanted (2003),Comedy|Crime,5038
6299,"Winged Migration (Peuple migrateur, Le) (2001)",Documentary,5039
6300,Flickering Lights (Blinkende lygter) (2000),Action|Comedy|Crime,5040
6301,Straw Dogs (1971),Drama|Thriller,5041
6303,"Andromeda Strain, The (1971)",Mystery|Sci-Fi,5042
6304,Brainscan (1994),Comedy|Horror|Sci-Fi|Thriller,5043
6305,Fahrenheit 451 (1966),Drama|Sci-Fi,5044
6306,I Am Trying to Break Your Heart (2002),Documentary,5045
6307,"Iceman Cometh, The (1973)",Drama,5046
6308,Legal Eagles (1986),Comedy|Crime|Romance,5047
6311,"Other Side of Heaven, The (2001)",Adventure|Drama,5048
6312,"Private Function, A (1984)",Comedy,5049
6314,Undercover Blues (1993),Comedy|Crime,5050
6315,Wildcats (1986),Comedy,5051
6316,"Wiz, The (1978)",Adventure|Children|Comedy|Fantasy|Musical,5052
6318,"Marrying Man, The (Too Hot to Handle) (1991)",Comedy|Romance,5053
6319,"My Father the Hero (Mon père, ce héros.) (1991)",Comedy|Drama,5054
6322,Confidence (2003),Crime|Thriller,5055
6323,Identity (2003),Crime|Horror|Mystery|Thriller,5056
6327,"Decade Under the Influence, A (2003)",Documentary,5057
6329,Manic (2001),Drama,5058
6330,People I Know (2002),Crime|Drama,5059
6331,Spellbound (2002),Documentary,5060
6332,"Lizzie McGuire Movie, The (2003)",Children|Comedy|Romance,5061
6333,X2: X-Men United (2003),Action|Adventure|Sci-Fi|Thriller,5062
6334,Blue Car (2002),Drama,5063
6335,"Dancer Upstairs, The (2002)",Crime|Drama|Thriller,5064
6337,Owning Mahowny (2003),Crime|Drama|Thriller,5065
6338,Daddy Day Care (2003),Children|Comedy,5066
6339,"Man on the Train (Homme du train, L') (2002)",Comedy|Drama,5067
6341,"Shape of Things, The (2003)",Drama,5068
6342,"Trip, The (2002)",Comedy|Drama|Romance,5069
6344,101 Reykjavik (101 Reykjavík) (2000),Comedy|Drama|Romance,5070
6345,"Chorus Line, A (1985)",Comedy|Drama|Musical,5071
6347,Beat Street (1984),Drama|Musical,5072
6348,Breakin' 2: Electric Boogaloo (1984),Musical,5073
6349,Breakin' (1984),Drama|Musical,5074
6350,Laputa: Castle in the Sky (Tenkû no shiro Rapyuta) (1986),Action|Adventure|Animation|Children|Fantasy|Sci-Fi,5075
6351,Hysterical Blindness (2002),Drama,5076
6356,Gunfight at the O.K. Corral (1957),Western,5077
6357,High Society (1956),Comedy|Musical|Romance,5078
6358,Kiss Me Kate (1953),Comedy|Musical|Romance,5079
6365,"Matrix Reloaded, The (2003)",Action|Adventure|Sci-Fi|Thriller|IMAX,5080
6366,Dracula: Pages from a Virgin's Diary (2001),Horror|Mystery,5081
6367,Down with Love (2003),Comedy|Romance,5082
6368,Cinemania (2002),Documentary,5083
6370,"Spanish Apartment, The (L'auberge espagnole) (2002)",Comedy|Drama|Romance,5084
6371,Pokémon Heroes (2003),Animation|Children,5085
6373,Bruce Almighty (2003),Comedy|Drama|Fantasy|Romance,5086
6374,"In-Laws, The (2003)",Comedy,5087
6375,Gigantic (A Tale of Two Johns) (2002),Documentary,5088
6376,Respiro (2002),Comedy|Drama,5089
6377,Finding Nemo (2003),Adventure|Animation|Children|Comedy,5090
6378,"Italian Job, The (2003)",Action|Crime,5091
6379,Wrong Turn (2003),Horror|Thriller,5092
6380,Capturing the Friedmans (2003),Documentary,5093
6382,Together (Han ni Zai Yiki) (2002),Drama,5094
6383,"2 Fast 2 Furious (Fast and the Furious 2, The) (2003)",Action|Crime|Thriller,5095
6385,Whale Rider (2002),Drama,5096
6386,Nevada Smith (1966),Western,5097
6387,Once a Thief (Zong heng si hai) (1991),Action|Comedy|Crime|Thriller,5098
6388,Regeneration (1997),Drama|War,5099
6390,Silk Stockings (1957),Musical,5100
6391,Snowball Express (1972),Children|Comedy,5101
6392,"Man Called Horse, A (1970)",Adventure|Drama|Western,5102
6394,Big Jake (1971),Western,5103
6395,"Crazies, The (a.k.a. Code Name: Trixie) (1973)",Action|Drama|Horror|Sci-Fi|Thriller,5104
6398,Le Mans (1971),Action|Adventure,5105
6400,Murder on a Sunday Morning (Un coupable idéal) (2001),Documentary,5106
6401,Rio Lobo (1970),Adventure|Romance|War|Western,5107
6403,"Swimmer, The (1968)",Drama,5108
6404,"White Sheik, The (Sceicco bianco, Lo) (1952)",Comedy|Romance,5109
6405,Treasure Island (1950),Adventure|Children,5110
6407,"Walk, Don't Run (1966)",Comedy|Romance,5111
6408,Animals are Beautiful People (1974),Comedy|Documentary,5112
6409,Bend of the River (1952),Western,5113
6410,Car Wash (1976),Comedy,5114
6412,Destry Rides Again (1939),Comedy|Western,5115
6413,"Electric Horseman, The (1979)",Comedy|Western,5116
6415,Intervista (1987),Comedy|Drama,5117
6416,King Rat (1965),Drama|War,5118
6419,Mr. & Mrs. Bridge (1990),Drama,5119
6422,Shenandoah (1965),Drama|War|Western,5120
6424,Oscar (1991),Comedy|Crime|Mystery|Romance,5121
6425,"6th Man, The (Sixth Man, The) (1997)",Comedy,5122
6426,"Far Country, The (1954)",Western,5123
6427,"Railway Children, The (1970)",Children|Drama,5124
6428,Two Mules for Sister Sara (1970),Comedy|War|Western,5125
6429,Winchester '73 (1950),Western,5126
6430,Ziggy Stardust and the Spiders from Mars (1973),Documentary|Musical,5127
6433,"Man with the Movie Camera, The (Chelovek s kino-apparatom) (1929)",Documentary,5128
6436,This Boy's Life (1993),Drama,5129
6437,13 Rue Madeleine (1947),Thriller|War,5130
6439,Attack! (1956),Drama|War,5131
6440,Barton Fink (1991),Drama|Thriller,5132
6441,Battle of Britain (1969),War,5133
6442,Belle époque (1992),Comedy|Romance,5134
6446,"Comancheros, The (1961)",Action|Adventure|Drama|Romance,5135
6448,"Flight of the Phoenix, The (1965)",Action|Adventure|Drama,5136
6450,"Heaven Knows, Mr. Allison (1957)",Drama|War,5137
6451,"Hot Rock, The (1972)",Comedy|Crime,5138
6452,"Long, Hot Summer, The (1958)",Drama,5139
6453,Man of Aran (1934),Documentary,5140
6454,Music Box (1989),Drama,5141
6455,North to Alaska (1960),Comedy|Western,5142
6457,Sink the Bismark! (1960),Action|Drama|War,5143
6458,"Blue Max, The (1966)",Adventure|Drama|War,5144
6459,"Desert Fox, The (1951)",Drama|War,5145
6460,"Trial, The (Procès, Le) (1962)",Drama,5146
6461,"Unforgiven, The (1960)",Drama|Western,5147
6463,Divine Trash (1998),Documentary,5148
6464,Good Burger (1997),Children|Comedy,5149
6466,Mississippi Masala (1991),Drama|Romance,5150
6467,Quai des Orfèvres (Jenny Lamour) (1947),Crime|Drama,5151
6469,Cahill U.S. Marshal (Cahill: United States Marshal) (Wednesday Morning) (1973),Western,5152
6470,Chisum (1970),Western,5153
6475,Opportunity Knocks (1990),Comedy,5154
6476,Shattered (1991),Mystery|Thriller,5155
6477,"Song of Bernadette, The (1943)",Drama,5156
6478,"Life and Times of Judge Roy Bean, The (1972)",Comedy|Western,5157
6480,Thoroughly Modern Millie (1967),Comedy|Musical,5158
6481,Where the Heart Is (1990),Comedy|Drama,5159
6482,Dumb and Dumberer: When Harry Met Lloyd (2003),Comedy,5160
6484,Hollywood Homicide (2003),Action|Crime|Drama,5161
6485,Rugrats Go Wild! (2003),Adventure|Animation|Children|Comedy,5162
6488,Jet Lag (Décalage horaire) (2002),Comedy|Romance,5163
6493,Alex and Emma (2003),Comedy|Drama|Romance,5164
6495,Experiment in Terror (1962),Crime|Thriller,5165
6498,Murphy's War (1971),War,5166
6502,28 Days Later (2002),Action|Horror|Sci-Fi,5167
6503,Charlie's Angels: Full Throttle (2003),Action|Adventure|Comedy|Crime|Thriller,5168
6506,Fulltime Killer (Chuen jik sat sau) (2001),Action|Thriller,5169
6508,"Bank, The (2001)",Thriller,5170
6509,Ali: Fear Eats the Soul (Angst essen Seele auf) (1974),Drama|Romance,5171
6515,You Only Live Once (1937),Crime|Film-Noir,5172
6516,Anastasia (1956),Drama,5173
6517,"Babe, The (1992)",Drama,5174
6518,Flight of the Intruder (1991),Action|War,5175
6519,Fun with Dick and Jane (1977),Comedy,5176
6522,Man's Favorite Sport? (1964),Comedy,5177
6523,Mr. Baseball (1992),Comedy|Romance,5178
6524,Never on Sunday (Pote tin Kyriaki) (1960),Comedy|Drama,5179
6525,Nuts (1987),Drama,5180
6526,Rhapsody in August (Hachi-gatsu no kyôshikyoku) (1991),Drama,5181
6527,Scaramouche (1952),Adventure|Romance,5182
6528,Start the Revolution Without Me (1970),Comedy,5183
6530,"Tenant, The (Locataire, Le) (1976)",Drama|Horror|Mystery|Thriller,5184
6531,"Hour of the Pig, The (1993)",Crime|Drama|Mystery,5185
6533,"What's Up, Doc? (1972)",Comedy,5186
6534,Hulk (2003),Action|Adventure|Sci-Fi,5187
6535,"Legally Blonde 2: Red, White & Blonde (2003)",Comedy,5188
6536,Sinbad: Legend of the Seven Seas (2003),Adventure|Animation|Children|Fantasy,5189
6537,Terminator 3: Rise of the Machines (2003),Action|Adventure|Sci-Fi,5190
6538,Swimming Pool (2003),Drama|Mystery|Thriller,5191
6539,Pirates of the Caribbean: The Curse of the Black Pearl (2003),Action|Adventure|Comedy|Fantasy,5192
6541,"League of Extraordinary Gentlemen, The (a.k.a. LXG) (2003)",Action|Fantasy|Sci-Fi,5193
6542,"Cuckoo, The (Kukushka) (2002)",Comedy|Drama|War,5194
6544,"Housekeeper, The (femme de ménage, Une) (2002)",Comedy|Drama|Romance,5195
6545,I Capture the Castle (2003),Drama|Romance,5196
6547,Northfork (2003),Drama|Fantasy,5197
6548,Bad Boys II (2003),Action|Comedy|Crime|Thriller,5198
6549,How to Deal (2003),Comedy|Drama|Romance,5199
6550,Johnny English (2003),Action|Comedy|Thriller,5200
6552,Dirty Pretty Things (2002),Crime|Drama|Thriller,5201
6558,Curly Sue (1991),Comedy|Drama,5202
6559,Little Giants (1994),Children|Comedy,5203
6561,"Mouse That Roared, The (1959)",Comedy|War,5204
6562,Spencer's Mountain (1963),Comedy|Drama,5205
6564,Lara Croft Tomb Raider: The Cradle of Life (2003),Action|Adventure|Comedy|Romance|Thriller,5206
6565,Seabiscuit (2003),Drama,5207
6566,Spy Kids 3-D: Game Over (2003),Action|Adventure|Children,5208
6567,Buffalo Soldiers (2001),Comedy|Crime|Drama|War,5209
6568,Camp (2003),Comedy|Musical,5210
6571,"Mondays in the Sun (Lunes al sol, Los) (2002)",Drama,5211
6573,Avanti! (1972),Comedy|Drama,5212
6578,"Kiss Me, Stupid (1964)",Comedy,5213
6579,"One, Two, Three (1961)",Comedy,5214
6581,"Private Life of Sherlock Holmes, The (1970)",Comedy|Drama|Mystery,5215
6582,Remo Williams: The Adventure Begins (1985),Action|Comedy|Crime|Thriller,5216
6583,"Blood of Heroes, The (Salute of the Jugger, The) (1989)",Action|Sci-Fi,5217
6584,"What's Up, Tiger Lily? (1966)",Adventure|Comedy|Crime|Thriller,5218
6586,American Wedding (American Pie 3) (2003),Comedy,5219
6588,And Now... Ladies and Gentlemen... (2002),Romance|Thriller,5220
6591,"Magdalene Sisters, The (2002)",Drama,5221
6592,"Secret Lives of Dentists, The (2002)",Drama,5222
6593,Freaky Friday (2003),Children|Comedy|Fantasy,5223
6595,S.W.A.T. (2003),Action|Thriller,5224
6596,"Divorce, Le (2003)",Comedy|Drama|Romance,5225
6597,"Princess Blade, The (Shura Yukihime) (2001)",Action|Sci-Fi,5226
6598,Step Into Liquid (2002),Documentary,5227
6599,Accattone (1961),Drama,5228
6601,Big Trouble (1986),Comedy,5229
6602,Brain Damage (1988),Comedy|Horror,5230
6603,"Double Life, A (1947)",Crime|Drama|Film-Noir,5231
6604,Hawks and Sparrows (Uccellacci e Uccellini) (1966),Comedy,5232
6609,"Gospel According to St. Matthew, The (Vangelo secondo Matteo, Il) (1964)",Drama,5233
6610,"Honeymoon Killers, The (1970)",Crime|Thriller,5234
6611,Umberto D. (1952),Drama,5235
6612,Brother's Keeper (1992),Documentary,5236
6613,"Day of the Dolphin, The (1973)",Drama,5237
6614,I Love You to Death (1990),Comedy|Crime,5238
6615,Freddy vs. Jason (2003),Action|Horror|Thriller,5239
6616,Grind (2003),Action|Comedy,5240
6617,Open Range (2003),Western,5241
6618,Shaolin Soccer (Siu lam juk kau) (2001),Action|Comedy,5242
6619,Uptown Girls (2003),Comedy,5243
6620,American Splendor (2003),Comedy|Drama,5244
6624,Agent Cody Banks (2003),Action|Adventure|Children|Fantasy,5245
6625,Camp Nowhere (1994),Adventure|Children|Comedy,5246
6629,House of Wax (1953),Crime|Horror|Mystery|Thriller,5247
6630,"Inn of the Sixth Happiness, The (1958)",Adventure|Drama,5248
6636,"Sure Thing, The (1985)",Comedy|Romance,5249
6638,Valley Girl (1983),Comedy|Romance,5250
6639,Wait Until Dark (1967),Drama|Thriller,5251
6641,Code Unknown (Code inconnu: Récit incomplet de divers voyages) (2000),Drama,5252
6642,Showdown in Little Tokyo (1991),Action|Crime,5253
6643,Tokyo Story (Tôkyô monogatari) (1953),Drama,5254
6644,"Green Ray, The (Rayon vert, Le) (1986)",Drama|Romance,5255
6645,THX 1138 (1971),Action|Adventure|Drama|Sci-Fi,5256
6646,Valley of the Dolls (1967),Drama,5257
6649,Tunes of Glory (1960),Drama,5258
6650,Kind Hearts and Coronets (1949),Comedy|Drama,5259
6652,Joe Kidd (1972),Western,5260
6653,"Keep, The (1983)",Horror|Thriller,5261
6657,"Beast from 20,000 Fathoms, The (1953)",Sci-Fi,5262
6658,10 (1979),Comedy|Romance,5263
6659,Tremors (1990),Comedy|Horror|Sci-Fi,5264
6660,"Red Shoes, The (1948)",Drama|Fantasy|Musical|Romance,5265
6662,"Pink Panther, The (1963)",Comedy|Crime,5266
6663,"Pink Panther Strikes Again, The (1976)",Comedy|Crime,5267
6664,Commando (1985),Action|Adventure,5268
6665,Dracula (1979),Horror|Romance,5269
6666,"Discreet Charm of the Bourgeoisie, The (Charme discret de la bourgeoisie, Le) (1972)",Comedy|Drama|Fantasy,5270
6667,Waco: The Rules of Engagement (1997),Documentary,5271
6668,"Road Home, The (Wo de fu qin mu qin) (1999)",Drama|Romance,5272
6669,Ikiru (1952),Drama,5273
6671,"Angel at My Table, An (1990)",Drama,5274
6672,War Photographer (2001),Documentary|War,5275
6676,Incident at Oglala (1992),Documentary,5276
6678,"Handmaid's Tale, The (1990)",Drama|Sci-Fi,5277
6679,Revolution OS (2001),Documentary,5278
6680,Live Nude Girls Unite! (2000),Documentary,5279
6681,All the Little Animals (1998),Drama|Thriller,5280
6682,Earth (1998),Drama|War,5281
6683,Fire (1996),Drama,5282
6684,Death in Venice (Morte a Venezia) (1971),Drama|Romance,5283
6686,"Medallion, The (2003)",Action|Comedy|Crime|Fantasy,5284
6687,My Boss's Daughter (2003),Comedy|Romance,5285
6688,Autumn Spring (Babí léto) (2001),Comedy|Drama,5286
6690,Don't Tempt Me (Sin noticias de Dios) (2001),Comedy|Fantasy|Mystery,5287
6692,Stoked: The Rise and Fall of Gator (2002),Documentary,5288
6695,Jeepers Creepers 2 (2003),Horror|Thriller,5289
6696,Bollywood/Hollywood (2002),Comedy|Drama|Musical|Romance,5290
6700,"Other Side of the Bed, The (Otro lado de la cama, El) (2002)",Comedy|Drama|Musical|Romance,5291
6701,Zero Day (2002),Drama,5292
6702,Dickie Roberts: Former Child Star (2003),Comedy,5293
6703,"Order, The (2003)",Horror|Mystery|Thriller,5294
6705,Party Monster (2003),Comedy|Crime|Drama|Thriller,5295
6707,Cabin Fever (2002),Horror|Thriller,5296
6708,Matchstick Men (2003),Comedy|Crime|Drama,5297
6709,Once Upon a Time in Mexico (2003),Action|Adventure|Crime|Thriller,5298
6710,Dummy (2002),Comedy|Drama|Romance,5299
6711,Lost in Translation (2003),Comedy|Drama|Romance,5300
6713,Millennium Actress (Sennen joyû) (2001),Animation|Drama|Romance,5301
6714,So Close (Chik Yeung Tin Sai) (2002),Action|Comedy|Romance|Thriller,5302
6717,Enlightenment Guaranteed (Erleuchtung Garantiert) (2000),Comedy|Drama,5303
6718,Gotcha! (1985),Comedy,5304
6720,Kuffs (1992),Action|Comedy|Crime,5305
6721,Once Upon a Time in China (Wong Fei Hung) (1991),Action|Adventure|Drama,5306
6722,Once Upon a Time in China II (Wong Fei-hung Ji Yi: Naam yi dong ji keung) (1992),Action|Romance,5307
6723,Once Upon a Time in China III (Wong Fei-hung tsi sam: Siwong tsangba) (1993),Action,5308
6724,Paper Moon (1973),Comedy|Crime|Drama,5309
6725,Sgt. Pepper's Lonely Hearts Club Band (1978),Adventure|Musical,5310
6727,Targets (1968),Crime|Thriller,5311
6730,Convoy (1978),Action|Comedy|Drama,5312
6731,Day of the Dead (1985),Horror|Sci-Fi|Thriller,5313
6732,"Hello, Dolly! (1969)",Comedy|Musical|Romance,5314
6734,Memoirs of an Invisible Man (1992),Comedy|Romance|Sci-Fi|Thriller,5315
6735,"Rose, The (1979)",Drama,5316
6736,See No Evil (1971),Crime|Drama|Horror|Thriller,5317
6743,Jungle Book (1942),Adventure|Fantasy,5318
6744,Once Bitten (1985),Comedy|Horror,5319
6747,"Adventures of Huckleberry Finn, The (1960)",Adventure|Children,5320
6748,"Brood, The (1979)",Horror,5321
6749,"Prince and the Pauper, The (1937)",Adventure|Drama,5322
6750,Anything Else (2003),Comedy|Drama|Romance,5323
6751,Cold Creek Manor (2003),Drama|Thriller,5324
6752,"Fighting Temptations, The (2003)",Drama,5325
6753,Secondhand Lions (2003),Children|Comedy|Drama,5326
6754,Underworld (2003),Action|Fantasy|Horror,5327
6755,Bubba Ho-tep (2002),Comedy|Horror,5328
6756,Casa de los babys (2003),Drama,5329
6757,Demonlover (2002),Crime|Drama|Mystery|Thriller,5330
6760,In This World (2002),Adventure|Drama,5331
6761,Tibet: Cry of the Snow Lion (2002),Documentary,5332
6762,Yossi & Jagger (2002),Drama|Romance,5333
6763,Duplex (2003),Comedy|Crime,5334
6764,"Rundown, The (2003)",Action|Adventure|Comedy,5335
6765,Under the Tuscan Sun (2003),Comedy|Drama|Romance,5336
6768,Luther (2003),Drama,5337
6769,Mambo Italiano (2003),Comedy,5338
6770,My Life Without Me (2003),Drama|Romance,5339
6772,To Be and to Have (Être et avoir) (2002),Documentary,5340
6773,"Triplets of Belleville, The (Les triplettes de Belleville) (2003)",Animation|Comedy|Fantasy,5341
6774,Videodrome (1983),Fantasy|Horror|Sci-Fi|Thriller,5342
6775,Life and Debt (2001),Documentary,5343
6776,Lagaan: Once Upon a Time in India (2001),Comedy|Drama|Musical|Romance,5344
6777,Judgment at Nuremberg (1961),Drama,5345
6779,"Same Time, Next Year (1978)",Comedy|Drama|Romance,5346
6780,"Brief History of Time, A (1991)",Documentary,5347
6782,Leningrad Cowboys Go America (1989),Comedy|Musical,5348
6783,"Rules of the Game, The (La règle du jeu) (1939)",Comedy|Drama,5349
6784,"Song Remains the Same, The (1976)",Documentary|Musical,5350
6785,Seven Brides for Seven Brothers (1954),Comedy|Musical|Romance|Western,5351
6786,Kiss of the Spider Woman (1985),Drama,5352
6787,All the President's Men (1976),Drama|Thriller,5353
6789,"Apartment, The (Appartement, L') (1996)",Drama|Mystery|Romance,5354
6790,Avalon (2001),Drama|Fantasy|Sci-Fi,5355
6791,Babette's Feast (Babettes gæstebud) (1987),Drama,5356
6792,"Barber of Siberia, The (Sibirskij tsiryulnik) (1998)",Drama|Romance,5357
6793,Beethoven (1992),Children|Comedy|Drama,5358
6794,Beethoven's 2nd (1993),Children|Comedy,5359
6796,Boyz N the Hood (1991),Crime|Drama,5360
6797,Bugsy (1991),Crime|Drama,5361
6798,Bugsy Malone (1976),Children|Comedy|Crime|Musical,5362
6800,Cobra (1986),Action|Crime,5363
6801,"Common Wealth (Comunidad, La) (2000)",Comedy|Thriller,5364
6803,Phenomena (a.k.a. Creepers) (1985),Horror|Mystery|Thriller,5365
6804,Crimewave (1985),Comedy|Crime,5366
6805,Crying Freeman (1995),Action|Crime|Thriller,5367
6806,Time and Tide (Seunlau Ngaklau) (2000),Action|Crime|Thriller,5368
6807,Monty Python's The Meaning of Life (1983),Comedy,5369
6808,Where Eagles Dare (1968),Action|Adventure|War,5370
6809,Tightrope (1984),Thriller,5371
6810,Sleeping with the Enemy (1991),Drama|Thriller,5372
6811,PCU (1994),Comedy,5373
6812,"Rookie, The (1990)",Action|Comedy|Thriller,5374
6813,"Ghost and Mr. Chicken, The (1966)",Comedy|Romance,5375
6815,Into the Night (1985),Action|Comedy|Drama|Thriller,5376
6816,Three O'Clock High (1987),Comedy,5377
6817,"White Hunter, Black Heart (1990)",Adventure|Drama,5378
6818,Come and See (Idi i smotri) (1985),Drama|War,5379
6820,Ginger Snaps (2000),Drama|Horror|Thriller,5380
6826,"Shakiest Gun in the West, The (1968)",Comedy|Western,5381
6828,"Sunday in the Country, A (Un dimanche à la campagne) (1984)",Drama,5382
6832,Regarding Henry (1991),Drama,5383
6837,Love Affair (1939),Comedy|Drama|Romance,5384
6840,"Hospital, The (1971)",Comedy|Drama,5385
6842,Images (1972),Drama|Fantasy|Horror,5386
6844,Oleanna (1994),Drama,5387
6849,Scrooge (1970),Drama|Fantasy|Musical,5388
6850,Leap of Faith (1992),Comedy|Drama,5389
6851,"Gas, Food, Lodging (1992)",Drama|Romance,5390
6852,In Cold Blood (1967),Crime|Drama,5391
6854,"Bedford Incident, The (1965)",Drama|Thriller|War,5392
6856,Yankee Doodle Dandy (1942),Drama|Musical,5393
6857,Ninja Scroll (Jûbei ninpûchô) (1995),Action|Adventure|Animation|Fantasy,5394
6858,Knife in the Water (Nóz w wodzie) (1962),Drama,5395
6859,"Devil and Daniel Webster, The (All That Money Can Buy) (1941)",Drama|Fantasy,5396
6862,Out of Time (2003),Crime|Drama|Thriller,5397
6863,School of Rock (2003),Comedy|Musical,5398
6864,"Concert for George, The (2003)",Documentary|Musical,5399
6867,"Station Agent, The (2003)",Comedy|Drama,5400
6868,Wonderland (2003),Crime|Drama|Mystery|Thriller,5401
6869,Bus 174 (Ônibus 174) (2002),Crime|Documentary,5402
6870,Mystic River (2003),Crime|Drama|Mystery,5403
6871,Good Boy! (2003),Children|Comedy|Sci-Fi,5404
6873,Intolerable Cruelty (2003),Comedy|Romance,5405
6874,Kill Bill: Vol. 1 (2003),Action|Crime|Thriller,5406
6875,Dopamine (2003),Comedy|Drama|Romance,5407
6879,Runaway Jury (2003),Drama|Thriller,5408
6880,"Texas Chainsaw Massacre, The (2003)",Horror,5409
6881,Pieces of April (2003),Comedy|Drama,5410
6882,Returner (Ritaanaa) (2002),Action|Adventure|Sci-Fi,5411
6883,Sylvia (2003),Drama|Romance,5412
6884,Veronica Guerin (2003),Crime|Drama|Thriller,5413
6885,In the Cut (2003),Crime|Drama|Mystery|Romance|Thriller,5414
6886,Beyond Borders (2003),Drama|Romance|War,5415
6887,Radio (2003),Drama,5416
6888,Scary Movie 3 (2003),Comedy|Horror,5417
6889,Brother Bear (2003),Adventure|Animation|Children,5418
6890,Elephant (2003),Drama,5419
6892,"Singing Detective, The (2003)",Comedy|Drama|Musical|Mystery,5420
6893,"Italian Job, The (1969)",Action|Comedy|Crime,5421
6895,Normal (2003),Drama,5422
6896,Shoah (1985),Documentary|War,5423
6898,Sweet Sixteen (2002),Drama,5424
6900,Black Sunday (1977),Action|Drama|Thriller,5425
6902,Interstate 60 (2002),Adventure|Comedy|Drama|Fantasy|Mystery|Sci-Fi|Thriller,5426
6909,"Eye, The (Gin gwai) (Jian gui) (2002)",Thriller,5427
6910,Kronos (a.k.a. Captain Kronos: Vampire Hunter) (1973),Horror,5428
6918,"Unvanquished, The (Aparajito) (1957)",Drama,5429
6920,"Cercle Rouge, Le (Red Circle, The) (1970)",Crime|Thriller,5430
6921,Man of Marble (Czlowiek z Marmuru) (1977),Drama,5431
6923,Sherlock Holmes and the Voice of Terror (1942),Crime|Mystery|War,5432
6924,Sherlock Holmes Faces Death (1943),Crime|Mystery,5433
6926,"Solid Gold Cadillac, The (1956)",Comedy,5434
6927,"Human Stain, The (2003)",Drama|Romance|Thriller,5435
6932,Shattered Glass (2003),Crime|Drama,5436
6934,"Matrix Revolutions, The (2003)",Action|Adventure|Sci-Fi|Thriller|IMAX,5437
6935,"Revolution Will Not Be Televised, The (a.k.a. Chavez: Inside the Coup) (2003)",Documentary,5438
6936,Elf (2003),Children|Comedy|Fantasy,5439
6938,Billabong Odyssey (2003),Documentary,5440
6939,Gloomy Sunday (Ein Lied von Liebe und Tod) (1999),Drama|Romance,5441
6940,In My Skin (Dans ma Peau) (2002),Drama,5442
6942,Love Actually (2003),Comedy|Drama|Romance,5443
6944,Father of the Bride (1991),Comedy,5444
6945,My Architect: A Son's Journey (2003),Documentary,5445
6946,Looney Tunes: Back in Action (2003),Action|Animation|Children|Fantasy,5446
6947,Master and Commander: The Far Side of the World (2003),Adventure|Drama|War,5447
6948,Tupac: Resurrection (2003),Documentary,5448
6949,"Big Empty, The (2003)",Comedy|Mystery|Sci-Fi,5449
6950,"Missing, The (2003)",Adventure|Thriller|Western,5450
6951,"Cat in the Hat, The (2003)",Children|Comedy,5451
6952,Gothika (2003),Horror|Thriller,5452
6953,21 Grams (2003),Crime|Drama|Mystery|Romance|Thriller,5453
6954,"Barbarian Invasions, The (Les invasions barbares) (2003)",Comedy|Crime|Drama|Mystery|Romance,5454
6957,Bad Santa (2003),Comedy|Crime,5455
6958,"Haunted Mansion, The (2003)",Children|Comedy|Fantasy|Horror,5456
6959,Timeline (2003),Action|Adventure|Sci-Fi,5457
6961,Damage (Fatale) (1992),Drama,5458
6963,Devil's Playground (2002),Documentary,5459
6964,Dance with a Stranger (1985),Crime|Drama|Thriller,5460
6965,Journeys with George (2002),Documentary,5461
6966,Darkman (1990),Action|Crime|Fantasy|Sci-Fi|Thriller,5462
6967,Dead of Night (1945),Horror|Mystery,5463
6969,"Dernier Combat, Le (Last Battle, The) (1983)",Drama|Sci-Fi,5464
6970,Desk Set (1957),Comedy|Romance,5465
6971,Europa (Zentropa) (1991),Drama|Thriller,5466
6973,Final Analysis (1992),Drama|Romance|Thriller,5467
6974,"Freshman, The (1990)",Comedy|Crime,5468
6975,Funny Games (1997),Drama|Horror|Thriller,5469
6976,Tales from the Crypt (1972),Horror,5470
6977,New Jack City (1991),Action|Crime|Drama,5471
6978,Slacker (1991),Comedy|Drama,5472
6979,WarGames (1983),Drama|Sci-Fi|Thriller,5473
6980,Mr. Hobbs Takes a Vacation (1962),Comedy,5474
6981,"Ordet (Word, The) (1955)",Drama,5475
6982,Forbidden Games (Jeux interdits) (1952),Drama|War,5476
6983,Jane Eyre (1944),Drama|Romance,5477
6984,"Tale of Two Cities, A (1935)",Drama,5478
6985,"Passion of Joan of Arc, The (Passion de Jeanne d'Arc, La) (1928)",Drama,5479
6986,Ben-Hur: A Tale of the Christ (1925),Adventure|Drama|Romance,5480
6987,"Cabinet of Dr. Caligari, The (Cabinet des Dr. Caligari., Das) (1920)",Crime|Fantasy|Horror,5481
6988,Broken Blossoms or The Yellow Man and the Girl (1919),Drama|Romance,5482
6989,Gorky Park (1983),Crime|Drama|Thriller,5483
6990,The Great Train Robbery (1978),Action|Adventure|Comedy|Crime|Drama,5484
6991,"Greystoke: The Legend of Tarzan, Lord of the Apes (1984)",Adventure|Drama|Romance,5485
6992,Guarding Tess (1994),Comedy|Drama,5486
6993,Hannah and Her Sisters (1986),Comedy|Drama|Romance,5487
6994,"Hard Way, The (1991)",Action|Comedy,5488
6995,Hercules in New York (1970),Action|Comedy|Fantasy,5489
6996,Highlander II: The Quickening (1991),Action|Sci-Fi,5490
6997,Hoffa (1992),Crime|Drama,5491
6998,House of Cards (1993),Drama,5492
6999,Housesitter (1992),Comedy|Romance,5493
7000,Hudson Hawk (1991),Action|Adventure|Comedy,5494
7001,Invasion of the Body Snatchers (1978),Horror|Mystery|Sci-Fi|Thriller,5495
7002,Mindwalk (1990),Drama,5496
7003,Kafka (1991),Comedy|Drama|Mystery|Sci-Fi|Thriller,5497
7004,Kindergarten Cop (1990),Action|Comedy|Crime|Thriller,5498
7005,King Ralph (1991),Comedy,5499
7007,"Last Boy Scout, The (1991)",Action|Comedy|Crime|Drama|Thriller,5500
7008,Last Tango in Paris (Ultimo tango a Parigi) (1972),Drama|Romance,5501
7009,Lorenzo's Oil (1992),Drama,5502
7010,"Lover, The (Amant, L') (1992)",Drama|Romance,5503
7011,"Bullfighter, The (Matador) (1986)",Comedy|Crime|Drama,5504
7012,Mr. Destiny (1990),Comedy|Fantasy,5505
7013,"Night of the Hunter, The (1955)",Drama|Film-Noir|Thriller,5506
7014,Nowhere to Run (1993),Action|Romance,5507
7015,Only the Lonely (1991),Comedy|Romance,5508
7016,Over the Top (1987),Action|Drama,5509
7017,Passenger 57 (1992),Action|Thriller,5510
7018,Presumed Innocent (1990),Crime|Drama|Thriller,5511
7019,Project X (1987),Comedy|Drama,5512
7020,Proof (1991),Comedy|Drama|Romance,5513
7021,Pure Luck (1991),Comedy|Crime,5514
7022,Battle Royale (Batoru rowaiaru) (2000),Action|Drama|Horror|Thriller,5515
7023,"Wedding Banquet, The (Xi yan) (1993)",Comedy|Drama|Romance,5516
7024,"Salo, or The 120 Days of Sodom (Salò o le 120 giornate di Sodoma) (1976)",Drama,5517
7025,"Midnight Clear, A (1992)",Drama|War,5518
7026,Summer School (1987),Comedy,5519
7027,Silverado (1985),Action|Western,5520
7028,Quick Change (1990),Comedy|Crime,5521
7029,Rabid (1977),Horror|Thriller,5522
7030,Radio Flyer (1992),Drama,5523
7031,"Real McCoy, The (1993)",Action|Crime|Drama|Thriller,5524
7032,Revenge (1990),Drama|Romance|Thriller,5525
7033,"Secret of My Succe$s, The (a.k.a. The Secret of My Success) (1987)",Comedy|Romance,5526
7034,Show Me Love (Fucking Åmål) (1998),Drama|Romance,5527
7035,Streets of Fire (1984),Action|Romance,5528
7036,Teen Wolf (1985),Comedy|Fantasy,5529
7037,High Heels (Tacones lejanos) (1991),Comedy|Drama,5530
7038,Things You Can Tell Just by Looking at Her (2000),Drama|Romance,5531
7039,Thunderheart (1992),Crime|Mystery|Thriller,5532
7040,To Live and Die in L.A. (1985),Action|Crime|Drama|Thriller,5533
7041,Trapped in Paradise (1994),Comedy|Crime,5534
7042,Betty Blue (37°2 le matin) (1986),Drama|Romance,5535
7043,Vivre sa vie: Film en douze tableaux (My Life to Live) (1962),Drama,5536
7044,Wild at Heart (1990),Crime|Drama|Mystery|Romance|Thriller,5537
7045,"Witches, The (1990)",Children|Fantasy,5538
7046,"Witches of Eastwick, The (1987)",Comedy|Fantasy|Horror|Thriller,5539
7047,Year of the Dragon (1985),Action|Crime|Drama,5540
7048,Nothing to Lose (1997),Action|Adventure|Comedy|Crime,5541
7049,Flying Down to Rio (1933),Comedy|Musical|Romance,5542
7050,Follow the Fleet (1936),Comedy|Musical|Romance,5543
7051,"What's New, Pussycat (1965)",Comedy,5544
7054,Little Women (1949),Drama,5545
7055,Swing Time (1936),Comedy|Musical|Romance,5546
7056,"Public Enemy, The (1931)",Action|Crime|Drama,5547
7057,"Midsummer Night's Dream, A (1935)",Comedy|Fantasy|Romance,5548
7058,Life with Father (1947),Comedy,5549
7059,National Velvet (1944),Children|Drama,5550
7060,Jesus Christ Superstar (1973),Drama|Musical,5551
7061,Dark Victory (1939),Drama|Romance,5552
7062,Birdman of Alcatraz (1962),Drama,5553
7063,"Aguirre: The Wrath of God (Aguirre, der Zorn Gottes) (1972)",Adventure|Drama,5554
7064,Beauty and the Beast (La belle et la bête) (1946),Drama|Fantasy,5555
7065,"Birth of a Nation, The (1915)",Drama|War,5556
7066,"Blue Kite, The (Lan feng zheng) (1993)",Drama,5557
7067,Juliet of the Spirits (Giulietta degli spiriti) (1965),Comedy|Drama|Fantasy|Romance,5558
7068,Last Year at Marienbad (L'Année dernière à Marienbad) (1961),Drama|Mystery|Romance,5559
7069,"Macbeth (a.k.a. Tragedy of Macbeth, The) (1971)",Drama,5560
7070,Red River (1948),Action|Adventure|Western,5561
7071,"Woman Under the Influence, A (1974)",Drama,5562
7072,Stagecoach (1939),Action|Drama|Romance|Western,5563
7073,"Shot in the Dark, A (1964)",Comedy|Crime|Mystery,5564
7074,"Navigator, The (1924)",Comedy,5565
7075,"Court Jester, The (1956)",Adventure|Comedy|Musical,5566
7076,Bullitt (1968),Action|Crime|Drama|Thriller,5567
7077,Way Down East (1920),Drama|Romance,5568
7078,Jezebel (1938),Drama,5569
7079,"Hunchback of Notre Dame, The (1939)",Drama,5570
7080,42nd Street (1933),Drama|Musical|Romance,5571
7081,I'm No Angel (1933),Comedy,5572
7082,That Touch of Mink (1962),Comedy|Romance,5573
7083,Sweet Dreams (1985),Drama,5574
7084,"Play It Again, Sam (1972)",Comedy|Romance,5575
7085,Send Me No Flowers (1964),Comedy|Romance,5576
7086,Pygmalion (1938),Comedy|Drama,5577
7087,"Passage to India, A (1984)",Adventure|Drama,5578
7088,Black Orpheus (Orfeu Negro) (1959),Drama|Romance,5579
7089,Amarcord (1973),Comedy|Drama,5580
7090,Hero (Ying xiong) (2002),Action|Adventure|Drama,5581
7091,Horse Feathers (1932),Comedy,5582
7092,Anna Karenina (1935),Drama|Romance,5583
7093,"Front Page, The (1974)",Comedy,5584
7094,Attraction (2000),Drama|Romance|Thriller,5585
7095,Looking for Mr. Goodbar (1977),Drama,5586
7096,Rivers and Tides (2001),Documentary,5587
7099,Nausicaä of the Valley of the Wind (Kaze no tani no Naushika) (1984),Adventure|Animation|Drama|Fantasy|Sci-Fi,5588
7101,Doc Hollywood (1991),Comedy|Romance,5589
7102,Dragnet (1987),Comedy|Crime|Drama,5590
7104,1941 (1979),Comedy|War,5591
7106,Black and White in Color (Noirs et blancs en couleur) (1976),Drama|War,5592
7107,Foul Play (1978),Comedy|Thriller,5593
7108,Crime Story (Zhong an zu) (1993),Action|Crime|Drama,5594
7111,Ryan's Daughter (1970),Drama|Romance,5595
7112,Accident (1967),Crime|Drama,5596
7114,"Collector, The (1965)",Drama|Horror|Thriller,5597
7115,Deep Red (Profondo rosso) (1975),Horror|Mystery|Thriller,5598
7116,Diabolique (Les diaboliques) (1955),Horror|Mystery|Thriller,5599
7117,Leprechaun (1993),Comedy|Horror,5600
7118,Wings of Honneamise (Ôritsu uchûgun Oneamisu no tsubasa) (1987),Animation|Drama|Sci-Fi|War,5601
7119,Crazy People (1990),Comedy,5602
7121,Adam's Rib (1949),Comedy|Romance,5603
7122,King of Hearts (1966),Comedy|Drama|War,5604
7123,Naked Lunch (1991),Drama|Fantasy|Mystery|Sci-Fi,5605
7124,Grass (1999),Documentary,5606
7125,Spring Forward (1999),Drama,5607
7126,"Killing of a Chinese Bookie, The (1976)",Comedy|Crime|Drama|Film-Noir|Musical,5608
7128,Things to Come (1936),Sci-Fi,5609
7130,Darling (1965),Drama,5610
7132,"Night at the Opera, A (1935)",Comedy|Musical|Romance,5611
7134,"Element of Crime, The (Forbrydelsens Element) (1984)",Drama|Thriller,5612
7135,Shoot the Piano Player (Tirez sur le pianiste) (1960),Crime|Drama|Romance|Thriller,5613
7136,Stolen Kisses (Baisers volés) (1968),Comedy|Drama|Romance,5614
7137,"Cooler, The (2003)",Comedy|Drama|Romance,5615
7139,In America (2002),Drama|Romance,5616
7141,My Flesh and Blood (2003),Documentary,5617
7142,Honey (2003),Drama|Romance,5618
7143,"Last Samurai, The (2003)",Action|Adventure|Drama|War,5619
7147,Big Fish (2003),Drama|Fantasy|Romance,5620
7149,Something's Gotta Give (2003),Comedy|Drama|Romance,5621
7150,Stuck on You (2003),Comedy,5622
7151,Girl with a Pearl Earring (2003),Drama|Romance,5623
7153,"Lord of the Rings: The Return of the King, The (2003)",Action|Adventure|Drama|Fantasy,5624
7154,Mona Lisa Smile (2003),Drama|Romance,5625
7155,Calendar Girls (2003),Comedy,5626
7156,"Fog of War: Eleven Lessons from the Life of Robert S. McNamara, The (2003)",Documentary|War,5627
7157,"Hebrew Hammer, The (2003)",Comedy,5628
7158,House of Sand and Fog (2003),Drama,5629
7160,Monster (2003),Crime|Drama,5630
7161,Cheaper by the Dozen (2003),Children|Comedy,5631
7162,Cold Mountain (2003),Drama|Romance|War,5632
7163,Paycheck (2003),Action|Sci-Fi|Thriller,5633
7164,Peter Pan (2003),Action|Adventure|Children|Fantasy,5634
7165,"Company, The (2003)",Drama|Musical,5635
7167,Japanese Story (2003),Drama,5636
7169,Chasing Liberty (2004),Comedy|Romance,5637
7171,Aileen: Life and Death of a Serial Killer (2003),Documentary,5638
7172,Distant (Uzak) (2002),Drama,5639
7173,Along Came Polly (2004),Comedy|Romance,5640
7175,Torque (2004),Action|Crime,5641
7176,Crimson Gold (Talaye sorgh) (2003),Drama,5642
7177,Osama (2003),Drama,5643
7178,"Great Gatsby, The (1974)",Drama,5644
7179,Wuthering Heights (1992),Drama|Romance,5645
7181,Ship of Fools (1965),Drama,5646
7185,Real Men (1987),Comedy|Sci-Fi,5647
7190,Jane Eyre (1970),Drama,5648
7193,"Adventures of Ford Fairlane, The (1990)",Action|Comedy,5649
7194,Bonjour tristesse (1958),Drama,5650
7195,"Enforcer, The (1951)",Crime|Drama|Film-Noir,5651
7199,Melvin Goes to Dinner (2003),Comedy|Drama,5652
7201,Crime Spree (2003),Comedy|Crime,5653
7202,Beyond Re-Animator (2003),Horror,5654
7205,"Wind and the Lion, The (1975)",Adventure,5655
7206,Mon Oncle (My Uncle) (1958),Comedy,5656
7208,Dr. Jekyll and Mr. Hyde (1941),Drama|Horror,5657
7209,"M. Hulot’s Holiday (Mr. Hulot's Holiday) (Vacances de Monsieur Hulot, Les) (1953)",Comedy,5658
7210,My Darling Clementine (1946),Western,5659
7211,People Will Talk (1951),Comedy|Romance,5660
7212,I Was a Male War Bride (1949),Comedy|Romance,5661
7215,To Have and Have Not (1944),Adventure|Drama|Romance|Thriller|War,5662
7216,High Sierra (1941),Crime|Drama|Film-Noir|Thriller,5663
7217,Dark Passage (1947),Crime|Drama|Film-Noir|Romance|Thriller,5664
7218,"Ox-Bow Incident, The (1943)",Drama|Western,5665
7219,They Drive by Night (1940),Drama,5666
7221,Platinum Blonde (1931),Comedy|Romance,5667
7222,Reefer Madness (a.k.a. Tell Your Children) (1938),Comedy|Drama,5668
7223,D.O.A. (1950),Drama|Film-Noir|Mystery,5669
7225,Pumping Iron (1977),Documentary,5670
7227,"Trouble with Angels, The (1966)",Comedy,5671
7228,Cool World (1992),Animation|Comedy|Fantasy,5672
7234,"Strada, La (1954)",Drama,5673
7235,Ichi the Killer (Koroshiya 1) (2001),Action|Comedy|Crime|Drama|Horror|Thriller,5674
7236,"Boy and His Dog, A (1975)",Sci-Fi,5675
7238,Ashes and Diamonds (Popiól i diament) (1958),Drama|War,5676
7241,Kanal (1957),Drama|War,5677
7243,Intolerance: Love's Struggle Throughout the Ages (1916),Drama,5678
7247,Chitty Chitty Bang Bang (1968),Adventure|Children|Comedy|Fantasy|Musical,5679
7249,Plaza Suite (1971),Comedy,5680
7250,"Out of Towners, The (1970)",Comedy,5681
7253,It (1927),Comedy|Romance,5682
7254,The Butterfly Effect (2004),Drama|Sci-Fi|Thriller,5683
7255,Win a Date with Tad Hamilton! (2004),Comedy|Romance,5684
7256,Touching the Void (2003),Adventure|Documentary,5685
7257,"Big Bounce, The (2004)",Comedy|Crime|Thriller,5686
7258,"Perfect Score, The (2004)",Comedy|Crime,5687
7259,You Got Served (2004),Drama|Musical,5688
7260,Latter Days (2003),Comedy|Drama|Romance,5689
7261,Barbershop 2: Back in Business (2004),Comedy,5690
7262,Catch That Kid (2004),Action|Adventure|Children|Comedy|Crime,5691
7263,Miracle (2004),Drama,5692
7265,"Dreamers, The (2003)",Drama,5693
7266,"Lost Skeleton of Cadavra, The (2002)",Comedy|Horror|Sci-Fi,5694
7272,Super Fly (Superfly) (1972),Action|Crime|Drama,5695
7284,Trespass (1992),Action|Crime|Thriller,5696
7285,Thirteen (2003),Drama,5697
7286,Simple Men (1992),Comedy|Drama,5698
7288,Foolish Wives (1922),Drama,5699
7293,50 First Dates (2004),Comedy|Romance,5700
7294,Welcome to Mooseport (2004),Comedy,5701
7297,Kitchen Stories (Salmer fra kjøkkenet) (2003),Comedy|Drama,5702
7299,Monsieur Ibrahim (Monsieur Ibrahim et les fleurs du Coran) (2003),Drama,5703
7300,Vanishing Point (1971),Action|Drama,5704
7301,Diary of a Country Priest (Journal d'un curé de campagne) (1951),Drama,5705
7302,"Thief of Bagdad, The (1924)",Action|Adventure|Fantasy,5706
7303,The Diary of Anne Frank (1959),Drama|War,5707
7304,Allegro non troppo (1977),Animation|Comedy|Fantasy|Musical,5708
7305,Black Widow (1987),Crime|Drama|Mystery|Thriller,5709
7306,"Herod's Law (Ley de Herodes, La) (2000)",Comedy|Crime|Mystery,5710
7307,Flesh & Blood (1985),Action|Adventure|Drama|War,5711
7308,King Solomon's Mines (1985),Adventure|Comedy,5712
7309,"Black Pirate, The (1926)",Action|Adventure,5713
7310,Raw Deal (1986),Action,5714
7311,"Goodbye, Mr. Chips (1939)",Drama|Romance,5715
7316,Confessions of a Teenage Drama Queen (2004),Comedy,5716
7317,EuroTrip (2004),Adventure|Comedy,5717
7318,"Passion of the Christ, The (2004)",Drama,5718
7319,Club Dread (2004),Comedy|Horror,5719
7320,Dirty Dancing: Havana Nights (2004),Romance,5720
7321,Twisted (2004),Thriller,5721
7323,"Good bye, Lenin! (2003)",Comedy|Drama,5722
7324,Hidalgo (2004),Adventure|Drama,5723
7325,Starsky & Hutch (2004),Action|Comedy|Crime|Thriller,5724
7326,"Reckoning, The (2004)",Crime|Drama,5725
7327,Persona (1966),Drama,5726
7328,"Passion of Anna, The (Passion, En) (1969)",Drama,5727
7331,"Serpent's Egg, The (Schlangenei, Das) (1977)",Drama|Thriller,5728
7333,"Corbeau, Le (Raven, The) (1943)",Crime|Drama|Thriller,5729
7334,"Front, The (1976)",Comedy|Drama,5730
7335,Pickup on South Street (1953),Film-Noir,5731
7336,"Damned, The (La Caduta degli dei) (1969)",Drama|War,5732
7338,Richard III (1955),Drama|War,5733
7340,Just One of the Guys (1985),Comedy,5734
7341,The Chase (1966),Crime|Drama|Thriller,5735
7345,Agent Cody Banks 2: Destination London (2004),Action|Adventure|Children|Comedy,5736
7346,"Girl Next Door, The (2004)",Comedy|Romance,5737
7347,Secret Window (2004),Mystery|Thriller,5738
7348,Spartan (2004),Thriller,5739
7349,Broken Wings (Knafayim Shvurot) (2002),Drama,5740
7351,How to Draw a Bunny (2002),Documentary,5741
7352,Wilbur Wants to Kill Himself (2002),Comedy|Drama|Romance,5742
7354,Mad Dog and Glory (1993),Comedy|Drama|Romance,5743
7355,Mr. Toad's Wild Ride (a.k.a. The Wind in the Willows) (1996),Adventure|Animation|Comedy,5744
7357,Peyton Place (1957),Drama|Romance,5745
7360,Dawn of the Dead (2004),Action|Drama|Horror|Thriller,5746
7361,Eternal Sunshine of the Spotless Mind (2004),Drama|Romance|Sci-Fi,5747
7362,Taking Lives (2004),Crime|Drama|Thriller,5748
7364,Intermission (2003),Comedy|Crime|Drama,5749
7365,Noi the Albino (Nói albinói) (2003),Drama,5750
7366,Jersey Girl (2004),Comedy|Drama|Romance,5751
7367,"Ladykillers, The (2004)",Comedy|Crime,5752
7369,Scooby-Doo 2: Monsters Unleashed (2004),Action|Adventure|Children|Comedy|Mystery,5753
7371,Dogville (2003),Drama|Mystery|Thriller,5754
7372,Ned Kelly (2003),Drama,5755
7373,Hellboy (2004),Action|Adventure|Fantasy|Horror,5756
7374,Home on the Range (2004),Animation|Children|Comedy|Musical|Western,5757
7375,"Prince & Me, The (2004)",Comedy|Romance,5758
7376,Walking Tall (2004),Action,5759
7377,"United States of Leland, The (2003)",Crime|Drama,5760
7379,The Alamo (2004),Drama|War|Western,5761
7380,Ella Enchanted (2004),Comedy|Fantasy|Romance,5762
7381,"Whole Ten Yards, The (2004)",Action|Comedy|Crime,5763
7382,I'm Not Scared (Io non ho paura) (2003),Drama|Mystery|Thriller,5764
7383,Shade (2003),Crime|Drama|Thriller,5765
7384,Since Otar Left (Depuis qu'Otar est parti...) (2003),Drama,5766
7386,"Ten Commandments, The (1956)",Adventure|Drama,5767
7387,Dawn of the Dead (1978),Action|Drama|Horror,5768
7388,"Brother Sun, Sister Moon (Fratello sole, sorella luna) (1972)",Drama,5769
7389,One Million Years B.C. (1966),Adventure|Fantasy,5770
7394,Those Magnificent Men in Their Flying Machines (1965),Action|Adventure|Comedy,5771
7395,Cheaper by the Dozen (1950),Comedy|Drama,5772
7396,Scenes From a Marriage (Scener ur ett äktenskap) (1973),Drama,5773
7405,Road to Bali (1952),Comedy|Musical,5774
7406,"Flying Deuces, The (1939)",Comedy,5775
7410,"Osterman Weekend, The (1983)",Action|Thriller,5776
7414,Going in Style (1979),Comedy|Drama,5777
7415,"Late Show, The (1977)",Comedy|Crime|Drama|Mystery,5778
7416,"Sunshine Boys, The (1975)",Comedy,5779
7417,Jersey Girl (1992),Comedy|Romance,5780
7419,After Hours (1985),Comedy|Thriller,5781
7423,Hitman Hart: Wrestling with Shadows (1998),Documentary,5782
7437,Connie and Carla (2004),Comedy,5783
7438,Kill Bill: Vol. 2 (2004),Action|Drama|Thriller,5784
7439,"Punisher, The (2004)",Action|Crime|Thriller,5785
7440,Paper Clips (2004),Documentary,5786
7442,Young Adam (2003),Crime|Drama|Thriller,5787
7444,13 Going on 30 (2004),Comedy|Fantasy|Romance,5788
7445,Man on Fire (2004),Action|Crime|Drama|Mystery|Thriller,5789
7448,Envy (2004),Comedy,5790
7449,Godsend (2004),Drama|Horror|Thriller,5791
7450,Laws of Attraction (2004),Comedy|Romance,5792
7451,Mean Girls (2004),Comedy,5793
7453,New York Minute (2004),Action|Adventure|Comedy,5794
7454,Van Helsing (2004),Action|Adventure|Fantasy|Horror,5795
7455,"Mudge Boy, The (2003)",Drama,5796
7456,Valentin (Valentín) (2002),Drama,5797
7458,Troy (2004),Action|Adventure|Drama|War,5798
7459,Carandiru (2003),Crime|Drama,5799
7460,Coffee and Cigarettes (2003),Comedy|Drama,5800
7474,"Boys in the Band, The (1970)",Drama,5801
7475,Raid (2003),Action|Crime|Drama|Thriller,5802
7478,Swimming to Cambodia (1987),Drama,5803
7479,Watch on the Rhine (1943),Drama,5804
7480,Under Fire (1983),Drama|Thriller|War,5805
7481,Enemy Mine (1985),Adventure|Drama|Sci-Fi,5806
7482,Enter the Dragon (1973),Action|Crime,5807
7484,Gimme Shelter (1970),Documentary,5808
7485,Good Morning (Ohayô) (1959),Comedy,5809
7486,Happy Together (a.k.a. Buenos Aires Affair) (Chun gwong cha sit) (1997),Drama|Romance,5810
7487,Henry & June (1990),Drama,5811
7488,Berkeley in the '60s (1990),Documentary,5812
7489,"Nasty Girl, The (schreckliche Mädchen, Das) (1990)",Comedy|Drama,5813
7491,"Naked Prey, The (1966)",Adventure,5814
7492,Martin (1977),Drama|Horror,5815
7493,"Three Faces of Eve, The (1957)",Drama,5816
7505,"Kingdom, The (Riget) (1994)",Drama|Horror|Mystery,5817
7541,100 Girls (2000),Comedy|Romance,5818
7560,Fail-Safe (1964),Drama|Thriller|War,5819
7561,Paperhouse (1988),Fantasy|Horror|Thriller,5820
7562,Dobermann (1997),Action|Crime,5821
7564,Kwaidan (Kaidan) (1964),Horror,5822
7566,28 Up (1985),Documentary,5823
7569,You Only Live Twice (1967),Action|Adventure|Sci-Fi|Thriller,5824
7570,Octopussy (1983),Action|Adventure|Thriller,5825
7571,"Blue Gardenia, The (1953)",Crime|Drama|Film-Noir|Thriller,5826
7572,Wit (2001),Drama,5827
7573,Never Say Never Again (1983),Action|Adventure|Thriller,5828
7574,Maborosi (Maboroshi no hikari) (1995),Drama,5829
7577,"Magic Flute, The (Trollflöjten) (1975)",Comedy|Fantasy|Musical|Romance,5830
7578,Midnight (1939),Comedy|Romance,5831
7579,Pride and Prejudice (1940),Comedy|Drama|Romance,5832
7580,"Man in the Gray Flannel Suit, The (1956)",Drama,5833
7581,"Fountainhead, The (1949)",Drama,5834
7584,Woman of the Year (1942),Comedy|Romance,5835
7585,Summertime (1955),Drama|Romance,5836
7586,Soldier of Orange (a.k.a. Survival Run) (Soldaat van Oranje) (1977),Drama|Thriller|War,5837
7587,"Samouraï, Le (Godson, The) (1967)",Crime|Drama|Thriller,5838
7613,White Palace (1990),Drama,5839
7614,Oklahoma! (1955),Musical|Romance|Western,5840
7615,Desert Hearts (1985),Drama,5841
7616,Body Double (1984),Mystery|Thriller,5842
7617,Rooster Cogburn (1975),Comedy|Western,5843
7618,Chaplin (1992),Drama,5844
7619,"Miracle Worker, The (1962)",Drama,5845
7620,Monster in a Box (1992),Comedy|Drama,5846
7624,School Ties (1992),Drama,5847
7626,Switch (1991),Comedy|Crime|Fantasy,5848
7636,Raising Cain (1992),Horror|Thriller,5849
7637,Irma Vep (1996),Comedy|Drama,5850
7646,Rose Red (2002),Horror|Mystery|Thriller,5851
7647,Noises Off... (1992),Comedy,5852
7650,"Witchfinder General (Conquerer Worm, The) (1968)",Horror,5853
7657,Versus (2000),Action|Comedy|Fantasy|Horror,5854
7669,Pride and Prejudice (1995),Drama|Romance,5855
7675,"Canterville Ghost, The (1944)",Comedy|Fantasy,5856
7698,"China Syndrome, The (1979)",Drama|Thriller,5857
7700,"Wages of Fear, The (Salaire de la peur, Le) (1953)",Action|Adventure|Drama|Thriller,5858
7701,Look Who's Talking Too (1990),Comedy|Romance,5859
7702,"Bells of St. Mary's, The (1945)",Drama,5860
7704,"Delta Force, The (1986)",Action,5861
7705,Pat and Mike (1952),Comedy|Romance,5862
7706,Animal Crackers (1930),Comedy|Musical,5863
7707,"He Said, She Said (1991)",Comedy|Drama|Romance,5864
7708,Bedazzled (1967),Comedy|Fantasy,5865
7713,Cat People (1942),Drama|Horror|Romance|Thriller,5866
7714,Camelot (1967),Drama|Musical|Romance,5867
7716,"Lonely Guy, The (1984)",Comedy,5868
7720,"Four Musketeers, The (1974)",Action|Adventure|Comedy|Romance,5869
7728,"Postman Always Rings Twice, The (1946)",Crime|Drama|Film-Noir|Thriller,5870
7730,Matinee (1993),Comedy|Drama,5871
7742,Baxter (1989),Drama|Horror,5872
7743,Explorers (1985),Adventure|Children|Sci-Fi,5873
7745,"Scent of Green Papaya, The (Mùi du du xhan - L'odeur de la papaye verte) (1993)",Drama,5874
7748,Pierrot le fou (1965),Crime|Drama,5875
7749,Weekend (a.k.a. Le Week-end) (Week End) (1967),Drama,5876
7753,Tuesdays with Morrie (1999),Drama,5877
7756,Alexander Nevsky (Aleksandr Nevskiy) (1938),Action|Drama|War,5878
7757,Jason and the Argonauts (1963),Action|Adventure|Fantasy,5879
7759,Nostalghia (1983),Drama,5880
7761,"Soft Skin, The (La peau douce) (1964)",Drama,5881
7763,Winter Sleepers (Winterschläfer) (2000),Drama|Romance,5882
7764,"Driller Killer, The (1979)",Drama|Horror,5883
7766,Throne of Blood (Kumonosu jô) (1957),Action|Drama|Thriller|War,5884
7767,"Best of Youth, The (La meglio gioventù) (2003)",Drama,5885
7770,Treasure Island (1990),Adventure,5886
7771,Zorba the Greek (Alexis Zorbas) (1964),Adventure|Drama,5887
7773,"Bang, Bang, You're Dead (2002)",Drama,5888
7781,Twister (1990),Comedy,5889
7782,Sniper (1993),Action|Drama,5890
7785,"Time for Drunken Horses, A (Zamani barayé masti asbha) (2000)",Drama,5891
7786,Genghis Blues (1999),Documentary,5892
7787,To Hell and Back (1955),Action|Drama|War,5893
7789,"11'09""01 - September 11 (2002)",Drama,5894
7790,"Bon Voyage, Charlie Brown (and Don't Come Back!) (1980)",Animation|Children|Comedy,5895
7791,Internal Affairs (1990),Crime|Thriller,5896
7792,"Parallax View, The (1974)",Thriller,5897
7802,"Warriors, The (1979)",Action|Adventure|Crime|Thriller,5898
7809,Ambush (Rukajärven tie) (1999),Drama|Romance|War,5899
7814,Waterloo (1970),Action|Drama|War,5900
7815,True Stories (1986),Comedy|Musical,5901
7817,Zardoz (1974),Fantasy|Sci-Fi,5902
7818,School For Scoundrels (1960),Comedy,5903
7820,"Virgin Spring, The (Jungfrukällan) (1960)",Crime|Drama,5904
7821,Ice-Cold in Alex (1958),Adventure|Drama|War,5905
7826,"Secret Life of Walter Mitty, The (1947)",Comedy|Romance|Thriller,5906
7827,Cypher (2002),Action|Sci-Fi|Thriller,5907
7831,Another Thin Man (1939),Comedy|Crime|Drama|Mystery|Romance,5908
7832,"Thin Man Goes Home, The (1945)",Comedy|Crime|Mystery,5909
7833,Shadow of the Thin Man (1941),Comedy|Crime|Mystery,5910
7834,After the Thin Man (1936),Comedy|Crime|Mystery|Romance,5911
7835,Song of the Thin Man (1947),Comedy|Crime|Drama|Musical|Mystery|Romance,5912
7836,Woodstock (1970),Documentary|Musical,5913
7840,Gunga Din (1939),Adventure|Comedy|War,5914
7844,"Legend, The (Legend of Fong Sai-Yuk, The) (Fong Sai Yuk) (1993)",Action|Comedy,5915
7845,Tremors II: Aftershocks (1996),Comedy|Horror|Sci-Fi,5916
7846,Tremors 3: Back to Perfection (2001),Comedy|Horror|Sci-Fi,5917
7847,"Peanut Butter Solution, The (1985)",Children|Fantasy,5918
7879,Notorious C.H.O. (2002),Comedy,5919
7881,White Zombie (1932),Horror,5920
7883,I Walked with a Zombie (1943),Drama|Horror,5921
7884,Highway 61 (1991),Comedy,5922
7888,How to Succeed in Business Without Really Trying (1967),Comedy|Musical,5923
7889,Pat Garrett and Billy the Kid (1973),Western,5924
7891,"Last Man on Earth, The (Ultimo uomo della Terra, L') (1964)",Drama|Horror|Sci-Fi,5925
7892,"Street Fighter, The (Gekitotsu! Satsujin ken) (1974)",Action,5926
7894,"Duck, You Sucker (1971)",Action|Western,5927
7895,Bring Me the Head of Alfredo Garcia (1974),Crime|Drama|Thriller,5928
7896,Ride the High Country (1962),Adventure|Drama|Western,5929
7897,"Ballad of Cable Hogue, The (1970)",Comedy|Western,5930
7898,Junior Bonner (1972),Comedy|Drama|Western,5931
7899,Master of the Flying Guillotine (Du bi quan wang da po xue di zi) (1975),Action,5932
7914,Berlin: Symphony of a Great City (Berlin: Die Sinfonie der Großstadt) (1927),Documentary,5933
7915,Samurai Fiction (SF: Episode One) (1998),Action|Adventure|Comedy,5934
7916,Gidget (1959),Comedy,5935
7918,"Indian Runner, The (1991)",Drama,5936
7919,Drunken Angel (Yoidore tenshi) (1948),Drama|Film-Noir,5937
7920,Desperate Living (1977),Comedy|Crime,5938
7923,Rolling Thunder (1977),Action|Drama,5939
7924,Stray Dog (Nora inu) (1949),Drama|Film-Noir|Thriller,5940
7925,"Hidden Fortress, The (Kakushi-toride no san-akunin) (1958)",Action|Adventure,5941
7926,High and Low (Tengoku to jigoku) (1963),Crime|Drama|Film-Noir|Thriller,5942
7930,"People Under the Stairs, The (1991)",Horror|Mystery|Thriller,5943
7932,Dark Days (2000),Documentary,5944
7933,"Night in Casablanca, A (1946)",Comedy,5945
7934,Zelig (1983),Comedy,5946
7935,Face to Face (Ansikte mot ansikte) (1976),Drama|Fantasy|Horror|Mystery,5947
7936,Shame (Skammen) (1968),Drama|War,5948
7937,"Silence, The (Tystnaden) (1963)",Drama,5949
7938,Winter Light (Nattvardsgästerna) (1963),Drama,5950
7939,Through a Glass Darkly (Såsom i en spegel) (1961),Drama,5951
7940,The Magician (1958),Drama,5952
7941,Smiles of a Summer Night (Sommarnattens leende) (1955),Comedy|Romance,5953
7942,Summer with Monika (Sommaren med Monika) (1953),Drama|Romance,5954
7943,"Killers, The (1946)",Crime|Film-Noir,5955
7944,"Night of the Iguana, The (1964)",Drama|Thriller,5956
7946,Reflections in a Golden Eye (1967),Drama,5957
7947,Under the Volcano (1984),Drama,5958
7948,Wise Blood (1979),Comedy|Drama,5959
7949,"Yakuza, The (1975)",Drama,5960
7951,Nightbreed (1990),Fantasy|Horror,5961
7959,"Trip, The (1967)",Drama,5962
7976,Ken Park (2002),Drama,5963
7979,Monterey Pop (1968),Documentary|Musical,5964
7980,"Bridge Too Far, A (1977)",Action|Drama|War,5965
7981,Infernal Affairs (Mou gaan dou) (2002),Crime|Drama|Thriller,5966
7982,"Tale of Two Sisters, A (Janghwa, Hongryeon) (2003)",Drama|Horror|Mystery|Thriller,5967
7983,Broadway Danny Rose (1984),Comedy,5968
7984,From Beyond (1986),Horror|Sci-Fi,5969
7987,Dolls (1987),Horror,5970
7988,Space Truckers (1996),Comedy|Sci-Fi,5971
7990,Rock 'N' Roll High School (1979),Comedy|Musical,5972
7991,Death Race 2000 (1975),Action|Sci-Fi,5973
7993,"Bucket Of Blood, A (1959)",Comedy|Horror,5974
8004,Planet of the Vampires (Terrore nello spazio) (1965),Horror|Sci-Fi,5975
8007,Pure Country (1992),Drama|Musical|Romance,5976
8008,Brigadoon (1954),Fantasy|Musical|Romance,5977
8010,"Power of One, The (1992)",Drama,5978
8011,"Weather Underground, The (2002)",Documentary,5979
8012,Kikujiro (Kikujirô no natsu) (1999),Comedy|Drama,5980
8013,I'm with Lucy (2002),Comedy|Romance,5981
8014,"Spring, Summer, Fall, Winter... and Spring (Bom yeoreum gaeul gyeoul geurigo bom) (2003)",Drama,5982
8015,"Phantom Tollbooth, The (1970)",Adventure|Animation|Children|Fantasy,5983
8016,"Getaway, The (1972)",Action|Crime|Drama|Thriller,5984
8017,10 Rillington Place (1971),Crime|Drama|Thriller,5985
8019,Dark Water (Honogurai mizu no soko kara) (2002),Drama|Horror|Mystery|Thriller,5986
8024,"Thing Called Love, The (1993)",Comedy|Drama|Romance,5987
8025,The Thief (1997),Drama,5988
8033,How to Steal a Million (1966),Comedy|Crime|Romance,5989
8039,Support Your Local Sheriff! (1969),Comedy|Western,5990
8040,Brain Donors (1992),Comedy,5991
8042,Mean Streets (1973),Crime|Drama,5992
8044,I Am a Fugitive from a Chain Gang (1932),Crime|Drama|Film-Noir,5993
8045,Hamburger Hill (1987),Action|Drama|War,5994
8056,Harper (1966),Crime|Drama|Mystery,5995
8057,Sweet Bird of Youth (1962),Drama,5996
8062,Dahmer (2002),Drama|Horror|Thriller,5997
8063,Paradise (1991),Drama,5998
8093,Shiri (Swiri) (1999),Action|Drama|Romance|Thriller,5999
8094,Bad Day at Black Rock (1955),Drama|Thriller|Western,6000
8117,In China They Eat Dogs (I Kina spiser de hunde) (1999),Action|Comedy,6001
8119,Crossroads (1986),Drama,6002
8121,"Seducing Doctor Lewis (Grande séduction, La) (2003)",Comedy,6003
8123,Sammy and Rosie Get Laid (1987),Comedy|Drama,6004
8125,Sunrise: A Song of Two Humans (1927),Drama|Romance,6005
8126,Shock Corridor (1963),Drama,6006
8127,"First $20 Million Is Always the Hardest, The (2002)",Comedy,6007
8128,Au revoir les enfants (1987),Drama,6008
8130,"Girl Next Door, The (1999)",Documentary,6009
8131,Pursuit of Happiness (2001),Comedy|Romance,6010
8132,Gladiator (1992),Action|Drama,6011
8133,"Inheritance, The (Arven) (2003)",Drama,6012
8134,Wonderful Days (a.k.a. Sky Blue) (2003),Animation|Sci-Fi,6013
8140,The Cruel Sea (1953),Drama|War,6014
8142,Dead or Alive: Hanzaisha (1999),Action|Crime,6015
8143,Lola Montès (1955),Drama,6016
8147,Charly (1968),Drama|Sci-Fi,6017
8153,Lust for Life (1956),Drama,6018
8154,"Dolce Vita, La (1960)",Drama,6019
8157,Jin Roh: The Wolf Brigade (Jin-Rô) (1998),Animation|Fantasy|Thriller,6020
8158,Rush (1991),Crime|Drama,6021
8167,Captain Blood (1935),Action|Adventure|Romance,6022
8169,*batteries not included (1987),Children|Comedy|Fantasy|Sci-Fi,6023
8183,Educating Rita (1983),Comedy|Drama,6024
8188,Sansho the Bailiff (Sanshô dayû) (1954),Drama,6025
8189,Zazie dans le métro (1960),Comedy,6026
8190,"Americanization of Emily, The (1964)",Comedy|Drama|War,6027
8191,Anne of the Thousand Days (1969),Drama,6028
8194,Baby Doll (1956),Drama,6029
8195,"Avventura, L' (Adventure, The) (1960)",Drama|Mystery|Romance,6030
8196,Beyond the Valley of the Dolls (1970),Comedy|Horror,6031
8197,Hiroshima Mon Amour (1959),Drama|Romance|War,6032
8198,"1000 Eyes of Dr. Mabuse, The (Die 1000 Augen des Dr. Mabuse) (1960)",Crime|Horror|Mystery|Thriller,6033
8199,Ugetsu (Ugetsu monogatari) (1953),Drama|Thriller,6034
8201,At Play in the Fields of the Lord (1991),Drama,6035
8202,"Golden Coach, The (Le carrosse d'or) (1953)",Comedy|Drama|Romance,6036
8207,"Day of the Jackal, The (1973)",Crime|Thriller,6037
8208,"Razor's Edge, The (1946)",Drama,6038
8221,War of the Buttons (1994),Adventure|Children|Drama,6039
8222,"Other, The (1972)",Drama|Horror|Mystery|Thriller,6040
8225,Night of the Living Dead (1990),Horror,6041
8227,Drums Along the Mohawk (1939),Adventure|War|Western,6042
8228,"Maltese Falcon, The (a.k.a. Dangerous Female) (1931)",Mystery,6043
8232,I Love You Again (1940),Comedy|Drama,6044
8235,Safety Last! (1923),Action|Comedy|Romance,6045
8239,Viridiana (1961),Comedy|Drama,6046
8253,Lupin III: The Castle Of Cagliostro (Rupan sansei: Kariosutoro no shiro) (1979),Action|Adventure|Animation|Comedy|Crime|Mystery,6047
8254,Arizona Dream (1993),Comedy|Drama|Fantasy|Romance,6048
8256,Queen Christina (1933),Drama|Romance,6049
8257,Battleground (1949),Action|Drama|War,6050
8258,Citizen Toxie: The Toxic Avenger IV (2000),Action|Comedy|Horror,6051
8259,Hooper (1978),Action|Comedy,6052
8260,"Crazy Stranger, The (Gadjo Dilo) (1997)",Comedy|Drama,6053
8261,3 Women (Three Women) (1977),Drama,6054
8264,Grey Gardens (1975),Documentary,6055
8266,Purple Rain (1984),Drama|Musical,6056
8268,Point of No Return (1993),Action|Thriller,6057
8270,"Hairdresser's Husband, The (Le mari de la coiffeuse) (1990)",Comedy|Drama|Romance,6058
8272,Cromwell (1970),Drama,6059
8273,"Tale of Ham and Passion, A (Jamón, Jamón) (1992)",Comedy|Drama|Romance,6060
8275,College (1927),Comedy,6061
8291,Agatha Christie's 'Ten Little Indians' (Ten Little Indians) (And Then There Were None) (1965),Mystery,6062
8292,Hakuchi (1951),Crime|Drama|Romance,6063
8295,"Most Dangerous Game, The (1932)",Adventure|Mystery|Thriller,6064
8302,"Front Page, The (1931)",Comedy|Drama|Romance,6065
8327,Dolls (2002),Drama|Romance,6066
8330,Our Man in Havana (1959),Comedy|Drama|Thriller,6067
8331,"Man Who Came to Dinner, The (1942)",Comedy,6068
8332,Sunday Bloody Sunday (1971),Drama,6069
8334,"Cowboys, The (1972)",Western,6070
8335,Make Way for Tomorrow (1937),Drama,6071
8336,"Major and the Minor, The (1942)",Comedy|Romance,6072
8337,"Caine Mutiny, The (1954)",Drama|War,6073
8338,Black Narcissus (1947),Drama,6074
8340,Escape from Alcatraz (1979),Drama|Thriller,6075
8341,Oliver Twist (1948),Adventure|Crime|Drama,6076
8360,Shrek 2 (2004),Adventure|Animation|Children|Comedy|Musical|Romance,6077
8361,"Day After Tomorrow, The (2004)",Action|Adventure|Drama|Sci-Fi|Thriller,6078
8362,Raising Helen (2004),Comedy|Drama|Romance,6079
8363,Soul Plane (2004),Comedy,6080
8364,Baadasssss! (How to Get the Man's Foot Outta Your Ass) (2003),Drama,6081
8365,"Mother, The (2003)",Drama,6082
8366,Saved! (2004),Comedy|Drama,6083
8367,"Time of the Wolf, The (Le temps du loup) (2003)",Drama,6084
8368,Harry Potter and the Prisoner of Azkaban (2004),Adventure|Fantasy|IMAX,6085
8369,Mindhunters (2004),Action|Crime|Horror|Mystery|Thriller,6086
8370,"Blind Swordsman: Zatoichi, The (Zatôichi) (2003)",Action|Comedy|Crime|Drama,6087
8371,"Chronicles of Riddick, The (2004)",Action|Sci-Fi|Thriller,6088
8372,Garfield: The Movie (2004),Animation|Children|Comedy,6089
8373,"Stepford Wives, The (2004)",Comedy|Fantasy|Thriller,6090
8374,Bright Future (Akarui mirai) (2003),Drama,6091
8375,"Hunting of the President, The (2004)",Documentary,6092
8376,Napoleon Dynamite (2004),Comedy,6093
8377,City of Joy (1992),Drama,6094
8378,"Doctor, The (1991)",Drama,6095
8379,"Dresser, The (1983)",Drama,6096
8381,For Me and My Gal (1942),Drama|Musical|Romance,6097
8385,Lover Come Back (1961),Comedy|Romance,6098
8387,Police Academy: Mission to Moscow (1994),Comedy|Crime,6099
8391,Big Wednesday (1978),Comedy|Drama,6100
8395,"Last of Sheila, The (1973)",Crime|Mystery|Thriller,6101
8400,Wish You Were Here (1987),Comedy|Drama,6102
8401,"Adventures of Sherlock Holmes, The (1939)",Crime|Mystery|Thriller,6103
8404,"Hound of the Baskervilles, The (1939)",Crime|Mystery|Thriller,6104
8405,Hour of the Wolf (Vargtimmen) (1968),Drama|Horror,6105
8410,Suddenly (1954),Crime|Drama|Film-Noir,6106
8423,"Kid Brother, The (1927)",Children|Comedy|Romance,6107
8426,Robot Carnival (Roboto kânibauru) (1987),Animation|Comedy|Drama|Fantasy|Sci-Fi,6108
8446,Sands of Iwo Jima (1949),Action|Drama|Romance|War,6109
8447,This Island Earth (1955),Sci-Fi,6110
8451,Blackboard Jungle (1955),Drama,6111
8456,Investigation of a Citizen Above Suspicion (Indagine su un cittadino al di sopra di ogni sospetto) (1970),Crime|Drama|Thriller,6112
8459,"Heiress, The (1949)",Drama|Romance,6113
8460,State Fair (1945),Musical|Romance,6114
8463,Johnny Belinda (1948),Drama,6115
8464,Super Size Me (2004),Comedy|Documentary|Drama,6116
8477,"Jetée, La (1962)",Romance|Sci-Fi,6117
8478,"Distant Voices, Still Lives (1988)",Drama,6118
8481,Northwest Passage (1940),Action|Adventure|Drama|Romance|Thriller|Western,6119
8482,"Picture of Dorian Gray, The (1945)",Drama|Fantasy|Horror,6120
8484,"Human Condition I, The (Ningen no joken I) (1959)",Drama|War,6121
8485,Samsara (2001),Adventure|Drama|Romance,6122
8486,Bachelor Mother (1939),Comedy|Romance,6123
8487,Please Don't Eat the Daisies (1960),Children|Comedy|Musical,6124
8491,White Heat (1949),Crime|Drama|Film-Noir,6125
8492,"Christmas Carol, A (Scrooge) (1951)",Drama|Fantasy,6126
8493,Memphis Belle (1990),Action|Drama|War,6127
8494,"Cincinnati Kid, The (1965)",Drama,6128
8495,Animal Factory (2000),Crime|Drama,6129
8496,"Panic in Needle Park, The (1971)",Drama|Romance,6130
8499,Pretty Baby (1978),Drama,6131
8501,"Hitcher, The (1986)",Action|Thriller,6132
8502,Show Boat (1951),Drama|Musical|Romance,6133
8504,Box of Moon Light (1996),Comedy|Drama,6134
8505,"Eel, The (Unagi) (1997)",Drama|Romance,6135
8507,Freaks (1932),Crime|Drama|Horror,6136
8511,"Immigrant, The (1917)",Comedy,6137
8512,Silent Movie (1976),Comedy,6138
8516,"Matter of Life and Death, A (Stairway to Heaven) (1946)",Drama|Fantasy|Romance,6139
8520,Deep Cover (1992),Action|Crime|Thriller,6140
8521,Dr. Jekyll and Mr. Hyde (1931),Drama|Horror,6141
8522,My Little Chickadee (1940),Comedy|Western,6142
8526,Around the World in 80 Days (2004),Adventure|Children|Comedy,6143
8527,I'll Sleep When I'm Dead (2003),Crime|Drama,6144
8528,Dodgeball: A True Underdog Story (2004),Comedy,6145
8529,"Terminal, The (2004)",Comedy|Drama|Romance,6146
8530,Dear Frankie (2004),Drama|Romance,6147
8531,White Chicks (2004),Action|Comedy|Crime,6148
8532,"Door in the Floor, The (2004)",Drama,6149
8533,"Notebook, The (2004)",Drama|Romance,6150
8534,Two Brothers (Deux frères) (2004),Adventure|Children|Drama,6151
8535,De-Lovely (2004),Drama|Musical,6152
8537,Kaena: The Prophecy (Kaena: La prophétie) (2003),Action|Adventure|Animation|Children|Sci-Fi,6153
8542,"Day at the Races, A (1937)",Comedy|Musical,6154
8571,Bob & Carol & Ted & Alice (1969),Comedy|Drama,6155
8573,Reconstruction (2003),Drama|Romance,6156
8574,"Claymation Christmas Celebration, A (1987)",Animation|Children|Comedy|Musical,6157
8575,"Happenstance (Battement d'ailes du papillon, Le) (2001)",Comedy|Drama,6158
8576,Kopps (2003),Action|Comedy,6159
8577,Comandante (2003),Documentary,6160
8578,Undead (2003),Action|Comedy|Horror|Sci-Fi,6161
8580,Into the Woods (1991),Adventure|Comedy|Fantasy|Musical,6162
8581,Pirates of Silicon Valley (1999),Documentary|Drama,6163
8582,Manufacturing Consent: Noam Chomsky and the Media (1992),Documentary|War,6164
8583,"Clock, The (1945)",Adventure|Drama|Romance,6165
8584,Leave Her to Heaven (1945),Drama|Film-Noir,6166
8589,Winter War (Talvisota) (1989),Drama|War,6167
8591,"Philadelphia Experiment, The (1984)",Adventure|Drama|Sci-Fi,6168
8593,Juice (1992),Action|Crime|Drama|Thriller,6169
8595,"Flim-Flam Man, The (1967)",Action|Adventure|Comedy,6170
8596,Revenge of the Pink Panther (1978),Comedy|Crime,6171
8598,I Am Dina (2002),Crime|Drama|Mystery|Romance,6172
8600,Angels with Dirty Faces (1938),Crime|Drama|Film-Noir|Thriller,6173
8601,Zero de conduite (Zero for Conduct) (Zéro de conduite: Jeunes diables au collège) (1933),Comedy|Drama,6174
8602,Shadows (1959),Drama,6175
8604,Taxi (1998),Action|Comedy,6176
8605,Taxi 3 (2003),Action|Comedy,6177
8607,Tokyo Godfathers (2003),Adventure|Animation|Drama,6178
8608,"Butcher, The (Boucher, Le) (1970)",Drama|Thriller,6179
8609,Our Hospitality (1923),Comedy,6180
8610,All of Me (1984),Comedy|Fantasy,6181
8611,"Farmer's Daughter, The (1947)",Comedy,6182
8612,Lassie Come Home (1943),Adventure|Children|Drama,6183
8614,Overboard (1987),Comedy|Romance,6184
8616,By the Light of the Silvery Moon (1953),Children|Musical|Romance,6185
8617,Butterfield 8 (1960),Drama,6186
8618,Johnny Guitar (1954),Drama|Western,6187
8619,Sister My Sister (1994),Drama,6188
8620,"Exterminating Angel, The (Ángel exterminador, El) (1962)",Comedy|Drama|Fantasy|Mystery,6189
8622,Fahrenheit 9/11 (2004),Documentary,6190
8623,Roxanne (1987),Comedy|Romance,6191
8629,"Book of Life, The (1998)",Comedy|Fantasy,6192
8631,Hard Times (1975),Action|Drama,6193
8633,"Last Starfighter, The (1984)",Action|Adventure|Comedy|Sci-Fi,6194
8636,Spider-Man 2 (2004),Action|Adventure|Sci-Fi|IMAX,6195
8638,Before Sunset (2004),Drama|Romance,6196
8639,"Clearing, The (2004)",Drama|Thriller,6197
8640,King Arthur (2004),Action|Adventure|Drama|War,6198
8641,Anchorman: The Legend of Ron Burgundy (2004),Comedy,6199
8642,Sleepover (2004),Comedy,6200
8643,"Cinderella Story, A (2004)",Comedy|Romance,6201
8644,"I, Robot (2004)",Action|Adventure|Sci-Fi|Thriller,6202
8645,"Maria Full of Grace (Maria, Llena eres de gracia) (2004)",Crime|Drama,6203
8650,Long Day's Journey Into Night (1962),Drama,6204
8651,Man of La Mancha (1972),Adventure|Comedy|Musical,6205
8656,"Short Film About Killing, A (Krótki film o zabijaniu) (1988)",Crime|Drama,6206
8657,"Tin Star, The (1957)",Western,6207
8661,How the West Was Won (1962),Adventure|Drama|Western,6208
8662,Joan of Arc (1948),Action|Drama|War,6209
8663,Live Forever (2003),Comedy|Documentary,6210
8664,Mr. Klein (Monsieur Klein) (1976),Drama,6211
8665,"Bourne Supremacy, The (2004)",Action|Crime|Thriller,6212
8666,Catwoman (2004),Action|Crime|Fantasy,6213
8667,A Home at the End of the World (2004),Drama|Romance,6214
8670,"Testament of Dr. Mabuse, The (Das Testament des Dr. Mabuse) (1933)",Crime|Horror|Mystery|Thriller,6215
8674,Disco Pigs (2001),Drama,6216
8675,"Enemy Below, The (1957)",Action|Drama|War,6217
8678,Guns of the Magnificent Seven (1969),Action|Adventure|Drama|Western,6218
8680,In a Glass Cage (Tras el cristal) (1986),Drama|Horror,6219
8681,Lancelot of the Lake (Lancelot du Lac) (1974),Drama|War,6220
8684,"Man Escaped, A (Un  condamné à mort s'est échappé ou Le vent souffle où il veut) (1956)",Adventure|Drama,6221
8689,"Shock to the System, A (1990)",Comedy|Crime|Thriller,6222
8690,Slaughterhouse-Five (1972),Comedy|Drama|Sci-Fi|War,6223
8694,You Were Never Lovelier (1942),Comedy|Musical|Romance,6224
8695,"Bachelor and the Bobby-Soxer, The (1947)",Comedy,6225
8698,"Comfort of Strangers, The (1990)",Drama,6226
8700,Destination Tokyo (1943),Adventure|War,6227
8710,Map of the Human Heart (1993),Drama|Romance,6228
8711,Mr. Blandings Builds His Dream House (1948),Comedy,6229
8712,My Favorite Wife (1940),Comedy|Romance,6230
8713,"New Adventures of Pippi Longstocking, The (1988)",Adventure|Children|Fantasy|Musical,6231
8718,"Snake Pit, The (1948)",Drama,6232
8724,"Leopard, The (Gattopardo, Il) (1963)",Drama|War,6233
8725,"Goodbye, Columbus (1969)",Comedy|Drama|Romance,6234
8726,"President's Analyst, The (1967)",Comedy|Thriller,6235
8727,"Day of the Locust, The (1975)",Drama,6236
8730,To End All Wars (2001),Action|Drama|War,6237
8731,Moulin Rouge (1952),Drama,6238
8732,"Belly of an Architect, The (1987)",Drama,6239
8733,"Nest, The (Nid de Guêpes) (2002)",Action|Crime|Thriller,6240
8738,"Woman Is a Woman, A (femme est une femme, Une) (1961)",Comedy|Drama|Musical|Romance,6241
8739,Mamma Roma (1962),Drama,6242
8740,"Lower Depths, The (Donzoko) (1957)",Comedy|Drama,6243
8748,"Yesterday, Today and Tomorrow (Ieri, oggi, domani) (1963)",Comedy,6244
8749,"Beautiful Troublemaker, The (La belle noiseuse) (1991)",Drama,6245
8751,Gun Crazy (a.k.a. Deadly Is the Female) (1949),Crime|Drama|Film-Noir,6246
8752,"Set-Up, The (1949)",Drama|Film-Noir|Romance,6247
8753,Unprecedented: The 2000 Presidential Election (2002),Documentary,6248
8754,"Prime of Miss Jean Brodie, The (1969)",Drama,6249
8755,My Voyage to Italy (Il mio viaggio in Italia) (1999),Documentary,6250
8761,"Three Lives of Thomasina, The (1964)",Children|Drama,6251
8765,This Gun for Hire (1942),Crime|Film-Noir|Thriller,6252
8767,"Big Clock, The (1948)",Crime|Film-Noir|Thriller,6253
8768,Criss Cross (1949),Crime|Drama|Film-Noir,6254
8772,"Spy Who Came in from the Cold, The (1965)",Drama|Thriller,6255
8773,Sherlock Holmes and the Secret Weapon (1942),Crime|Mystery|Thriller,6256
8778,Sherlock Holmes: Dressed to Kill (1946),Crime|Mystery,6257
8779,Bon Voyage (2003),Comedy|Drama,6258
8781,"Manchurian Candidate, The (2004)",Thriller,6259
8782,Thunderbirds (2004),Action|Adventure|Fantasy|Sci-Fi,6260
8783,"Village, The (2004)",Drama|Mystery|Thriller,6261
8784,Garden State (2004),Comedy|Drama|Romance,6262
8785,Early Summer (Bakushû) (1951),Drama,6263
8786,Port of Shadows (Quai des brumes) (1938),Drama,6264
8787,Thunderbirds Are GO (1966),Action|Sci-Fi,6265
8794,"Unfinished Piece for a Player Piano, An (Neokonchennaya pyesa dlya mekhanicheskogo pianino) (1977)",Drama,6266
8795,Musa the Warrior (Musa) (2001),Action|Adventure|Drama|War,6267
8796,"Funny Thing Happened on the Way to the Forum, A (1966)",Comedy|Musical,6268
8797,Salesman (1969),Documentary,6269
8798,Collateral (2004),Action|Crime|Drama|Thriller,6270
8799,Little Black Book (2004),Comedy|Romance,6271
8800,Code 46 (2003),Romance|Sci-Fi,6272
8804,"Story of Women (Affaire de femmes, Une) (1988)",Drama,6273
8805,Attack the Gas Station! (Juyuso seubgyuksageun) (1999),Comedy|Crime,6274
8807,Harold and Kumar Go to White Castle (2004),Adventure|Comedy,6275
8808,"Princess Diaries 2: Royal Engagement, The (2004)",Comedy|Romance,6276
8809,Danny Deckchair (2003),Comedy|Romance,6277
8810,AVP: Alien vs. Predator (2004),Action|Horror|Sci-Fi|Thriller,6278
8813,We Don't Live Here Anymore (2004),Drama,6279
8814,Without a Paddle (2004),Comedy,6280
8815,Exorcist: The Beginning (2004),Horror|Thriller,6281
8826,Human Resources (Ressources humaines) (1999),Drama,6282
8827,"Bill Cosby, Himself (1983)",Comedy|Documentary,6283
8830,Anacondas: The Hunt for the Blood Orchid (2004),Adventure|Drama|Horror|Sci-Fi|Thriller,6284
8831,Suspect Zero (2004),Crime|Thriller,6285
8832,Warriors of Heaven and Earth (Tian di ying xiong) (2003),Action|Adventure|Drama,6286
8833,Vanity Fair (2004),Drama|Romance,6287
8835,Paparazzi (2004),Drama|Thriller,6288
8836,Wicker Park (2004),Drama|Romance|Thriller,6289
8838,Alice Doesn't Live Here Anymore (1974),Drama|Romance,6290
8840,Who's That Knocking at My Door? (1967),Drama,6291
8841,Seeing Other People (2004),Comedy,6292
8844,Camera Buff (Amator) (1979),Drama,6293
8848,"Vitelloni, I (a.k.a. The Young and the Passionate) (1953)",Drama,6294
8851,Smile (1975),Comedy,6295
8854,Night of the Demons (1988),Horror,6296
8860,Cellular (2004),Action|Crime|Drama|Mystery|Thriller,6297
8861,Resident Evil: Apocalypse (2004),Action|Horror|Sci-Fi|Thriller,6298
8862,Criminal (2004),Comedy|Drama,6299
8864,Mr. 3000 (2004),Comedy|Drama,6300
8865,Sky Captain and the World of Tomorrow (2004),Action|Adventure|Sci-Fi,6301
8866,Wimbledon (2004),Comedy|Romance,6302
8868,Head in the Clouds (2004),Drama|Romance|War,6303
8869,First Daughter (2004),Comedy|Romance,6304
8870,"Forgotten, The (2004)",Drama|Mystery|Sci-Fi|Thriller,6305
8872,"Dirty Shame, A (2004)",Comedy,6306
8873,"Motorcycle Diaries, The (Diarios de motocicleta) (2004)",Adventure|Drama,6307
8874,Shaun of the Dead (2004),Comedy|Horror,6308
8875,"Come Back, Little Sheba (1952)",Drama,6309
8879,Murder on the Orient Express (1974),Crime|Mystery|Thriller,6310
8880,Mask (1985),Drama,6311
8882,"Boston Strangler, The (1968)",Crime|Drama|Mystery|Thriller,6312
8884,"Man with One Red Shoe, The (1985)",Comedy|Thriller,6313
8885,"Sentinel, The (1977)",Drama|Horror|Mystery|Thriller,6314
8898,"Robinson Crusoe (Adventures of Robinson Crusoe, The) (1954)",Adventure|Drama,6315
8899,Hardcore (1979),Drama,6316
8905,1492: Conquest of Paradise (1992),Adventure|Drama,6317
8906,Cannibal Holocaust (1980),Horror,6318
8907,Shark Tale (2004),Animation|Children|Comedy,6319
8908,Ladder 49 (2004),Action|Drama|Thriller,6320
8910,I Heart Huckabees (2004),Comedy,6321
8911,Raise Your Voice (2004),Romance,6322
8912,Taxi (2004),Action|Comedy,6323
8914,Primer (2004),Drama|Sci-Fi,6324
8915,Stage Beauty (2004),Drama,6325
8916,Shall We Dance? (2004),Comedy|Romance,6326
8917,Team America: World Police (2004),Action|Adventure|Animation|Comedy,6327
8918,Eulogy (2004),Comedy|Crime|Drama,6328
8919,P.S. (2004),Comedy|Drama|Fantasy|Romance,6329
8920,"Country Girl, The (1954)",Drama,6330
8921,"Rose Tattoo, The (1955)",Drama|Romance,6331
8922,Epidemic (1988),Drama|Horror|Thriller,6332
8923,Tess (1979),Drama|Romance,6333
8924,I Wanna Hold Your Hand (1978),Comedy,6334
8928,"Fearless Vampire Killers, The (1967)",Comedy|Horror,6335
8929,Black Beauty (1971),Children|Drama,6336
8930,"Five Obstructions, The (Fem benspænd, De) (2003)",Documentary,6337
8931,Born Rich (2003),Documentary,6338
8932,It's Alive (1974),Horror,6339
8933,"Decline of the American Empire, The (Déclin de l'empire américain, Le) (1986)",Comedy|Drama,6340
8934,Bebe's Kids (1992),Animation|Children|Comedy,6341
8937,Friday Night Lights (2004),Action|Drama,6342
8938,Tarnation (2003),Documentary,6343
8939,"Final Cut, The (2004)",Sci-Fi|Thriller,6344
8943,Being Julia (2004),Comedy|Drama,6345
8946,Surviving Christmas (2004),Comedy,6346
8947,"Grudge, The (2004)",Horror|Mystery|Thriller,6347
8948,Alfie (2004),Comedy|Drama|Romance,6348
8949,Sideways (2004),Comedy|Drama|Romance,6349
8950,The Machinist (2004),Drama|Mystery|Thriller,6350
8951,Vera Drake (2004),Drama,6351
8955,Undertow (2004),Crime|Drama|Thriller,6352
8956,Enduring Love (2004),Drama,6353
8957,Saw (2004),Horror|Mystery|Thriller,6354
8958,Ray (2004),Drama,6355
8959,Birth (2004),Drama|Mystery,6356
8961,"Incredibles, The (2004)",Action|Adventure|Animation|Children|Comedy,6357
8965,"Polar Express, The (2004)",Adventure|Animation|Children|Fantasy|IMAX,6358
8966,Kinsey (2004),Drama,6359
8967,Seed of Chucky (Child's Play 5) (2004),Comedy|Horror,6360
8968,After the Sunset (2004),Action|Adventure|Comedy|Crime|Thriller,6361
8969,Bridget Jones: The Edge of Reason (2004),Comedy|Drama|Romance,6362
8970,Finding Neverland (2004),Drama,6363
8971,Veer Zaara (2004),Drama|Musical|Romance,6364
8972,National Treasure (2004),Action|Adventure|Drama|Mystery|Thriller,6365
8973,Bad Education (La mala educación) (2004),Drama|Thriller,6366
8974,"SpongeBob SquarePants Movie, The (2004)",Adventure|Animation|Children|Comedy,6367
8977,Alexander (2004),Action|Adventure|Drama|War,6368
8978,Christmas with the Kranks (2004),Children|Comedy,6369
8979,Guerrilla: The Taking of Patty Hearst (2004),Documentary,6370
8980,Our Music (Notre musique) (2004),Drama,6371
8981,Closer (2004),Drama|Romance,6372
8982,I Am David (2003),Drama,6373
8983,House of Flying Daggers (Shi mian mai fu) (2004),Action|Drama|Romance,6374
8984,Ocean's Twelve (2004),Action|Comedy|Crime|Thriller,6375
8985,Blade: Trinity (2004),Action|Fantasy|Horror|Thriller,6376
8986,"Bellboy, The (1960)",Comedy,6377
8987,Bush's Brain (2004),Documentary,6378
8989,Damn Yankees! (1958),Comedy|Musical,6379
8998,That's Entertainment (1974),Documentary,6380
8999,"That's Entertainment, Part II (1976)",Documentary,6381
9000,That's Entertainment! III (1994),Documentary,6382
9004,D.A.R.Y.L. (1985),Adventure|Children|Sci-Fi,6383
9005,Fire in the Sky (1993),Drama|Mystery|Sci-Fi,6384
9010,Love Me If You Dare (Jeux d'enfants) (2003),Drama|Romance,6385
9011,Portrait of Jennie (1948),Drama|Fantasy|Mystery|Romance,6386
9013,Secret Honor (1984),Drama,6387
9014,Since You Went Away (1944),Drama|War,6388
9018,Control Room (2004),Documentary|War,6389
25737,"Golem, The (Golem, wie er in die Welt kam, Der) (1920)",Fantasy|Horror,6390
25738,"Last of the Mohicans, The (1920)",Adventure|Drama,6391
25741,"Phantom Carriage, The (Körkarlen) (1921)",Drama,6392
25742,Destiny (a.k.a. Between Two Worlds) (Der müde Tod) (1921),Fantasy,6393
25744,Haxan: Witchcraft Through the Ages (a.k.a. The Witches) (1922),Documentary|Horror,6394
25746,"Hunchback of Notre Dame, The (1923)",Drama|Horror,6395
25750,Sherlock Jr. (1924),Comedy|Fantasy|Romance,6396
25751,"Big Parade, The (1925)",Drama|Romance|War,6397
25752,"Freshman, The (1925)",Comedy,6398
25753,Greed (1924),Drama,6399
25755,"Phantom of the Opera, The (1925)",Drama|Horror,6400
25757,"Jazz Singer, The (1927)",Drama|Musical|Romance,6401
25759,October (1928),Drama|War,6402
25762,"Unknown, The (a.k.a. Alonzo the Armless) (1927)",Drama|Horror|Romance,6403
25763,"Pandora's Box (Büchse der Pandora, Die) (1929)",Drama,6404
25764,"Cameraman, The (1928)",Comedy|Drama|Romance,6405
25765,"Fall of the House of Usher, The (chute de la maison Usher, La) (1928)",Drama|Horror,6406
25766,"Crowd, The (1928)",Drama,6407
25767,"Man Who Laughs, The (1928)",Drama|Romance,6408
25769,"Steamboat Bill, Jr. (1928)",Comedy|Romance,6409
25771,"Andalusian Dog, An (Chien andalou, Un) (1929)",Fantasy,6410
25773,Little Caesar (1931),Crime|Drama,6411
25774,"Golden Age, The (Âge d'Or, L') (1930)",Comedy|Drama|Romance,6412
25777,Monkey Business (1931),Comedy,6413
25782,Boudu Saved From Drowning (Boudu sauvé des eaux) (1932),Comedy,6414
25786,"Old Dark House, The (1932)",Drama|Horror|Thriller,6415
25788,Scarface (1932),Crime|Drama,6416
25789,Shanghai Express (1932),Adventure|Drama|Romance,6417
25792,"I Was Born, But... (a.k.a. Children of Tokyo) (Otona no miru ehon - Umarete wa mita keredo) (1932)",Comedy|Drama,6418
25793,Vampyr (1932),Fantasy|Horror,6419
25795,Dinner at Eight (1933),Comedy|Drama|Romance,6420
25797,Gold Diggers of 1933 (1933),Musical,6421
25798,Island of Lost Souls (1932),Adventure|Horror|Romance|Sci-Fi,6422
25805,"Atalante, L' (1934)",Comedy|Drama|Romance,6423
25807,"Black Cat, The (1934)",Adventure|Crime|Horror|Thriller,6424
25812,"Scarlet Pimpernel, The (1934)",Adventure|Comedy,6425
25818,"Informer, The (1935)",Crime|Drama,6426
25825,Fury (1936),Drama|Film-Noir,6427
25826,Libeled Lady (1936),Comedy|Romance,6428
25827,Mr. Deeds Goes to Town (1936),Comedy|Romance,6429
25828,"Petrified Forest, The (1936)",Crime|Drama|Romance,6430
25830,Show Boat (1936),Comedy|Drama|Musical|Romance,6431
25833,Camille (1936),Drama|Romance,6432
25834,Captains Courageous (1937),Adventure|Drama,6433
25835,Dead End (1937),Crime|Drama|Film-Noir,6434
25839,Nothing Sacred (1937),Comedy|Drama|Romance,6435
25840,"Prisoner of Zenda, The (1937)",Action|Adventure|Romance,6436
25841,Stage Door (1937),Drama,6437
25842,Topper (1937),Comedy|Fantasy|Romance,6438
25850,Holiday (1938),Comedy|Drama|Romance,6439
25852,Gaslight (1940),Mystery|Thriller,6440
25855,"Roaring Twenties, The (1939)",Crime|Drama|Thriller,6441
25856,Wuthering Heights (1939),Drama|Romance,6442
25865,"Letter, The (1940)",Drama|Film-Noir,6443
25866,"Sea Hawk, The (1940)",Action|Adventure|Romance,6444
25868,Ball of Fire (1941),Comedy|Romance,6445
25870,Here Comes Mr. Jordan (1941),Comedy|Fantasy|Romance,6446
25886,Random Harvest (1942),Drama|Romance,6447
25891,Heaven Can Wait (1943),Comedy|Fantasy|Romance,6448
25893,"Memphis Belle: A Story of a Flying Fortress, The (1944)",Documentary|War,6449
25898,Day of Wrath (Vredens dag) (1943),Drama,6450
25899,Cover Girl (1944),Comedy|Musical,6451
25900,"Curse of the Cat People, The (1944)",Drama,6452
25901,"Henry V (Chronicle History of King Henry the Fift with His Battell Fought at Agincourt in France, The) (1944)",Drama|War,6453
25904,Ministry of Fear (1944),Drama|Film-Noir|Thriller,6454
25905,"Miracle of Morgan's Creek, The (1944)",Comedy|Romance,6455
25906,Mr. Skeffington (1944),Drama|Romance,6456
25911,"Woman in the Window, The (1944)",Crime|Film-Noir|Thriller,6457
25914,"Ivan the Terrible, Part One (Ivan Groznyy I) (1944)",Drama,6458
25916,They Were Expendable (1945),Drama|War,6459
25918,"Tree Grows in Brooklyn, A (1945)",Drama,6460
25920,"Blue Dahlia, The (1946)",Crime|Drama|Film-Noir|Mystery|Thriller,6461
25923,Great Expectations (1946),Drama,6462
25926,Shoeshine (Sciuscià) (1946),Drama,6463
25927,"Stranger, The (1946)",Drama|Film-Noir|Thriller,6464
25929,Nightmare Alley (1947),Drama|Film-Noir,6465
25930,Odd Man Out (1947),Crime|Drama|Film-Noir|Thriller,6466
25934,3 Godfathers (1948),Drama|Western,6467
25937,Easter Parade (1948),Musical|Romance,6468
25938,Fort Apache (1948),Western,6469
25940,"Lady from Shanghai, The (1947)",Drama|Film-Noir|Mystery,6470
25941,Letter from an Unknown Woman (1948),Drama|Romance,6471
25943,"Naked City, The (1948)",Crime|Drama|Film-Noir|Mystery,6472
25945,They Live by Night (1949),Crime|Film-Noir|Romance,6473
25947,Unfaithfully Yours (1948),Comedy,6474
25952,"Letter to Three Wives, A (1949)",Comedy|Drama,6475
25954,Orpheus (Orphée) (1950),Drama|Fantasy|Romance,6476
25961,"Gunfighter, The (1950)",Action|Western,6477
25962,King Solomon's Mines (1950),Action|Adventure|Romance,6478
25963,"Young and the Damned, The (Olvidados, Los) (1950)",Crime|Drama,6479
25971,Carrie (1952),Drama|Romance,6480
25975,"Life of Oharu, The (Saikaku ichidai onna) (1952)",Drama,6481
25977,Abbott and Costello Meet Dr. Jekyll and Mr. Hyde (1953),Comedy|Horror|Sci-Fi,6482
25987,"Crucified Lovers, The (Chikamatsu monogatari) (1954)",Drama,6483
25993,Magnificent Obsession (1954),Drama|Romance,6484
25995,Samurai I: Musashi Miyamoto (Miyamoto Musashi) (1954),Action|Adventure|Drama,6485
25996,"Star Is Born, A (1954)",Drama|Musical,6486
25999,The Wild One (1953),Drama,6487
26002,Confidential Report (1955),Crime|Drama|Mystery|Thriller,6488
26003,Night and Fog (Nuit et brouillard) (1955),Crime|Documentary|War,6489
26005,Samurai II: Duel at Ichijoji Temple (Zoku Miyamoto Musashi: Ichijôji no kettô) (1955),Action|Adventure|Drama,6490
26007,"Unknown Soldier, The (Tuntematon sotilas) (1955)",Drama|War,6491
26009,"Burmese Harp, The (Biruma no tategoto) (1956)",Drama|War,6492
26010,Carousel (1956),Musical|Romance,6493
26012,Samurai III: Duel on Ganryu Island (a.k.a. Bushido) (Miyamoto Musashi kanketsuhen: kettô Ganryûjima) (1956),Action|Adventure|Drama,6494
26025,"Spirit of St. Louis, The (1957)",Adventure|Drama,6495
26038,Teacher's Pet (1958),Comedy|Romance,6496
26048,"Human Condition II, The (Ningen no joken II) (1959)",Drama|War,6497
26049,Fires on the Plain (Nobi) (1959),Drama|War,6498
26051,"Nun's Story, The (1959)",Drama,6499
26052,Pickpocket (1959),Crime|Drama,6500
26055,Floating Weeds (Ukigusa) (1959),Drama,6501
26059,When a Woman Ascends the Stairs (Onna ga kaidan wo agaru toki) (1960),Drama,6502
26064,"Bad Sleep Well, The (Warui yatsu hodo yoku nemuru) (1960)",Drama|Thriller,6503
26070,"Intruder, The (1962)",Drama,6504
26073,"Human Condition III, The (Ningen no joken III) (1961)",Drama|War,6505
26078,Advise and Consent (1962),Drama,6506
26082,Harakiri (Seppuku) (1962),Drama,6507
26083,"Loneliness of the Long Distance Runner, The (1962)",Drama,6508
26084,"Music Man, The (1962)",Children|Comedy|Musical|Romance,6509
26085,Mutiny on the Bounty (1962),Adventure|Drama|Romance,6510
26090,"Easy Life, The (Il Sorpasso) (1962)",Comedy|Drama,6511
26094,"Eclisse, L' (Eclipse) (1962)",Drama,6512
26101,McLintock! (1963),Comedy|Western,6513
26109,Crooks in Clover (a.k.a. Monsieur Gangster) (Les tontons flingueurs) (1963),Action|Comedy|Crime,6514
26111,Becket (1964),Drama,6515
26113,"Best Man, The (1964)",Comedy|Drama,6516
26116,"Hush... Hush, Sweet Charlotte (1964)",Horror|Thriller,6517
26117,"Killers, The (1964)",Action|Crime|Drama|Film-Noir|Thriller,6518
26119,"Naked Kiss, The (1964)",Drama,6519
26122,Onibaba (1964),Drama|Horror|War,6520
26124,Robinson Crusoe on Mars (1964),Sci-Fi,6521
26131,"Battle of Algiers, The (La battaglia di Algeri) (1966)",Drama|War,6522
26133,"Charlie Brown Christmas, A (1965)",Animation|Children|Comedy,6523
26134,Dracula: Prince of Darkness (1966),Horror|Mystery,6524
26138,"Hill, The (1965)",Drama|War,6525
26139,In Harm's Way (1965),Drama|War,6526
26147,"Thousand Clowns, A (1965)",Comedy|Drama|Romance,6527
26148,"Train, The (1964)",Action|Thriller|War,6528
26150,Andrei Rublev (Andrey Rublyov) (1969),Drama|War,6529
26151,Au Hasard Balthazar (1966),Crime|Drama,6530
26152,Batman (1966),Action|Adventure|Comedy,6531
26155,Khartoum (1966),Action|Adventure|Drama|War,6532
26158,Closely Watched Trains (Ostre sledované vlaky) (1966),Comedy|Drama|War,6533
26159,Tokyo Drifter (Tôkyô nagaremono) (1966),Action|Crime|Drama,6534
26160,Asterix and the Gauls (Astérix le Gaulois) (1967),Action|Adventure|Animation|Children|Comedy,6535
26163,Don't Look Back (1967),Documentary|Musical,6536
26164,Fando and Lis (Fando y Lis) (1968),Adventure|Fantasy,6537
26169,Branded to Kill (Koroshi no rakuin) (1967),Action|Crime|Drama,6538
26170,"Bride Wore Black, The (La mariée était en noir) (1968)",Crime|Drama,6539
26171,Play Time (a.k.a. Playtime) (1967),Comedy,6540
26172,Point Blank (1967),Action|Crime|Drama|Thriller,6541
26174,The Shooting (1966),Western,6542
26176,Titicut Follies (1967),Documentary|Drama,6543
26178,Two for the Road (1967),Comedy|Drama|Romance,6544
26181,"War Wagon, The (1967)",Action|Western,6545
26183,Asterix and Cleopatra (Astérix et Cléopâtre) (1968),Action|Adventure|Animation|Children|Comedy,6546
26184,"Diamond Arm, The (Brilliantovaya ruka) (1968)",Action|Adventure|Comedy|Crime|Thriller,6547
26187,Head (1968),Comedy|Fantasy|Musical,6548
26188,"Heart Is a Lonely Hunter, The (1968)",Drama,6549
26197,War and Peace (Voyna i mir) (1967),Drama|Romance|War,6550
26198,"Yours, Mine and Ours (1968)",Children|Comedy,6551
26199,Alice's Restaurant (1969),Comedy|Drama,6552
26203,Colossus: The Forbin Project (1970),Sci-Fi|Thriller,6553
26208,My Night At Maud's (Ma Nuit Chez Maud) (1969),Comedy|Drama|Romance,6554
26219,Brewster McCloud (1970),Comedy,6555
26222,Dodes'ka-den (Clickety-Clack) (1970),Drama|Fantasy,6556
26225,"Claire's Knee (Genou de Claire, Le) (1970)",Comedy|Romance,6557
26228,"Swedish Love Story, A (Kärlekshistoria, En) (1970)",Drama|Romance,6558
26230,On a Clear Day You Can See Forever (1970),Comedy|Musical|Romance,6559
26231,Performance (1970),Crime|Drama|Thriller,6560
26236,"White Sun of the Desert, The (Beloe solntse pustyni) (1970)",Action|Adventure|Comedy|Drama|Romance|War,6561
26237,Zabriskie Point (1970),Drama|Romance,6562
26240,"Beguiled, The (1971)",Drama|Thriller|War,6563
26241,The Devils (1971),Drama,6564
26242,Duel (1971),Action|Mystery|Thriller,6565
26245,"Go-Between, The (1970)",Drama|Romance,6566
26246,Johnny Got His Gun (1971),Drama|War,6567
26248,Let's Scare Jessica to Death (1971),Horror|Mystery,6568
26249,They Call Me Trinity (1971),Comedy|Western,6569
26252,"New Leaf, A (1971)",Comedy|Romance,6570
26256,Support Your Local Gunfighter (1971),Comedy|Romance|Western,6571
26258,"Topo, El (1970)",Fantasy|Western,6572
26259,"Emigrants, The (Utvandrarna) (1971)",Drama,6573
26265,Dr. Phibes Rises Again (1972),Adventure|Comedy|Horror|Romance,6574
26268,The Tall Blond Man with One Black Shoe (1972),Comedy|Mystery,6575
26269,Lone Wolf and Cub: Sword of Vengeance (Kozure Ôkami: Kowokashi udekashi tsukamatsuru) (1972),Action|Crime,6576
26270,Lone Wolf and Cub: Baby Cart at the River Styx (Kozure Ôkami: Sanzu no kawa no ubaguruma) (1972),Action|Adventure,6577
26271,Lady Sings the Blues (1972),Drama|Musical,6578
26280,Traffic (Trafic) (1971),Comedy,6579
26282,"Mad Adventures of Rabbi Jacob, the (Les Aventures de Rabbi Jacob) (1973)",Comedy,6580
26283,Charley Varrick (1973),Crime|Drama|Thriller,6581
26285,Dark Star (1974),Comedy|Sci-Fi|Thriller,6582
26294,My Name Is Nobody (Il Mio nome è Nessuno) (1973),Comedy|Western,6583
26299,Phase IV (1974),Horror|Sci-Fi|Thriller,6584
26302,Scarecrow (1973),Drama,6585
26303,Sisters (1973),Horror|Thriller,6586
26306,Theatre of Blood (1973),Comedy|Horror|Mystery,6587
26313,California Split (1974),Comedy|Drama,6588
26318,"Phantom of Liberty, The (Fantôme de la liberté, Le) (1974)",Comedy|Drama,6589
26322,Gone in 60 Seconds (1974),Action|Crime|Drama,6590
26324,Harry and Tonto (1974),Comedy|Drama,6591
26325,Hearts and Minds (1974),Documentary|War,6592
26326,"Holy Mountain, The (Montaña sagrada, La) (1973)",Drama,6593
26336,"Adventure of Sherlock Holmes' Smarter Brother, The (1975)",Comedy|Crime|Mystery,6594
26340,"Twelve Tasks of Asterix, The (Les douze travaux d'Astérix) (1976)",Action|Adventure|Animation|Children|Comedy|Fantasy,6595
26342,"Farewell, My Lovely (1975)",Crime|Mystery|Thriller,6596
26344,French Connection II (1975),Action|Crime|Drama|Thriller,6597
26347,"Irony of Fate, or Enjoy Your Bath! (Ironiya sudby, ili S legkim parom!) (1975)",Comedy|Drama|Romance,6598
26349,Night Moves (1975),Crime|Thriller,6599
26350,"Passenger, The (Professione: reporter) (1975)",Drama,6600
26359,1900 (Novecento) (1976),Drama|War,6601
26360,"Small Change (Argent de poche, L') (1976)",Comedy|Drama,6602
26366,Harlan County U.S.A. (1976),Documentary,6603
26370,"Message, The (a.k.a. Mohammad: Messenger of God) (1976)",Adventure|Drama|War,6604
26375,Silver Streak (1976),Action|Comedy|Crime,6605
26379,Jesus of Nazareth (1977),Drama,6606
26386,High Anxiety (1977),Comedy|Thriller,6607
26391,"New York, New York (1977)",Drama|Musical|Romance,6608
26393,Sorcerer (1977),Action|Thriller,6609
26394,"Turning Point, The (1977)",Drama|Romance,6610
26395,"Rutles: All You Need Is Cash, The (1978)",Comedy,6611
26398,Capricorn One (1978),Drama|Sci-Fi|Thriller,6612
26399,Five Deadly Venoms (1978),Action,6613
26400,Gates of Heaven (1978),Documentary,6614
26413,Snake in the Eagle's Shadow (Se ying diu sau) (1978),Action|Comedy,6615
26414,"Wedding, A (1978)",Comedy|Drama,6616
26417,French Fried Vacation 2 (Les bronzés font du ski) (1979),Comedy,6617
26422,Hair (1979),Comedy|Drama|Musical,6618
26425,"In-Laws, The (1979)",Action|Comedy,6619
26431,Opening Night (1977),Drama,6620
26459,"Scarlet Pimpernel, The (1982)",Action|Drama|Romance,6621
26462,Bad Boys (1983),Crime|Drama|Thriller,6622
26463,Barefoot Gen (Hadashi no Gen) (1983),Animation|Drama|War,6623
26464,Blue Thunder (1983),Action|Crime|Drama,6624
26467,"Day After, The (1983)",Drama|Sci-Fi,6625
26471,Eddie Murphy Delirious (1983),Comedy|Documentary,6626
26472,"Norte, El (1984)",Adventure|Drama,6627
26476,Merry Christmas Mr. Lawrence (1983),Drama|War,6628
26479,"Pirates of Penzance, The (1983)",Adventure|Comedy|Musical|Romance,6629
26485,Rumble Fish (1983),Drama,6630
26487,Star 80 (1983),Drama,6631
26488,"Star Chamber, The (1983)",Action|Crime|Drama|Thriller,6632
26491,To Be or Not to Be (1983),Comedy|Romance|War,6633
26492,Twilight Zone: The Movie (1983),Fantasy|Horror|Sci-Fi|Thriller,6634
26493,"4th Man, The (Fourth Man, The) (Vierde man, De) (1983)",Drama|Mystery|Thriller,6635
26494,Suburbia (1984),Drama,6636
26495,Yellowbeard (1983),Action|Adventure|Comedy,6637
26497,Another Country (1984),Drama|Romance,6638
26501,Choose Me (1984),Comedy|Romance,6639
26504,Cloak & Dagger (1984),Action|Adventure|Children|Crime|Mystery|Thriller,6640
26509,Electric Dreams (1984),Comedy|Drama|Romance|Sci-Fi,6641
26512,"Hit, The (1984)",Crime|Drama|Thriller,6642
26513,"Ice Pirates, The (1984)",Action|Adventure|Comedy|Sci-Fi,6643
26521,Racing with the Moon (1984),Comedy|Drama|Romance,6644
26524,"Times of Harvey Milk, The (1984)",Documentary,6645
26527,What Have I Done to Deserve This? (¿Qué he hecho yo para merecer esto!!) (1984),Comedy|Drama,6646
26529,Asterix vs. Caesar (Astérix et la surprise de César) (1985),Adventure|Animation|Children|Comedy,6647
26539,Death of a Salesman (1985),Drama,6648
26540,Demons (Dèmoni) (1985),Horror,6649
26547,Police Story (Ging chaat goo si) (1985),Action|Comedy|Crime|Thriller,6650
26550,Mishima: A Life in Four Chapters (1985),Drama,6651
26554,"Quiet Earth, The (1985)",Drama|Mystery|Sci-Fi,6652
26555,Spies Like Us (1985),Comedy,6653
26558,"Stuff, The (1985)",Comedy|Horror|Mystery|Sci-Fi,6654
26560,"Unknown Soldier, The (Tuntematon sotilas) (1985)",Drama|War,6655
26561,Vision Quest (1985),Drama|Romance,6656
26562,White Nights (1985),Drama,6657
26564,'Round Midnight (1986),Drama|Musical,6658
26565,Asterix in Britain (Astérix chez les Bretons) (1986),Adventure|Animation|Children|Comedy,6659
26578,"Sacrifice, The (Offret - Sacraficatio) (1986)",Drama,6660
26581,Sherman's March (1985),Documentary,6661
26585,"Better Tomorrow, A (Ying hung boon sik) (1986)",Crime|Drama|Thriller,6662
26587,"Decalogue, The (Dekalog) (1989)",Crime|Drama|Romance,6663
26599,"Law of Desire (Ley del deseo, La) (1987)",Comedy|Drama|Romance,6664
26603,Prince of Darkness (1987),Fantasy|Horror|Sci-Fi|Thriller,6665
26606,"Chinese Ghost Story, A (Sinnui yauwan) (1987)",Action|Fantasy|Horror|Romance,6666
26612,"Better Tomorrow II, A (Ying hung boon sik II) (1987)",Crime|Drama|Thriller,6667
26616,Cobra Verde (1987),Adventure|Drama,6668
26629,Killer Klowns from Outer Space (1988),Comedy|Horror|Sci-Fi,6669
26630,Moonwalker (1988),Musical,6670
26631,Alice (Neco z Alenky) (1988),Animation|Fantasy|Mystery,6671
26644,Landscape in the Mist (Topio stin omichli) (1988),Drama,6672
26662,Kiki's Delivery Service (Majo no takkyûbin) (1989),Adventure|Animation|Children|Drama|Fantasy,6673
26663,Monsieur Hire (1989),Crime|Romance|Thriller,6674
26680,Cry-Baby (1990),Comedy|Musical|Romance,6675
26681,Bullet in the Head (1990),Action|Drama|War,6676
26688,Hard to Kill (1990),Action|Crime|Drama,6677
26691,I Hired a Contract Killer (1990),Comedy|Drama,6678
26694,Ju Dou (1990),Drama,6679
26695,"Krays, The (1990)",Drama,6680
26696,Lionheart (1990),Action,6681
26699,Close-Up (Nema-ye Nazdik) (1990),Drama,6682
26702,"Reflecting Skin, The (1990)",Drama|Horror|Thriller,6683
26704,State of Grace (1990),Crime|Drama|Thriller,6684
26712,35 Up (1991),Documentary,6685
26713,Days of Being Wild (A Fei jingjyuhn) (1990),Drama|Romance,6686
26717,Begotten (1990),Drama|Horror,6687
26726,Dutch (1991),Comedy,6688
26729,Hearts of Darkness: A Filmmakers Apocalypse (1991),Documentary,6689
26731,Homicide (1991),Crime|Drama|Thriller,6690
26732,Johnny Stecchino (1991),Comedy,6691
26736,Riki-Oh: The Story of Ricky (Lik Wong) (1991),Action|Crime|Thriller,6692
26744,Once Around (1991),Drama,6693
26745,Other People's Money (1991),Comedy|Drama|Romance,6694
26746,Out for Justice (1991),Action|Crime|Drama|Thriller,6695
26749,Prospero's Books (1991),Drama|Fantasy,6696
26750,Quigley Down Under (1990),Adventure|Drama|Western,6697
26758,All the Mornings of the World (Tous les matins du monde) (1991),Drama|Romance,6698
26760,Wild Hearts Can't Be Broken (1991),Drama|Romance,6699
26770,Diggstown (1992),Drama,6700
26776,Porco Rosso (Crimson Pig) (Kurenai no buta) (1992),Adventure|Animation|Comedy|Fantasy|Romance,6701
26782,"Mambo Kings, The (1992)",Drama|Musical,6702
26788,"Story of Qiu Ju, The (Qiu Ju da guan si) (1992)",Comedy|Drama,6703
26791,Shining Through (1992),Drama|Romance|Thriller|War,6704
26796,"Heart in Winter, A (Un coeur en hiver) (1992)",Drama|Romance,6705
26797,Visions of Light: The Art of Cinematography (1992),Documentary,6706
26812,Barbarians at the Gate (1993),Drama,6707
26819,Fortress (1992),Action|Sci-Fi,6708
26838,"Snapper, The (1993)",Comedy|Drama,6709
26840,Sonatine (Sonachine) (1993),Action|Comedy|Crime|Drama,6710
26842,Tai Chi Master (Twin Warriors) (Tai ji: Zhang San Feng) (1993),Action|Adventure|Comedy|Drama,6711
26850,71 Fragments of a Chronology of Chance (71 Fragmente einer Chronologie des Zufalls) (1994),Drama,6712
26865,Fist of Legend (Jing wu ying xiong) (1994),Action|Drama,6713
26870,Major League II (1994),Comedy,6714
26875,"Pure Formality, A (Pura formalità, Una) (1994)",Crime|Film-Noir|Mystery|Thriller,6715
26903,Whisper of the Heart (Mimi wo sumaseba) (1995),Animation|Drama|Romance,6716
26914,Trinity and Beyond (1995),Documentary,6717
26915,Tromeo and Juliet (1996),Comedy|Drama,6718
26925,Cannibal! The Musical (a.k.a. Alferd Packer: The Musical) (1996),Comedy|Horror|Musical|Western,6719
26939,Drifting Clouds (Kauas pilvet karkaavat) (1996),Comedy|Drama,6720
26947,Pusher (1996),Crime|Thriller,6721
26965,"Boxer, The (1997)",Drama|Thriller,6722
26974,Gummo (1997),Drama,6723
26985,Nirvana (1997),Action|Sci-Fi,6724
27005,"Interview, The (1998)",Crime|Drama|Mystery|Thriller,6725
27006,RKO 281 (1999),Drama,6726
27020,Gia (1998),Drama|Romance,6727
27022,Thursday (1998),Action|Crime|Thriller,6728
27032,Who Am I? (Wo shi shei) (1998),Action|Adventure|Comedy|Sci-Fi|Thriller,6729
27033,"Kingdom II, The (Riget II) (1997)",Drama|Horror|Mystery,6730
27050,Bang Boom Bang - Ein todsicheres Ding (1999),Action|Comedy,6731
27067,"Pentagon Wars, The (1998)",Comedy|War,6732
27073,Two Hands (1999),Comedy|Crime|Thriller,6733
27095,"Hole, The (Dong) (1998)",Drama|Musical,6734
27109,Lady Snowblood (Shurayukihime) (1973),Action|Crime|Drama|Thriller,6735
27134,Dark Portals: The Chronicles of Vidocq  (Vidocq) (2001),Action|Crime|Fantasy,6736
27152,Pitkä kuuma kesä (1999),Comedy|Drama,6737
27156,"Neon Genesis Evangelion: The End of Evangelion (Shin seiki Evangelion Gekijô-ban: Air/Magokoro wo, kimi ni) (1997)",Action|Animation|Drama|Fantasy|Sci-Fi,6738
27162,He Died With a Felafel in His Hand (2001),Comedy,6739
27163,Something Is Happening (Kuch Kuch Hota Hai) (1998),Comedy|Musical|Romance,6740
27178,In July (Im Juli) (2000),Comedy|Romance,6741
27180,Joan of Arc (1999),Adventure|Drama,6742
27186,Kirikou and the Sorceress (Kirikou et la sorcière) (1998),Adventure|Animation|Children|Fantasy,6743
27193,Taxi 2 (2000),Action|Comedy,6744
27216,Katsastus (1988),Comedy|Drama,6745
27246,If These Walls Could Talk 2 (2000),Drama|Romance,6746
27255,"Wind Will Carry Us, The (Bad ma ra khahad bord) (1999)",Drama,6747
27266,2046 (2004),Drama|Fantasy|Romance|Sci-Fi,6748
27271,Taboo (Gohatto) (1999),Drama,6749
27276,Running Out of Time (Am zin) (1999),Action|Crime|Drama|Thriller,6750
27302,"Debt, The (Dlug) (1999)",Crime|Drama|Thriller,6751
27316,6ixtynin9 (Ruang Talok 69) (1999),Action|Comedy|Thriller,6752
27317,Audition (Ôdishon) (1999),Drama|Horror|Mystery|Romance|Thriller,6753
27326,Devdas (2002),Musical|Romance,6754
27329,Paradise Lost 2: Revelations (2000),Documentary,6755
27338,The Hole (2001),Drama|Horror|Mystery|Thriller,6756
27344,Revolutionary Girl Utena: Adolescence of Utena (a.k.a. Revolutionary Girl Utena the Movie) (Shoujo kakumei Utena: Adolescence mokushiroku) (1999),Action|Adventure|Animation|Comedy|Drama|Fantasy|Romance,6757
27351,Spiral (2000),Horror,6758
27357,Old Men in New Cars (Gamle mænd i nye biler) (2002),Action|Comedy,6759
27362,"Sometimes Happiness, Sometimes Sorrow (Kabhi Khushi Kabhie Gham) (2001)",Drama|Musical|Romance,6760
27365,"River, The (Joki) (2001)",Drama,6761
27366,Werckmeister Harmonies (Werckmeister harmóniák) (2000),Drama,6762
27368,Asterix & Obelix: Mission Cleopatra (Astérix & Obélix: Mission Cléopâtre) (2002),Adventure|Comedy|Fantasy,6763
27369,Daria: Is It Fall Yet? (2000),Animation|Comedy,6764
27370,Late Night Shopping (2001),Comedy,6765
27373,61* (2001),Drama,6766
27376,"Tunnel, The (Tunnel, Der) (2001)",Action|Drama|Thriller,6767
27391,"Laramie Project, The (2002)",Crime|Drama,6768
27397,Joint Security Area (Gongdong gyeongbi guyeok JSA) (2000),Crime|Drama|Mystery|Thriller|War,6769
27402,Dagon (2001),Fantasy|Horror|Mystery|Thriller,6770
27408,Ripley's Game (2002),Drama|Thriller,6771
27416,Jalla! Jalla! (2000),Comedy|Drama|Romance,6772
27423,"O Auto da Compadecida (Dog's Will, A) (2000)",Adventure|Comedy,6773
27432,"Beautiful Country, The (2004)",Drama,6774
27434,Darkness (2002),Horror|Mystery,6775
27441,Blood: The Last Vampire (2000),Action|Animation|Horror,6776
27450,Blueberry (2004),Adventure|Western,6777
27456,Shackleton's Antarctic Adventure (2001),Documentary|IMAX,6778
27478,Ali G Indahouse (2002),Comedy,6779
27482,Cube 2: Hypercube (2002),Horror|Mystery|Sci-Fi,6780
27491,Pulse (Kairo) (2001),Horror|Mystery|Thriller,6781
27509,Carolina (2005),Comedy|Romance,6782
27513,Dog Days (Hundstage) (2001),Drama,6783
27515,Balzac and the Little Chinese Seamstress (Xiao cai feng) (2002),Drama|Romance,6784
27518,D.C.H. (Dil Chahta Hai) (2001),Comedy|Drama,6785
27523,My Sassy Girl (Yeopgijeogin geunyeo) (2001),Comedy|Romance,6786
27537,Nothing (2003),Comedy|Fantasy|Mystery|Sci-Fi,6787
27550,Hell House (2001),Documentary,6788
27555,Fubar (2002),Comedy,6789
27563,"Happiness of the Katakuris, The (Katakuri-ke no kôfuku) (2001)",Comedy|Horror|Musical,6790
27584,Dead End (2003),Comedy|Horror|Mystery|Thriller,6791
27592,Sympathy for Mr. Vengeance (Boksuneun naui geot) (2002),Crime|Drama,6792
27604,Suicide Club (Jisatsu saakuru) (2001),Horror|Mystery|Thriller,6793
27608,Immortel (ad vitam) (Immortal) (2004),Action|Adventure|Animation|Fantasy|Sci-Fi,6794
27618,"Sound of Thunder, A (2005)",Action|Adventure|Drama|Sci-Fi|Thriller,6795
27620,Fear and Trembling (Stupeur et tremblements) (2003),Comedy,6796
27627,Oasis (2002),Drama|Romance,6797
27636,Herr Lehmann (2003),Comedy|Drama,6798
27646,Soldier's Girl (2003),Drama,6799
27647,Tipping the Velvet (2002),Comedy|Drama|Romance,6800
27648,Bright Young Things (2003),Comedy|Drama,6801
27660,"Animatrix, The (2003)",Action|Animation|Drama|Sci-Fi,6802
27664,"Brown Bunny, The (2003)",Drama,6803
27671,As If I Didn't Exist (Elina - Som om jag inte fanns) (2002),Children|Drama,6804
27674,11:14 (2003),Comedy|Crime|Drama|Mystery|Thriller,6805
27685,Bring It On Again (2004),Comedy,6806
27689,"Crimson Rivers 2: Angels of the Apocalypse (Rivières pourpres II - Les anges de l'apocalypse, Les) (2004)",Action|Crime|Thriller,6807
27699,Iron Jawed Angels (2004),Drama|Romance,6808
27700,Evil (Ondskan) (2003),Drama,6809
27706,Lemony Snicket's A Series of Unfortunate Events (2004),Adventure|Children|Comedy|Fantasy,6810
27713,Bukowski: Born into This (2003),Documentary,6811
27716,"Green Butchers, The (Grønne slagtere, De) (2003)",Comedy|Crime|Drama|Romance,6812
27721,"Very Long Engagement, A (Un long dimanche de fiançailles) (2004)",Drama|Mystery|Romance|War,6813
27722,Last Life in the Universe (Ruang rak noi nid mahasan) (2003),Drama|Romance,6814
27724,Hitler: The Rise of Evil (2003),Drama,6815
27727,Head-On (Gegen die Wand) (2004),Drama|Romance,6816
27728,Ghost in the Shell 2: Innocence (a.k.a. Innocence) (Inosensu) (2004),Action|Animation|Drama|Sci-Fi|Thriller,6817
27729,Kal Ho Naa Ho (2003),Comedy|Drama|Romance,6818
27731,"Cat Returns, The (Neko no ongaeshi) (2002)",Adventure|Animation|Children|Fantasy,6819
27736,Take My Eyes (Te doy mis ojos) (2003),Drama|Romance|Thriller,6820
27738,"Cathedral, The (Katedra) (2002)",Animation,6821
27741,"Twilight Samurai, The (Tasogare Seibei) (2002)",Drama|Romance,6822
27744,"Facing Windows (Finestra di fronte, La) (2003)",Drama|Romance,6823
27746,Ginger Snaps: Unleashed (2004),Horror|Thriller,6824
27751,'Salem's Lot (2004),Drama|Horror|Mystery|Thriller,6825
27754,Foolproof (2003),Action|Comedy|Crime|Thriller,6826
27758,"Easy Riders, Raging Bulls: How the Sex, Drugs and Rock 'N' Roll Generation Saved Hollywood (2003)",Documentary,6827
27760,When the Last Sword is Drawn (Mibu gishi den) (2003),Drama,6828
27764,2LDK (2003),Drama|Horror|Thriller,6829
27768,Intimate Strangers (Confidences trop intimes) (2004),Drama,6830
27772,Ju-on: The Grudge (2002),Horror,6831
27773,Old Boy (2003),Mystery|Thriller,6832
27778,Ginger Snaps Back: The Beginning (2004),Fantasy|Horror,6833
27784,One Missed Call (Chakushin ari) (2003),Horror|Mystery,6834
27788,"Jacket, The (2005)",Drama|Mystery|Sci-Fi|Thriller,6835
27790,Millions (2004),Children|Comedy|Crime|Drama|Fantasy,6836
27792,"Saddest Music in the World, The (2003)",Comedy|Drama|Fantasy|Musical|Romance,6837
27793,Starship Troopers 2: Hero of the Federation (2004),Action|Horror|Sci-Fi|War,6838
27797,"Man Who Copied, The (Homem Que Copiava, O) (2003)",Comedy|Crime|Drama|Romance,6839
27798,Ju-on: The Grudge 2 (2003),Horror,6840
27800,Interstella 5555: The 5tory of the 5ecret 5tar 5ystem (2003),Adventure|Animation|Fantasy|Musical|Sci-Fi,6841
27801,Ong-Bak: The Thai Warrior (Ong Bak) (2003),Action|Thriller,6842
27802,Infernal Affairs 2 (Mou gaan dou II) (2003),Action|Crime|Drama|Thriller,6843
27803,"Sea Inside, The (Mar adentro) (2004)",Drama,6844
27808,Spanglish (2004),Comedy|Drama|Romance,6845
27812,Festival Express (2003),Documentary|Musical,6846
27815,"Chorus, The (Choristes, Les) (2004)",Drama,6847
27816,Saints and Soldiers (2003),Action|Adventure|Drama|War,6848
27820,"Story of the Weeping Camel, The (Geschichte vom weinenden Kamel, Die) (2003)",Documentary|Drama,6849
27821,"Interpreter, The (2005)",Drama|Thriller,6850
27822,Open Water (2003),Drama|Thriller,6851
27826,Touch of Pink (2004),Comedy|Drama|Romance,6852
27828,"Memory of a Killer, The (Zaak Alzheimer, De) (2003)",Action|Crime|Drama|Thriller,6853
27830,"Bobby Jones, Stroke of Genius (2004)",Drama,6854
27831,Layer Cake (2004),Crime|Drama|Thriller,6855
27834,"Return, The (Vozvrashcheniye) (2003)",Drama,6856
27837,Flight of the Phoenix (2004),Action|Adventure,6857
27838,Mean Creek (2004),Drama|Thriller,6858
27839,"Ring Two, The (2005)",Drama|Horror|Mystery|Thriller,6859
27843,Machuca (2004),Drama,6860
27846,"Corporation, The (2003)",Documentary,6861
27850,"Yes Men, The (2003)",Documentary,6862
27851,"Fond Kiss, A (Ae Fond Kiss...) (2004)",Drama|Romance,6863
27856,Bummer (Bumer) (2003),Action|Drama|Thriller,6864
27857,As it is in Heaven (Så som i himmelen) (2004),Drama|Musical|Romance,6865
27865,Azumi (2003),Action|Adventure|Drama|Thriller,6866
27866,In My Father's Den (2004),Drama,6867
27869,Tae Guk Gi: The Brotherhood of War (Taegukgi hwinalrimyeo) (2004),Action|Drama|War,6868
27871,Something the Lord Made (2004),Drama,6869
27873,Metallica: Some Kind of Monster (2004),Documentary,6870
27875,Redemption: The Stan Tookie Williams Story (2004),Crime|Documentary|Drama,6871
27876,Schultze Gets the Blues (2003),Comedy|Drama,6872
27878,Born into Brothels (2004),Documentary,6873
27879,DiG! (2004),Documentary,6874
27882,Riding Giants (2004),Documentary,6875
27884,Word Wars (2004),Comedy|Documentary|Drama,6876
27899,What the #$*! Do We Know!? (a.k.a. What the Bleep Do We Know!?) (2004),Comedy|Documentary|Drama,6877
27904,"Scanner Darkly, A (2006)",Animation|Drama|Mystery|Sci-Fi|Thriller,6878
27905,Casshern (2004),Action|Drama|Fantasy|Sci-Fi,6879
27912,Outfoxed: Rupert Murdoch's War on Journalism (2004),Documentary,6880
27922,Jerry Seinfeld: 'I'm Telling You for the Last Time' (1998),Comedy|Documentary,6881
30701,Chimes at Midnight (Campanadas a medianoche) (1965),Comedy|Drama|War,6882
30707,Million Dollar Baby (2004),Drama,6883
30712,"Narrow Margin, The (1952)",Crime|Drama|Film-Noir,6884
30745,Gozu (Gokudô kyôfu dai-gekijô: Gozu) (2003),Comedy|Crime|Drama|Horror|Mystery,6885
30747,"Goodbye, Dragon Inn (Bu san) (2003)",Comedy|Drama,6886
30749,Hotel Rwanda (2004),Drama|War,6887
30783,Blood and Black Lace (Sei donne per l'assassino) (1964),Horror|Thriller,6888
30793,Charlie and the Chocolate Factory (2005),Adventure|Children|Comedy|Fantasy|IMAX,6889
30803,3-Iron (Bin-jip) (2004),Drama|Romance,6890
30810,"Life Aquatic with Steve Zissou, The (2004)",Adventure|Comedy|Fantasy,6891
30812,"Aviator, The (2004)",Drama,6892
30816,"Phantom of the Opera, The (2004)",Drama|Musical|Romance,6893
30818,Beyond the Sea (2004),Drama|Musical,6894
30820,"Woodsman, The (2004)",Drama,6895
30822,In Good Company (2004),Comedy|Drama,6896
30825,Meet the Fockers (2004),Comedy,6897
30846,"Assassination of Richard Nixon, The (2004)",Crime|Drama|Thriller,6898
30848,"Love Song for Bobby Long, A (2004)",Drama,6899
30850,"Merchant of Venice, The (2004)",Drama,6900
30856,Rebels of the Neon God (Qing shao nian nuo zha) (1992),Drama,6901
30867,Kamikaze Girls (Shimotsuma monogatari) (2004),Comedy,6902
30883,Fat Albert (2004),Comedy|Fantasy,6903
30892,In the Realms of the Unreal (2004),Animation|Documentary,6904
30894,White Noise (2005),Drama|Horror|Mystery|Sci-Fi|Thriller,6905
30898,"Upside of Anger, The (2005)",Comedy|Drama|Romance,6906
30949,"Grateful Dead Movie, The (1977)",Documentary|Musical,6907
30991,Powwow Highway (1989),Drama,6908
30996,Little Miss Marker (1934),Comedy|Drama,6909
31026,"Phantom of the Opera, The (1989)",Drama|Horror|Musical,6910
31030,I Remember Mama (1948),Children|Drama,6911
31032,"Last Horror Movie, The (2003)",Horror|Thriller,6912
31035,Testament (1983),Drama,6913
31042,Hell's Angels (1930),Drama|War,6914
31086,Battles Without Honor & Humanity (Jingi naki tatakai) (1973),Crime|Drama,6915
31101,Stander (2003),Action|Crime|Drama,6916
31104,Hester Street (1975),Drama,6917
31107,Mikey and Nicky (1976),Drama,6918
31114,Imaginary Heroes (2004),Comedy|Drama,6919
31116,Sergeant York (1941),Drama|War,6920
31123,Ruby & Quentin (Tais-toi!) (2003),Comedy|Crime,6921
31148,Day of the Wacko (Dzien swira) (2002),Comedy|Drama,6922
31150,Wizards (1977),Animation|Fantasy|Sci-Fi|War,6923
31156,Abbott and Costello Meet the Invisible Man (1951),Comedy|Sci-Fi,6924
31162,"Life and Death of Peter Sellers, The (2004)",Comedy|Drama,6925
31184,Appleseed (Appurushîdo) (2004),Action|Animation|Fantasy|Sci-Fi,6926
31188,"Milky Way, The (Voie lactée, La) (1969)",Comedy|Drama,6927
31193,"Many Adventures of Winnie the Pooh, The (1977)",Animation|Children|Musical,6928
31221,Elektra (2005),Action|Adventure|Crime|Drama,6929
31223,Racing Stripes (2005),Children|Comedy,6930
31225,Coach Carter (2005),Drama,6931
31251,Iceman (1984),Drama|Sci-Fi,6932
31255,Ice Station Zebra (1968),Action|Thriller,6933
31260,Boys Town (1938),Drama,6934
31263,Torremolinos 73 (2003),Comedy|Drama,6935
31270,Shivers (They Came from Within) (1975),Drama|Horror|Sci-Fi,6936
31309,Rocco and His Brothers (Rocco e i suoi fratelli) (1960),Crime|Drama,6937
31347,Christmas in July (1940),Comedy|Romance,6938
31349,I Married a Witch (1942),Comedy|Fantasy|Romance,6939
31359,Moolaadé (2004),Drama,6940
31364,Memories of Murder (Salinui chueok) (2003),Crime|Drama|Mystery|Thriller,6941
31367,"Chase, The (1994)",Action|Adventure|Comedy|Crime|Romance|Thriller,6942
31374,Hobson's Choice (1954),Comedy|Drama|Romance,6943
31408,Summer Storm (Sommersturm) (2004),Drama|Romance,6944
31410,"Downfall (Untergang, Der) (2004)",Drama|War,6945
31420,Assault on Precinct 13 (2005),Action|Crime|Drama|Thriller,6946
31422,Are We There Yet? (2005),Children|Comedy,6947
31427,Hide and Seek (2005),Horror|Mystery|Thriller,6948
31429,Aliens of the Deep (2005),Documentary|IMAX,6949
31431,Boogeyman (2005),Drama|Horror|Mystery|Thriller,6950
31433,"Wedding Date, The (2005)",Comedy|Romance,6951
31435,Rory O'Shea Was Here (Inside I'm Dancing) (2004),Drama,6952
31437,Nobody Knows (Dare mo shiranai) (2004),Drama,6953
31445,Employee of the Month (2004),Comedy|Drama,6954
31467,"Great White Hope, The (1970)",Action|Drama,6955
31485,"Professionals, The (1966)",Western,6956
31502,Salem's Lot (1979),Drama|Horror|Mystery|Thriller,6957
31522,"Marriage of Maria Braun, The (Ehe der Maria Braun, Die) (1979)",Drama,6958
31524,"Bitter Tears of Petra von Kant, The (bitteren Tränen der Petra von Kant, Die) (1972)",Drama,6959
31528,Beau Geste (1939),Action|Adventure|Drama|War,6960
31539,Overnight (2003),Documentary,6961
31545,"Trou, Le (Hole, The) (Night Watch, The) (1960)",Crime|Film-Noir,6962
31547,Lessons of Darkness (Lektionen in Finsternis) (1992),Documentary|War,6963
31588,Casque d'or (1952),Crime|Drama|Romance,6964
31590,Hands Off the Loot (Touchez pas au grisbi) (1954),Crime|Drama|Thriller,6965
31617,El Cid (1961),Action|Adventure|Drama|Romance|War,6966
31628,"Taxing Woman, A (Marusa no onna) (1987)",Comedy,6967
31658,Howl's Moving Castle (Hauru no ugoku shiro) (2004),Adventure|Animation|Fantasy|Romance,6968
31660,Steamboy (Suchîmubôi) (2004),Action|Animation|Drama|Sci-Fi,6969
31685,Hitch (2005),Comedy|Romance,6970
31687,Pooh's Heffalump Movie (2005),Animation|Children,6971
31689,Inside Deep Throat (2005),Documentary,6972
31694,Bride & Prejudice (2004),Comedy|Musical|Romance,6973
31696,Constantine (2005),Action|Fantasy|Horror|Thriller,6974
31700,Because of Winn-Dixie (2005),Children|Comedy|Drama,6975
31702,Turtles Can Fly (Lakposhtha hâm parvaz mikonand) (2004),Drama|War,6976
31705,Beautiful Boxer (2003),Action|Drama,6977
31737,Bunny Lake Is Missing (1965),Mystery|Thriller,6978
31770,Night and the City (1950),Film-Noir|Thriller,6979
31785,Frozen Land (Paha maa) (2005),Drama,6980
31804,Night Watch (Nochnoy dozor) (2004),Action|Fantasy|Horror|Mystery|Sci-Fi|Thriller,6981
31807,Dot the I (2003),Drama|Film-Noir|Thriller,6982
31851,Sons of the Desert (1933),Comedy,6983
31854,Morocco (1930),Drama|Romance,6984
31867,Man of the House (2005),Action|Comedy,6985
31878,Kung Fu Hustle (Gong fu) (2004),Action|Comedy,6986
31889,"Five People You Meet in Heaven, The (2004)",Drama|Fantasy,6987
31894,"ChubbChubbs!, The (2002)",Animation|Comedy|Sci-Fi,6988
31903,Zelary (2003),Drama|Romance,6989
31921,"Seven-Per-Cent Solution, The (1976)",Adventure|Comedy|Crime|Drama|Mystery|Thriller,6990
31923,"Three Musketeers, The (1973)",Action|Adventure|Comedy,6991
31930,Masculin Féminin (1966),Drama,6992
31934,"Four Feathers, The (1939)",Adventure|War,6993
31948,"Phone Box, The (Cabina, La) (1972)",Comedy|Drama|Mystery|Thriller,6994
31950,Curse of the Demon (Night of the Demon) (1957),Fantasy|Horror|Mystery,6995
31952,Control (Kontroll) (2003),Comedy|Crime|Drama|Mystery,6996
31956,5x2 (2004),Drama|Romance,6997
31963,Bed & Board (Domicile conjugal) (1970),Comedy|Drama,6998
31973,Germany Year Zero (Germania anno zero) (Deutschland im Jahre Null) (1948),Drama|War,6999
31991,Love Me Tonight (1932),Comedy|Musical,7000
32009,Tyler Perry's Diary of a Mad Black Woman (2005),Comedy|Drama|Romance,7001
32011,Cursed (2005),Horror|Thriller,7002
32017,"Pacifier, The (2005)",Action|Comedy,7003
32019,Be Cool (2005),Comedy|Crime|Musical,7004
32022,Gunner Palace (2004),Documentary|War,7005
32025,Walk on Water (2004),Drama|Thriller,7006
32029,Hostage (2005),Action|Crime|Drama|Thriller,7007
32031,Robots (2005),Adventure|Animation|Children|Comedy|Fantasy|Sci-Fi|IMAX,7008
32058,Class Action (1991),Drama,7009
32078,Godzilla vs. Mechagodzilla II (Gojira VS Mekagojira) (1993),Action|Drama|Sci-Fi,7010
32139,"Agony and the Ecstasy, The (1965)",Drama,7011
32160,Twentieth Century (1934),Comedy,7012
32162,My Sister Eileen (1955),Comedy|Musical|Romance,7013
32170,Chronicles (Crónicas) (2004),Crime|Drama,7014
32179,Elevator to the Gallows (a.k.a. Frantic) (Ascenseur pour l'échafaud) (1958),Crime|Drama|Thriller,7015
32196,"Violent Cop (Sono otoko, kyôbô ni tsuki) (1989)",Action|Crime|Drama|Thriller,7016
32203,Brian's Song (1971),Drama,7017
32211,Thriller: A Cruel Picture (Thriller - en grym film) (1974),Action|Crime|Drama|Thriller,7018
32213,Cube Zero (2004),Horror|Mystery|Sci-Fi|Thriller,7019
32234,Julia (1977),Drama,7020
32239,Save the Green Planet! (Jigureul jikyeora!) (2003),Comedy|Drama|Horror|Sci-Fi|Thriller,7021
32261,Thirty Seconds Over Tokyo (1944),Drama|War,7022
32280,The 3 Penny Opera (1931),Comedy|Drama|Musical,7023
32289,Ice Princess (2005),Children|Comedy|Drama,7024
32291,Melinda and Melinda (2004),Comedy|Drama,7025
32296,Miss Congeniality 2: Armed and Fabulous (2005),Adventure|Comedy|Crime,7026
32298,Guess Who (2005),Comedy|Romance,7027
32300,D.E.B.S. (2004),Action|Comedy,7028
32302,"League of Ordinary Gentlemen, A (2004)",Documentary,7029
32316,"River, The (1951)",Drama|Romance,7030
32349,Stella Dallas (1937),Drama,7031
32352,"Thief and the Cobbler, The (a.k.a. Arabian Knight) (1995)",Adventure|Animation|Comedy|Fantasy,7032
32369,Panic in the Streets (1950),Crime|Drama|Film-Noir|Thriller,7033
32371,Call Northside 777 (1948),Crime|Drama|Film-Noir,7034
32381,Bells Are Ringing (1960),Comedy|Musical|Romance,7035
32387,"Sword of Doom, The (Dai-bosatsu tôge) (1966)",Action|Drama,7036
32392,800 Bullets (800 Balas) (2002),Comedy|Crime|Drama|Western,7037
32452,My Neighbors the Yamadas (Hôhokekyo tonari no Yamada-kun) (1999),Animation|Comedy,7038
32460,Knockin' on Heaven's Door (1997),Action|Comedy|Crime|Drama,7039
32464,City of Hope (1991),Drama,7040
32469,We're No Angels (1955),Comedy|Crime|Drama,7041
32493,End of the Century: The Story of the Ramones (2003),Documentary|Musical,7042
32497,Love Letter (1995) ,Drama|Romance,7043
32509,This Sporting Life (1963),Drama,7044
32511,"Touch of Zen, A (Xia nu) (1971)",Action|Adventure,7045
32525,The Earrings of Madame de... (1953),Drama|Romance,7046
32562,Harvie Krumpet (2003),Animation|Comedy|Drama,7047
32582,"Wild Parrots of Telegraph Hill, The (2003)",Documentary,7048
32584,"Ballad of Jack and Rose, The (2005)",Drama,7049
32587,Sin City (2005),Action|Crime|Film-Noir|Mystery|Thriller,7050
32589,Beauty Shop (2005),Comedy,7051
32591,Look at Me (Comme une image) (2004),Comedy|Drama|Romance,7052
32596,Sahara (2005),Action|Adventure|Comedy,7053
32598,Fever Pitch (2005),Comedy|Romance,7054
32632,Electra Glide in Blue (1973),Action|Crime,7055
32649,"Special Day, A (Giornata particolare, Una) (1977)",Drama|War,7056
32657,"Man Who Planted Trees, The (Homme qui plantait des arbres, L') (1987)",Animation|Drama,7057
32707,Blue (1993),Drama,7058
32721,Battle of the Bulge (1965),Action|Drama|War,7059
32728,"Little Girl Who Lives Down the Lane, The (1976)",Drama|Mystery|Thriller,7060
32735,Arabian Nights (Il fiore delle mille e una notte) (1974),Comedy|Drama|Fantasy,7061
32743,Ringu 0: Bâsudei (2000),Drama|Horror|Thriller,7062
32770,Brothers (Brødre) (2004),Drama,7063
32792,"Red Desert (Deserto rosso, Il) (1964)",Drama,7064
32825,Sexmission (Seksmisja) (1984),Adventure|Comedy|Sci-Fi,7065
32834,Macbeth (1948),Drama,7066
32840,Vincent (1982),Animation,7067
32844,Waterloo Bridge (1940),Drama|Romance|War,7068
32853,"Sorrow and the Pity, The (Le chagrin et la pitié) (1969)",Documentary|War,7069
32875,Holiday (Jour de fête) (1949),Comedy,7070
32892,Ivan's Childhood (a.k.a. My Name is Ivan) (Ivanovo detstvo) (1962),Drama|War,7071
32898,"Trip to the Moon, A (Voyage dans la lune, Le) (1902)",Action|Adventure|Fantasy|Sci-Fi,7072
32906,"Ascent, The (Voskhozhdeniye) (1977)",Drama|War,7073
32914,Carrie (2002),Drama|Horror|Thriller,7074
32943,Life Is Sweet (1990),Comedy|Drama,7075
32988,Clean (2004),Drama,7076
33004,"Hitchhiker's Guide to the Galaxy, The (2005)",Adventure|Comedy|Sci-Fi,7077
33019,Barefoot (Barfuss) (2005),Comedy|Drama|Romance,7078
33036,"Eiger Sanction, The (1975)",Action|Adventure|Drama|Thriller,7079
33072,F for Fake (Vérités et mensonges) (1973),Documentary|Mystery,7080
33081,Love Comes Softly (2003),Drama|Romance|Western,7081
33085,"Amityville Horror, The (2005)",Horror|Thriller,7082
33119,Miracle in Milan (Miracolo a Milano) (1951),Comedy|Drama|Fantasy,7083
33124,Before the Fall (NaPolA - Elite für den Führer) (2004),Drama|War,7084
33126,"Frisco Kid, The (1979)",Comedy|Western,7085
33136,House of D (2004),Drama,7086
33138,Palindromes (2004),Adventure|Comedy|Drama,7087
33145,"Lot Like Love, A (2005)",Comedy|Drama|Romance,7088
33154,Enron: The Smartest Guys in the Room (2005),Documentary,7089
33158,xXx: State of the Union (2005),Action|Crime|Thriller,7090
33162,Kingdom of Heaven (2005),Action|Drama|Romance|War,7091
33164,House of Wax (2005),Horror|Thriller,7092
33166,Crash (2004),Crime|Drama,7093
33171,Mysterious Skin (2004),Drama|Mystery,7094
33237,San Francisco (1936),Drama|Musical|Romance,7095
33264,Satan's Tango (Sátántangó) (1994),Drama,7096
33270,"Taste of Tea, The (Cha no aji) (2004)",Comedy|Drama,7097
33288,Kes (1969),Drama,7098
33294,Vampire Hunter D (1985),Animation|Fantasy|Horror,7099
33312,"Cocoanuts, The (1929)",Comedy|Musical,7100
33340,Kids Return (Kizzu ritân) (1996),Drama,7101
33358,Off the Map (2003),Comedy|Drama,7102
33410,Crackerjack (2002),Comedy,7103
33421,Dear Wendy (2005),Drama,7104
33435,Los Angeles Plays Itself (2003),Documentary,7105
33437,Unleashed (Danny the Dog) (2005),Action|Crime|Drama|Thriller,7106
33451,"Ugly, Dirty and Bad (Brutti sporchi e cattivi) (1976)",Comedy|Drama,7107
33454,Léolo (1992),Comedy|Drama,7108
33463,DuckTales: The Movie - Treasure of the Lost Lamp (1990),Adventure|Animation|Children|Comedy|Fantasy,7109
33487,Samaritan Girl (Samaria) (2004),Drama,7110
33493,Star Wars: Episode III - Revenge of the Sith (2005),Action|Adventure|Sci-Fi,7111
33495,Kicking & Screaming (2005),Comedy,7112
33499,Monster-in-Law (2005),Comedy|Romance,7113
33539,Deep Blue (2003),Documentary,7114
33558,"Snow Walker, The (2003)",Adventure|Drama,7115
33564,Divorce - Italian Style (Divorzio all'italiana) (1961),Comedy,7116
33585,9 Songs (2004),Drama|Romance,7117
33587,"Uninvited, The (1944)",Horror|Mystery|Romance,7118
33592,Bad Guy (Nabbeun namja) (2001),Drama,7119
33603,Simon (2004),Comedy|Drama,7120
33615,Madagascar (2005),Adventure|Animation|Children|Comedy,7121
33621,Somersault (2004),Drama,7122
33639,Mad Hot Ballroom (2005),Children|Documentary,7123
33646,"Longest Yard, The (2005)",Comedy|Drama,7124
33649,Saving Face (2004),Comedy|Drama|Romance,7125
33660,Cinderella Man (2005),Drama|Romance,7126
33669,"Sisterhood of the Traveling Pants, The (2005)",Adventure|Comedy|Drama,7127
33672,Lords of Dogtown (2005),Action|Comedy|Drama,7128
33675,After You (Après vous...) (2003),Comedy|Romance,7129
33677,Rock School (2005),Documentary,7130
33679,Mr. & Mrs. Smith (2005),Action|Adventure|Comedy|Romance,7131
33681,"Adventures of Sharkboy and Lavagirl 3-D, The (2005)",Action|Adventure|Children|Fantasy,7132
33683,High Tension (Haute tension) (Switchblade Romance) (2003),Horror|Thriller,7133
33709,Toto le héros (1991),Drama,7134
33722,Ladies in Lavender (2004),Comedy|Drama|Romance,7135
33725,It's All Gone Pete Tong (2004),Comedy|Drama|Musical,7136
33750,Innocent Voices (Voces inocentes) (2004),Drama|War,7137
33779,Eddie Izzard: Dress to Kill (1999),Comedy,7138
33781,Quo Vadis (1951),Drama|Romance,7139
33794,Batman Begins (2005),Action|Crime|IMAX,7140
33815,"Perfect Man, The (2005)",Comedy|Drama|Romance,7141
33817,My Summer of Love (2004),Drama|Romance,7142
33819,Heights (2004),Drama,7143
33826,Saint Ralph (2004),Comedy|Drama,7144
33830,Herbie: Fully Loaded (2005),Adventure|Comedy|Romance,7145
33832,Yes (2004),Drama,7146
33834,Land of the Dead (2005),Action|Horror|Thriller,7147
33836,Bewitched (2005),Comedy|Fantasy|Romance,7148
33838,Rize (2005),Documentary,7149
33861,Danger: Diabolik (Diabolik) (1968),Action|Crime|Thriller,7150
33880,Me and You and Everyone We Know (2005),Comedy|Drama,7151
33893,"Perfect Crime, The (Crimen Ferpecto) (Ferpect Crime) (2004)",Comedy|Crime|Thriller,7152
33896,3 Extremes (Three... Extremes) (Saam gaang yi) (2004),Horror,7153
33903,"Edukators, The (Die Fetten Jahre sind vorbei) (2004)",Comedy|Crime|Drama|Romance,7154
33905,Somebody Up There Likes Me (1956),Action|Crime|Drama,7155
33912,"Unmarried Woman, An (1978)",Comedy|Drama|Romance,7156
34002,Room Service (1938),Comedy,7157
34018,At the Circus (1939),Comedy|Musical,7158
34048,War of the Worlds (2005),Action|Adventure|Sci-Fi|Thriller,7159
34051,My Brilliant Career (1979),Drama|Romance,7160
34063,Gambit (1966),Comedy|Crime,7161
34072,"March of the Penguins (Marche de l'empereur, La) (2005)",Documentary,7162
34111,"God Who Wasn't There, The (2005)",Documentary,7163
34143,Dark Water (2005),Drama|Horror|Thriller,7164
34148,"Beat That My Heart Skipped, The (battre mon coeur s'est arrêté, De) (2005)",Drama,7165
34150,Fantastic Four (2005),Action|Adventure|Sci-Fi,7166
34153,Murderball (2005),Documentary,7167
34155,Saraband (2003),Drama,7168
34162,Wedding Crashers (2005),Comedy|Romance,7169
34164,Happy Endings (2005),Comedy|Drama,7170
34198,Russian Dolls (Les poupées russes) (2005),Comedy|Romance,7171
34238,Symmetry (Symetria) (2003),Crime|Drama,7172
34246,Family Resemblances (Un air de famille) (1996),Comedy,7173
34271,Hustle & Flow (2005),Crime|Drama,7174
34292,Hardware (1990),Action|Horror|Sci-Fi,7175
34314,Funny Ha Ha (2002),Comedy|Drama,7176
34319,"Island, The (2005)",Action|Sci-Fi|Thriller,7177
34321,Bad News Bears (2005),Children|Comedy,7178
34323,"Devil's Rejects, The (2005)",Action|Crime|Horror,7179
34326,Last Days (2005),Drama,7180
34332,Sky High (2005),Action|Adventure|Children|Comedy,7181
34334,Stealth (2005),Action|Adventure|Sci-Fi|Thriller,7182
34336,Must Love Dogs (2005),Comedy|Romance,7183
34338,"Aristocrats, The (2005)",Comedy|Documentary,7184
34359,Georgy Girl (1966),Comedy,7185
34375,"Touch of Spice, A (Politiki kouzina) (2003)",Comedy|Drama,7186
34405,Serenity (2005),Action|Adventure|Sci-Fi,7187
34411,End of Suburbia: Oil Depletion and the Collapse of the American Dream (2004),Documentary,7188
34435,Sholay (1975),Action|Adventure|Comedy|Musical|Romance|Thriller,7189
34437,Broken Flowers (2005),Comedy|Drama,7190
34469,Baby Face (1933),Drama,7191
34482,"Browning Version, The (1951)",Drama,7192
34499,"Heart Is Deceitful Above All Things, The (2004)",Drama,7193
34520,"Dukes of Hazzard, The (2005)",Action|Adventure|Comedy,7194
34523,The Chumscrubber (2005),Comedy|Drama,7195
34528,Junebug (2005),Comedy|Drama,7196
34530,Deuce Bigalow: European Gigolo (2005),Comedy,7197
34532,"Skeleton Key, The (2005)",Drama|Horror|Mystery|Thriller,7198
34534,Four Brothers (2005),Action|Crime|Drama,7199
34536,The Great Raid (2005),Action|Drama|War,7200
34540,Pretty Persuasion (2005),Comedy|Drama,7201
34542,Grizzly Man (2005),Documentary,7202
34548,"Tree of Wooden Clogs, The (L'albero degli zoccoli) (1978)",Drama,7203
34552,"Girl in the Café, The (2005)",Drama|Romance,7204
34579,"24th Day, The (2004)",Drama|Thriller,7205
34696,Dirty Money (Un flic) (1972),Crime|Drama,7206
34811,Pusher II: With Blood on My Hands (2004),Action|Crime|Drama|Thriller,7207
35015,Duma (2005),Adventure|Drama,7208
35347,Animal Farm (1954),Animation|Drama,7209
35636,Teen Witch (1989),Comedy,7210
35836,"40-Year-Old Virgin, The (2005)",Comedy|Romance,7211
35957,Red Eye (2005),Horror|Thriller,7212
36056,Man of the West (1958),Western,7213
36083,Main Hoon Na (2004),Action|Comedy|Drama,7214
36086,Dilwale Dulhania Le Jayenge (1995),Comedy|Musical|Romance,7215
36276,Hidden (a.k.a. Cache) (Caché) (2005),Drama|Mystery|Thriller,7216
36289,Asterix & Obelix vs. Caesar (Astérix et Obélix contre César) (1999),Adventure|Children|Comedy|Fantasy,7217
36363,Kin-Dza-Dza! (1986),Comedy|Drama|Sci-Fi,7218
36397,Valiant (2005),Adventure|Animation|Children|Comedy|Fantasy|War,7219
36401,"Brothers Grimm, The (2005)",Comedy|Fantasy|Horror|Thriller,7220
36477,"Baxter, The (2005)",Comedy|Drama|Romance,7221
36509,"Cave, The (2005)",Action|Adventure|Horror|Mystery|Sci-Fi|Thriller,7222
36513,Dirty Deeds (2005),Comedy,7223
36517,"Constant Gardener, The (2005)",Drama|Thriller,7224
36519,Transporter 2 (2005),Action|Crime|Thriller,7225
36525,Just Like Heaven (2005),Comedy|Fantasy|Romance,7226
36527,Proof (2005),Drama,7227
36529,Lord of War (2005),Action|Crime|Drama|Thriller|War,7228
36533,Cry_Wolf (a.k.a. Cry Wolf) (2005),Drama|Horror|Mystery|Thriller,7229
36535,Everything Is Illuminated (2005),Comedy|Drama,7230
36537,Thumbsucker (2005),Comedy|Drama,7231
36850,Police Story 2 (Ging chaat goo si juk jaap) (1988),Action|Comedy|Crime|Thriller,7232
36883,"Jour se lève, Le (Daybreak) (1939)",Crime|Drama|Romance|Thriller,7233
37211,Go West (1940),Comedy|Musical|Western,7234
37240,Why We Fight (2005),Documentary,7235
37287,Gertrud (1964),Drama,7236
37380,Doom (2005),Action|Horror|Sci-Fi,7237
37382,Domino (2005),Crime|Drama|Thriller,7238
37384,Waiting... (2005),Comedy,7239
37386,Aeon Flux (2005),Action|Sci-Fi,7240
37475,"Unfinished Life, An (2005)",Drama,7241
37477,"Man, The (2005)",Action|Comedy|Crime,7242
37495,Survive Style 5+ (2004),Fantasy|Mystery|Romance|Thriller,7243
37545,Woyzeck (1979),Drama,7244
37626,It's a Gift (1934),Comedy,7245
37720,"Exorcism of Emily Rose, The (2005)",Crime|Drama|Horror|Thriller,7246
37727,Flightplan (2005),Action|Drama|Thriller,7247
37729,Corpse Bride (2005),Animation|Comedy|Fantasy|Musical|Romance,7248
37731,Green Street Hooligans (a.k.a. Hooligans) (2005),Crime|Drama,7249
37733,"History of Violence, A (2005)",Action|Crime|Drama|Thriller,7250
37736,Oliver Twist (2005),Drama,7251
37739,"Greatest Game Ever Played, The (2005)",Drama,7252
37741,Capote (2005),Crime|Drama,7253
37830,Final Fantasy VII: Advent Children (2004),Action|Adventure|Animation|Fantasy|Sci-Fi,7254
37853,Into the Blue (2005),Action|Adventure|Crime|Thriller,7255
37855,"Prize Winner of Defiance Ohio, The (2005)",Drama,7256
37857,MirrorMask (2005),Adventure|Children|Drama|Fantasy,7257
37955,Innocence (2004),Drama|Fantasy|Mystery,7258
38038,Wallace & Gromit in The Curse of the Were-Rabbit (2005),Adventure|Animation|Children|Comedy,7259
38061,Kiss Kiss Bang Bang (2005),Comedy|Crime|Mystery|Thriller,7260
38095,"Bittersweet Life, A (Dalkomhan insaeng) (2005)",Action|Crime|Drama,7261
38097,Dumplings (Gaau ji) (2004),Drama|Horror|Thriller,7262
38159,"Short Film About Love, A (Krótki film o milosci) (1988)",Drama|Romance,7263
38188,Bubble (2006),Crime|Drama|Mystery,7264
38198,Darwin's Nightmare (2004),Documentary,7265
38294,Beowulf & Grendel (2005),Action|Adventure|Drama|Fantasy,7266
38304,No Direction Home: Bob Dylan (2005),Documentary,7267
38320,Valerie and Her Week of Wonders (Valerie a týden divu) (1970),Adventure|Drama|Fantasy,7268
38384,Hail the Conquering Hero (1944),Comedy,7269
38388,Goal! The Dream Begins (Goal!) (2005),Drama,7270
38538,Speak (2004),Drama,7271
38600,Factotum (2005),Drama,7272
38701,Don't Come Knocking (2005),Drama|Western,7273
38798,In Her Shoes (2005),Comedy|Drama,7274
38881,Punishment Park (1971),Drama|Thriller,7275
38886,"Squid and the Whale, The (2005)",Comedy|Drama,7276
38992,Two for the Money (2005),Drama,7277
38994,Separate Lies (2005),Drama|Romance|Thriller,7278
39183,Brokeback Mountain (2005),Drama|Romance,7279
39231,Elizabethtown (2005),Comedy|Drama|Romance,7280
39234,North Country (2005),Drama,7281
39292,"Good Night, and Good Luck. (2005)",Crime|Drama,7282
39307,Dreamer: Inspired by a True Story (2005),Children|Drama,7283
39369,Detective Story (1951),Crime|Drama|Film-Noir,7284
39381,"Proposition, The (2005)",Crime|Drama|Western,7285
39398,C.S.A.: The Confederate States of America (2004),Comedy|Drama,7286
39400,"Fog, The (2005)",Action|Horror|Mystery|Thriller,7287
39414,Shopgirl (2005),Comedy|Drama|Romance,7288
39419,Where the Truth Lies (2005),Drama|Thriller,7289
39427,Stay (2005),Thriller,7290
39435,"Legend of Zorro, The (2005)",Action|Adventure|Drama|Western,7291
39441,New York Doll (2005),Documentary,7292
39444,"Weather Man, The (2005)",Comedy|Drama,7293
39446,Saw II (2005),Horror|Thriller,7294
39449,Prime (2005),Comedy|Drama|Romance,7295
39659,Teorema (1968),Drama,7296
39703,Little Fish (2005),Crime|Drama|Romance|Thriller,7297
39768,Life is a Miracle (Zivot je cudo) (2004),Comedy|Drama|Musical|Romance|War,7298
39869,Manderlay (2005),Drama,7299
39886,Nine Lives (2005),Drama,7300
40010,Duck Season (Temporada de patos) (2004),Comedy,7301
40033,"Adventures of Prince Achmed, The (Abenteuer des Prinzen Achmed, Die) (1926)",Adventure|Animation|Fantasy|Romance,7302
40148,Revolver (2005),Crime|Drama|Thriller,7303
40226,Wild Zero (2000),Action|Comedy|Horror|Romance|Sci-Fi,7304
40278,Jarhead (2005),Action|Drama|War,7305
40337,Holy Guests (Ha-Ushpizin) (2004),Drama,7306
40339,Chicken Little (2005),Action|Adventure|Animation|Children|Comedy|Sci-Fi,7307
40412,Dead Man's Shoes (2004),Crime|Thriller,7308
40414,Joyeux Noël (Merry Christmas) (2005),Drama|War,7309
40491,"Match Factory Girl, The (Tulitikkutehtaan tyttö) (1990)",Comedy|Drama,7310
40574,Get Rich or Die Tryin' (2005),Action|Crime|Drama,7311
40581,Just Friends (2005),Comedy|Romance,7312
40583,Syriana (2005),Drama|Thriller,7313
40586,Calamari Union (1985),Comedy,7314
40591,"Bohemian Life, The (La vie de bohème) (1992)",Comedy|Drama,7315
40614,Derailed (2005),Drama|Thriller,7316
40617,Creep (2004),Horror|Thriller,7317
40629,Pride & Prejudice (2005),Drama|Romance,7318
40723,Wolf Creek (2005),Crime|Horror|Thriller,7319
40732,"Descent, The (2005)",Adventure|Drama|Horror|Thriller,7320
40738,Summer Interlude (Sommarlek) (1951),Drama|Romance,7321
40815,Harry Potter and the Goblet of Fire (2005),Adventure|Fantasy|Thriller|IMAX,7322
40819,Walk the Line (2005),Drama|Musical|Romance,7323
40826,Rent (2005),Drama|Musical|Romance,7324
40851,Zathura (2005),Action|Adventure|Children|Fantasy,7325
40870,C.R.A.Z.Y. (2005),Drama,7326
40887,Lonesome Jim (2005),Drama|Romance,7327
40946,Sarah Silverman: Jesus Is Magic (2005),Comedy|Musical,7328
40952,Bee Season (2005),Drama,7329
40955,Breakfast on Pluto (2005),Comedy|Drama,7330
40959,"Ice Harvest, The (2005)",Action|Comedy|Crime|Thriller,7331
40962,"Yours, Mine and Ours (2005)",Comedy|Romance,7332
40966,"Libertine, The (2004)",Drama,7333
40973,"Wild Geese, The (1978)",Action|Adventure|Drama|War,7334
40988,Hondo (1953),Western,7335
41014,"Bird with the Crystal Plumage, The (Uccello dalle piume di cristallo, L') (1970)",Crime|Horror|Mystery|Thriller,7336
41025,"Good Woman, A (2004)",Comedy|Drama|Romance,7337
41136,"Driver, The (1978)",Action|Crime|Film-Noir,7338
41226,Sounder (1972),Drama,7339
41285,Match Point (2005),Crime|Drama|Romance,7340
41336,Nazarin (Nazarín) (1959),Drama,7341
41411,"Deep, The (1977)",Adventure|Horror|Mystery|Thriller,7342
41527,Paradise Now (2005),Crime|Drama|Thriller|War,7343
41566,"Chronicles of Narnia: The Lion, the Witch and the Wardrobe, The (2005)",Adventure|Children|Fantasy,7344
41569,King Kong (2005),Action|Adventure|Drama|Fantasy|Thriller,7345
41571,Memoirs of a Geisha (2005),Drama|Romance,7346
41573,"Family Stone, The (2005)",Comedy|Drama|Romance,7347
41575,"Promise, The (Wu ji) (2005)",Action|Drama|Fantasy,7348
41585,Kiss of Death (1947),Crime|Drama|Film-Noir,7349
41617,Havoc (2005),Crime|Drama|Romance,7350
41627,Samurai Rebellion (Jôi-uchi: Hairyô tsuma shimatsu) (1967),Action|Drama,7351
41699,"Ivan the Terrible, Part Two (Ivan Groznyy II: Boyarsky zagovor) (1958)",Drama,7352
41712,"Room for Romeo Brass, A (1999)",Comedy|Drama,7353
41716,"Matador, The (2005)",Comedy|Drama|Thriller,7354
41721,Look Both Ways (2005),Drama|Romance,7355
41724,Wal-Mart: The High Cost of Low Price (2005),Documentary,7356
41769,Mozart and the Whale (2005),Comedy|Drama|Romance,7357
41815,"Scene at the Sea, A (Ano natsu, ichiban shizukana umi) (1991)",Comedy|Romance,7358
41828,Don't Look Now: We're Being Shot At (La grande vadrouille) (1966),Comedy|War,7359
41831,They Died with Their Boots On (1941),Drama|Romance|War|Western,7360
41863,"Three Burials of Melquiades Estrada, The (2006)",Adventure|Crime|Drama,7361
41941,"Aura, The (Aura, El) (2005)",Crime|Drama|Thriller,7362
41997,Munich (2005),Action|Crime|Drama|Thriller,7363
42002,"Producers, The (2005)",Comedy|Musical,7364
42004,Transamerica (2005),Adventure|Comedy|Drama,7365
42007,Rumor Has It... (2005),Comedy|Drama|Romance,7366
42009,Cheaper by the Dozen 2 (2005),Adventure|Comedy,7367
42011,Fun with Dick and Jane (2005),Comedy|Crime,7368
42013,"Ringer, The (2005)",Comedy,7369
42015,Casanova (2005),Action|Adventure|Comedy|Drama|Romance,7370
42018,Mrs. Henderson Presents (2005),Comedy|Drama,7371
42021,"White Countess, The (2005)",Drama,7372
42094,"Spirit of the Beehive, The (Espíritu de la colmena, El) (1973)",Drama|Horror|Mystery,7373
42163,Richard Pryor: Live in Concert (1979),Comedy|Documentary,7374
42197,Keeping Mum (2005),Comedy|Crime,7375
42213,"Goodnight, Mister Tom (1999)",Drama,7376
42217,Late Spring (Banshun) (1949),Drama,7377
42385,Yamakasi - Les samouraïs des temps modernes (2001),Action|Crime|Drama,7378
42418,"New World, The (2005)",Adventure|Drama|Romance,7379
42518,Christmas in Connecticut (1945),Comedy|Romance,7380
42556,7 Faces of Dr. Lao (1964),Fantasy|Mystery|Western,7381
42584,We All Loved Each Other So Much (C'eravamo tanto amati) (1974),Comedy|Drama,7382
42632,Lady Vengeance (Sympathy for Lady Vengeance) (Chinjeolhan geumjassi) (2005),Crime|Drama|Mystery|Thriller,7383
42634,Boys Don't Cry (Chlopaki nie placza) (2000),Comedy,7384
42718,District 13 (Banlieue 13) (2004),Action|Crime|Sci-Fi,7385
42721,BloodRayne (2005),Action|Fantasy,7386
42723,Hostel (2005),Horror,7387
42725,Grandma's Boy (2006),Comedy,7388
42728,Tristan & Isolde (2006),Drama|Romance,7389
42730,Glory Road (2006),Drama,7390
42732,Last Holiday (2006),Comedy,7391
42734,Hoodwinked! (2005),Animation|Children|Comedy,7392
42738,Underworld: Evolution (2006),Action|Fantasy|Horror,7393
42783,Shadows of Our Forgotten Ancestors (Tini zabutykh predkiv) (1964),Drama|Romance,7394
42900,Cul-de-sac (1966),Comedy|Crime|Drama|Thriller,7395
42946,Project A ('A' gai waak) (1983),Action|Comedy,7396
42958,Little Manhattan (2005),Children|Comedy|Romance,7397
43009,"Ordeal, The (Calvaire) (2004)",Drama|Horror,7398
43177,Over the Edge (1979),Crime|Drama,7399
43267,On Probation (Tiempo de Valientes) (2005),Action|Comedy,7400
43333,Water (2005),Drama|Romance,7401
43376,Sophie Scholl: The Final Days (Sophie Scholl - Die letzten Tage) (2005),Drama|War,7402
43396,"World's Fastest Indian, The (2005)",Drama,7403
43415,As Tears Go By (Wong gok ka moon) (1988),Crime|Drama,7404
43419,Bandidas (2006),Action|Comedy|Crime|Western,7405
43444,Made in Britain (1982),Crime|Drama,7406
43460,Tristram Shandy: A Cock and Bull Story (2005),Comedy|Drama,7407
43497,Love in the Afternoon (Chloe in the Afternoon)  (L'amour l'après-midi) (1972),Drama|Romance,7408
43556,Annapolis (2006),Drama,7409
43558,Big Momma's House 2 (2006),Action|Comedy|Crime,7410
43560,Nanny McPhee (2005),Children|Comedy|Fantasy,7411
43635,Bye Bye Birdie (1963),Comedy|Musical,7412
43652,"Comedians of Comedy, The (2005)",Comedy|Documentary,7413
43677,"Tuskegee Airmen, The (1995)",Drama|War,7414
43679,Final Destination 3 (2006),Horror|Mystery|Thriller,7415
43684,Something New (2006),Comedy|Drama|Romance,7416
43699,"Wind, The (1928)",Drama|Western,7417
43708,Block Party (a.k.a. Dave Chappelle's Block Party) (2005),Comedy|Documentary,7418
43744,Imagine Me & You (2005),Comedy|Drama|Romance,7419
43832,"Call of Cthulhu, The (2005)",Horror|Thriller,7420
43836,"Pink Panther, The (2006)",Adventure|Comedy|Crime,7421
43853,"Business, The (2005)",Action|Comedy|Crime|Drama|Thriller,7422
43869,Curious George (2006),Adventure|Animation|Children|Comedy,7423
43871,Firewall (2006),Crime|Drama|Thriller,7424
43883,"Great McGinty, The (1940)",Comedy,7425
43897,"White Diamond, The (2004)",Documentary,7426
43899,Tony Takitani (2004),Drama,7427
43904,When a Stranger Calls (2006),Horror|Thriller,7428
43908,London (2005),Drama,7429
43910,Neil Young: Heart of Gold (2006),Documentary|Musical,7430
43912,Freedomland (2006),Crime|Drama,7431
43914,Winter Passing (2005),Drama,7432
43917,Eight Below (2006),Action|Adventure|Drama|Romance,7433
43919,Date Movie (2006),Comedy|Romance,7434
43921,Running Scared (2006),Action|Crime|Thriller,7435
43923,Tyler Perry's Madea's Family Reunion (2006),Comedy|Drama,7436
43928,Ultraviolet (2006),Action|Fantasy|Sci-Fi|Thriller,7437
43930,Just My Luck (2006),Comedy|Romance,7438
43932,Pulse (2006),Action|Drama|Fantasy|Horror|Mystery|Sci-Fi|Thriller,7439
43934,Deep Sea 3D (2006),Documentary|IMAX,7440
43936,16 Blocks (2006),Crime|Thriller,7441
43983,Election (Hak se wui) (2005),Crime|Drama|Thriller,7442
43987,Half Light (2006),Romance|Thriller,7443
44004,Failure to Launch (2006),Comedy|Romance,7444
44022,Ice Age 2: The Meltdown (2006),Adventure|Animation|Children|Comedy,7445
44041,All Quiet on the Western Front (1979),Action|Drama|War,7446
44058,"Big White, The (2005)",Comedy|Crime|Drama,7447
44073,Stromboli (1950),Drama,7448
44100,Cyrano de Bergerac (1950),Drama|Romance,7449
44115,Shinobi: Heart Under Blade (2005),Action|Drama|Fantasy|Romance,7450
44153,Chronos (1985),Documentary|IMAX,7451
44168,"Naked Spur, The (1953)",Western,7452
44191,V for Vendetta (2006),Action|Sci-Fi|Thriller|IMAX,7453
44193,She's the Man (2006),Comedy|Romance,7454
44195,Thank You for Smoking (2006),Comedy|Drama,7455
44197,Find Me Guilty (2006),Comedy|Crime|Drama,7456
44199,Inside Man (2006),Crime|Drama|Thriller,7457
44204,Tsotsi (2005),Crime|Drama,7458
44225,Aquamarine (2006),Children|Comedy|Fantasy,7459
44301,Lights in the Dusk (Laitakaupungin valot) (2006),Crime|Drama,7460
44317,Kummeli Stories (1995),Comedy,7461
44397,"Hills Have Eyes, The (2006)",Drama|Horror|Thriller,7462
44399,"Shaggy Dog, The (2006)",Adventure|Children|Comedy|Fantasy,7463
44421,"Personal Journey with Martin Scorsese Through American Movies, A (1995)",Documentary,7464
44555,"Lives of Others, The (Das leben der Anderen) (2006)",Drama|Romance|Thriller,7465
44568,"Red and the White, The (Csillagosok, katonák) (1967)",Drama|War,7466
44582,City on Fire (Lung fu fong wan) (1987),Action|Crime|Drama|Thriller,7467
44587,Nanook of the North (1922),Documentary|Drama,7468
44590,Don't Torture a Duckling (Non si sevizia un paperino) (1972),Horror|Mystery|Thriller,7469
44595,Resurrection (1980),Drama|Fantasy,7470
44597,Youth of the Beast (Yaju no seishun) (1963),Action|Crime|Mystery,7471
44613,Take the Lead (2006),Drama,7472
44633,"Devil and Daniel Johnston, The (2005)",Documentary,7473
44653,Money (L'argent) (1983),Crime|Drama,7474
44655,"Trial of Joan of Arc, The (Procès de Jeanne d'Arc) (1962)",Drama|War,7475
44657,Mouchette (1967),Drama,7476
44665,Lucky Number Slevin (2006),Crime|Drama|Mystery,7477
44694,Volver (2006),Comedy|Drama,7478
44709,Akeelah and the Bee (2006),Drama,7479
44731,Stay Alive (2006),Horror|Sci-Fi|Thriller,7480
44759,Basic Instinct 2 (2006),Crime|Drama|Mystery|Thriller,7481
44761,Brick (2005),Crime|Drama|Film-Noir|Mystery,7482
44788,This Film Is Not Yet Rated (2006),Documentary,7483
44828,Slither (2006),Comedy|Horror|Sci-Fi,7484
44840,"Benchwarmers, The (2006)",Comedy,7485
44849,Renaissance (2006),Action|Animation|Film-Noir|Sci-Fi|Thriller,7486
44864,Friends with Money (2006),Comedy|Drama|Romance,7487
44889,Reefer Madness: The Movie Musical (2005),Comedy|Drama|Musical,7488
44900,Beauty and the Bastard (Tyttö sinä olet tähti) (2005),Drama|Musical|Romance,7489
44911,Magic (1978),Drama|Horror|Romance|Thriller,7490
44929,Candy (2006),Drama|Romance,7491
44937,"Child, The (L'enfant) (2005)",Crime|Drama,7492
44943,9/11 (2002),Documentary,7493
44947,Lacombe Lucien (1974),Drama,7494
44966,Where the Red Fern Grows (1974),Children|Drama,7495
44972,Scary Movie 4 (2006),Comedy|Horror,7496
44974,Hard Candy (2005),Drama|Thriller,7497
45000,"Chinoise, La (1967)",Comedy|Drama,7498
45003,Shutter (2004),Fantasy|Horror|Mystery|Thriller,7499
45028,"Prairie Home Companion, A (2006)",Comedy|Drama|Musical,7500
45062,"Sentinel, The (2006)",Crime|Drama|Thriller,7501
45074,"Wild, The (2006)",Adventure|Animation|Children|Comedy|Fantasy,7502
45081,Silent Hill (2006),Fantasy|Horror|Thriller,7503
45106,American Dreamz (2006),Comedy|Drama,7504
45172,23 (23 - Nichts ist so wie es scheint) (1998),Drama|Thriller,7505
45175,Kinky Boots (2005),Comedy|Drama,7506
45183,"Protector, The (a.k.a. Warrior King) (Tom yum goong) (2005)",Action|Comedy|Crime|Thriller,7507
45186,Mission: Impossible III (2006),Action|Adventure|Thriller,7508
45192,"Nibelungen: Siegfried, Die (1924)",Adventure|Drama|Fantasy,7509
45194,"Nibelungen: Kriemhild's Revenge, Die (Die Nibelungen: Kriemhilds Rache) (1924)",Adventure|Drama|Fantasy,7510
45208,RV (2006),Adventure|Children|Comedy,7511
45210,United 93 (2006),Crime|Drama,7512
45221,Stick It (2006),Comedy,7513
45335,Footlight Parade (1933),Comedy|Musical|Romance,7514
45361,"American Haunting, An (2005)",Drama|Horror|Mystery|Thriller,7515
45382,Down in the Valley (2005),Drama|Romance,7516
45412,"Hidden Blade, The (Kakushi ken oni no tsume) (2004)",Action|Drama|Romance,7517
45431,Over the Hedge (2006),Adventure|Animation|Children|Comedy,7518
45440,Art School Confidential (2006),Comedy|Drama,7519
45442,Poseidon (2006),Action|Adventure|Thriller|IMAX,7520
45447,"Da Vinci Code, The (2006)",Drama|Mystery|Thriller,7521
45499,X-Men: The Last Stand (2006),Action|Sci-Fi|Thriller,7522
45501,"Break-Up, The (2006)",Comedy|Drama|Romance,7523
45503,Peaceful Warrior (2006),Drama,7524
45506,Twelve and Holding (2005),Drama,7525
45517,Cars (2006),Animation|Children|Comedy,7526
45525,"Lost City, The (2005)",Drama,7527
45533,Conspirators of Pleasure (Spiklenci slasti) (1996),Animation|Comedy,7528
45635,"Notorious Bettie Page, The (2005)",Drama,7529
45658,On a Clear Day (2005),Drama,7530
45662,"Omen, The (2006)",Horror|Thriller,7531
45666,Nacho Libre (2006),Comedy,7532
45668,"Lake House, The (2006)",Drama|Fantasy|Romance,7533
45672,Click (2006),Adventure|Comedy|Drama|Fantasy|Romance,7534
45679,"Seventh Victim, The (1943)",Drama|Film-Noir|Horror|Mystery,7535
45720,"Devil Wears Prada, The (2006)",Comedy|Drama,7536
45722,Pirates of the Caribbean: Dead Man's Chest (2006),Action|Adventure|Fantasy,7537
45726,"You, Me and Dupree (2006)",Comedy,7538
45728,Clerks II (2006),Comedy,7539
45730,Lady in the Water (2006),Drama|Fantasy|Mystery,7540
45732,My Super Ex-Girlfriend (2006),Comedy|Fantasy|Romance,7541
45837,Let It Be (1970),Documentary,7542
45852,See No Evil (2006),Horror,7543
45880,Marie Antoinette (2006),Drama|Romance,7544
45891,Lady in the Lake (1947),Crime|Drama|Film-Noir|Mystery|Romance,7545
45928,Who Killed the Electric Car? (2006),Documentary,7546
45942,"Mother and the Whore, The (Maman et la putain, La) (1973)",Drama,7547
45950,"Inconvenient Truth, An (2006)",Documentary,7548
46062,High School Musical (2006),Children|Comedy|Drama|Musical|Romance,7549
46322,Jet Li's Fearless (Huo Yuan Jia) (2006),Action|Drama,7550
46335,"Fast and the Furious: Tokyo Drift, The (Fast and the Furious 3, The) (2006)",Action|Crime|Drama|Thriller,7551
46337,Garfield: A Tail of Two Kitties (2006),Animation|Children|Comedy,7552
46347,Metal: A Headbanger's Journey (2005),Documentary,7553
46530,Superman Returns (2006),Action|Adventure|Sci-Fi|IMAX,7554
46559,"Road to Guantanamo, The (2006)",Drama|War,7555
46572,Edmond (2005),Drama|Thriller,7556
46574,"OH in Ohio, The (2006)",Comedy,7557
46578,Little Miss Sunshine (2006),Adventure|Comedy|Drama,7558
46653,"300 Spartans, The (1962)",Adventure|Drama|War,7559
46664,"Fallen Idol, The (1948)",Drama|Mystery|Thriller,7560
46723,Babel (2006),Drama|Thriller,7561
46772,Strangers with Candy (2005),Comedy,7562
46803,Young Mr. Lincoln (1939),Drama,7563
46850,Wordplay (2006),Documentary,7564
46855,Army of Shadows (L'armée des ombres) (1969),Action|Drama|Thriller|War,7565
46865,Little Man (2006),Comedy,7566
46919,End of the Spear (2005),Drama,7567
46948,Monster House (2006),Animation|Children|Fantasy|Mystery,7568
46959,Colour Me Kubrick: A True...ish Story (2005),Comedy|Drama,7569
46965,Snakes on a Plane (2006),Action|Comedy|Horror|Thriller,7570
46967,Scoop (2006),Comedy|Fantasy|Mystery,7571
46970,Talladega Nights: The Ballad of Ricky Bobby (2006),Action|Comedy,7572
46972,Night at the Museum (2006),Action|Comedy|Fantasy|IMAX,7573
46974,World Trade Center (2006),Drama,7574
46976,Stranger than Fiction (2006),Comedy|Drama|Fantasy|Romance,7575
47044,Miami Vice (2006),Action|Crime|Drama|Thriller,7576
47084,"Live and Become (Va, vis et deviens) (2005)",Drama,7577
47099,"Pursuit of Happyness, The (2006)",Drama,7578
47122,John Tucker Must Die (2006),Comedy|Romance,7579
47124,"Ant Bully, The (2006)",Adventure|Animation|Children|Comedy|Fantasy|IMAX,7580
47148,Mrs. Palfrey at the Claremont (2005),Comedy|Drama,7581
47150,"Death of Mr. Lazarescu, The (Moartea domnului Lazarescu) (2005)",Drama,7582
47152,Cria Cuervos (1976),Drama,7583
47200,Crank (2006),Action|Thriller,7584
47202,"Secret Life of Words, The (2005)",Drama|Romance,7585
47254,Chaos (2005),Action|Crime|Drama|Thriller,7586
47261,"Night Listener, The (2006)",Fantasy|Mystery|Thriller,7587
47264,Barnyard: The Original Party Animals (2006),Animation|Children|Comedy,7588
47274,Murmur of the Heart (Le souffle au coeur) (1971),Drama,7589
47287,Compulsion (1959),Crime|Drama|Thriller,7590
47306,"Canterbury Tale, A (1944)",Drama|Mystery|War,7591
47382,Step Up (2006),Drama|Romance,7592
47384,Zoom (2006),Adventure|Comedy|Drama|Fantasy,7593
47394,"Bon Cop, Bad Cop (2006)",Action|Comedy|Crime|Thriller,7594
47404,Mind Game (2004),Adventure|Animation|Comedy|Fantasy|Romance|Sci-Fi,7595
47423,Half Nelson (2006),Drama,7596
47446,"Moustache, La (2005)",Drama|Mystery|Thriller,7597
47465,Tideland (2005),Drama|Fantasy|Thriller,7598
47491,Adam's Apples (Adams æbler) (2005),Comedy|Drama,7599
47518,Accepted (2006),Comedy,7600
47525,Lie with Me (2005),Drama|Romance,7601
47566,Born to Kill (1947),Crime|Drama|Film-Noir,7602
47601,7 Men from Now (Seven Men from Now) (1956),Western,7603
47610,"Illusionist, The (2006)",Drama|Fantasy|Mystery|Romance,7604
47629,The Queen (2006),Drama,7605
47634,36 Quai des Orfèvres (Department 36) (2004),Action|Crime|Drama|Thriller,7606
47640,Beerfest (2006),Comedy,7607
47644,Invincible (2006),Drama,7608
47670,"Syrian Bride, The (2004)",Drama,7609
47721,"Red Balloon, The (Ballon rouge, Le) (1956)",Children|Fantasy,7610
47723,Way Out West (1937),Comedy|Western,7611
47725,Angel-A (2005),Comedy|Drama|Fantasy|Romance,7612
47728,Green for Danger (1946),Crime|Mystery,7613
47778,Quinceañera (2006),Drama,7614
47793,"Puffy Chair, The (2006)",Drama|Romance,7615
47805,Lassie (2005),Adventure|Children,7616
47810,"Wicker Man, The (2006)",Horror|Mystery|Thriller,7617
47830,"Quiet, The (2005)",Crime|Drama|Mystery|Thriller,7618
47868,Ronja Robbersdaughter (Ronja Rövardotter) (1984),Adventure|Children|Drama,7619
47894,"Wind That Shakes the Barley, The (2006)",Drama|War,7620
47904,"Notti bianche, Le (White Nights) (1957)",Drama|Romance,7621
47937,Severance (2006),Comedy|Horror|Thriller,7622
47950,Hollywoodland (2006),Crime|Drama|Mystery|Thriller,7623
47952,"Covenant, The (2006)",Action|Horror|Thriller,7624
47970,"Last Kiss, The (2006)",Comedy|Drama,7625
47978,SherryBaby (2006),Drama,7626
47997,Idiocracy (2006),Adventure|Comedy|Sci-Fi|Thriller,7627
47999,Jesus Camp (2006),Documentary|Drama,7628
48001,"Bow, The (Hwal) (2005)",Drama|Romance,7629
48032,"Tiger and the Snow, The (La tigre e la neve) (2005)",Comedy|Drama|Romance|War,7630
48043,"Fountain, The (2006)",Drama|Fantasy|Romance,7631
48045,Fear City: A Family-Style Comedy (La cité de la peur) (1994),Comedy,7632
48059,"Boy Named Charlie Brown, A (1969)",Animation|Children|Comedy|Drama,7633
48061,Snoopy Come Home (1972),Animation|Children|Comedy|Musical,7634
48082,"Science of Sleep, The (La science des rêves) (2006)",Comedy|Drama|Fantasy|Romance,7635
48142,"Black Dahlia, The (2006)",Crime|Drama|Mystery|Thriller,7636
48161,Gridiron Gang (2006),Drama,7637
48165,"Seventh Continent, The (Der siebente Kontinent) (1989)",Drama,7638
48193,Lisbon Story (1994),Drama,7639
48231,Taxidermia (2006),Comedy|Drama|Horror,7640
48262,"Bridge, The (2006)",Documentary,7641
48301,"Private Life of Henry VIII, The (1933)",Comedy|Drama,7642
48304,Apocalypto (2006),Adventure|Drama|Thriller,7643
48319,Flyboys (2006),Action|Adventure|Drama|War,7644
48322,Jackass Number Two (2006),Comedy|Documentary,7645
48326,All the King's Men (2006),Drama,7646
48342,Conversations with Other Women (2005),Comedy|Drama|Romance,7647
48385,Borat: Cultural Learnings of America for Make Benefit Glorious Nation of Kazakhstan (2006),Comedy,7648
48389,Iraq for Sale: The War Profiteers (2006),Documentary,7649
48394,"Pan's Labyrinth (Laberinto del fauno, El) (2006)",Drama|Fantasy|Thriller,7650
48412,"Guardian, The (2006)",Action|Adventure|Drama,7651
48414,Open Season (2006),Adventure|Animation|Children|Comedy|IMAX,7652
48416,School for Scoundrels (2006),Comedy|Crime,7653
48501,G.O.R.A. (2004),Adventure|Comedy|Sci-Fi,7654
48516,"Departed, The (2006)",Crime|Drama|Thriller,7655
48518,"Texas Chainsaw Massacre: The Beginning, The (2006)",Horror|Thriller,7656
48520,Employee of the Month (2006),Comedy,7657
48522,Stormbreaker (Alex Rider: Operation Stormbreaker) (2006),Action|Children,7658
48543,Antibodies (Antikörper) (2005),Crime|Drama|Horror|Thriller,7659
48560,Running With Scissors (2006),Comedy|Drama,7660
48575,Brute Force (1947),Drama|Film-Noir|Thriller,7661
48591,"Grudge 2, The (2006)",Drama|Horror|Mystery|Thriller,7662
48593,Man of the Year (2006),Comedy|Thriller,7663
48596,"Marine, The (2006)",Action|Drama|Thriller,7664
48598,Infamous (2006),Drama,7665
48600,One Night with the King (2006),Drama,7666
48638,Fellini's Casanova (Il Casanova di Federico Fellini) (1976),Drama|Romance,7667
48660,"Elementary Particles, The (Elementarteilchen) (2006)",Drama|Romance,7668
48678,Feast (2005),Action|Comedy|Horror|Thriller,7669
48682,Offside (2006),Comedy|Drama,7670
48696,Little Children (2006),Drama|Romance,7671
48698,Deliver Us from Evil (2006),Documentary,7672
48711,Facing the Giants (2006),Action|Drama,7673
48738,"Last King of Scotland, The (2006)",Drama|Thriller,7674
48741,"U.S. vs. John Lennon, The (2006)",Documentary,7675
48744,Shortbus (2006),Comedy|Drama|Romance,7676
48774,Children of Men (2006),Action|Adventure|Drama|Sci-Fi|Thriller,7677
48780,"Prestige, The (2006)",Drama|Mystery|Sci-Fi|Thriller,7678
48783,Flags of Our Fathers (2006),Drama|War,7679
48791,Flicka (2006),Children|Drama,7680
48825,9th Company (2005),Action|Drama|War,7681
48856,"Guide to Recognizing Your Saints, A (2006)",Crime|Drama,7682
48872,13 Tzameti (2005),Film-Noir|Thriller,7683
48877,Saw III (2006),Crime|Horror|Thriller,7684
48879,Catch a Fire (2006),Drama|Thriller,7685
48883,Death of a President (2006),Crime|Drama|Mystery|Thriller,7686
48909,5 Fingers (1952),Drama|Thriller,7687
48972,Lunacy (Sílení) (2006),Animation|Horror,7688
48982,Flushed Away (2006),Animation|Comedy,7689
48997,Perfume: The Story of a Murderer (2006),Crime|Drama|Thriller,7690
49007,Arabesque (1966),Adventure|Drama|Romance|Thriller,7691
49013,"Santa Clause 3: The Escape Clause, The (2006)",Comedy|Fantasy,7692
49085,"Big City, The (Mahanagar) (1963)",Drama,7693
49130,"Good Year, A (2006)",Comedy|Drama|Romance,7694
49132,Shut Up & Sing (2006),Documentary,7695
49200,"Foreign Affair, A (1948)",Comedy|Drama|Romance,7696
49220,For Your Consideration (2006),Comedy,7697
49225,Street Fight (2005),Documentary,7698
49263,Fuck (2005),Comedy|Documentary,7699
49265,Shooting Dogs (a.k.a. Beyond the Gates) (2005),Documentary|Drama|War,7700
49272,Casino Royale (2006),Action|Adventure|Thriller,7701
49274,Happy Feet (2006),Adventure|Animation|Children|Comedy|IMAX,7702
49276,Let's Go to Prison (2006),Comedy,7703
49278,Déjà Vu (Deja Vu) (2006),Action|Sci-Fi|Thriller,7704
49280,Bobby (2006),Drama,7705
49284,10 Items or Less (2006),Comedy|Drama|Romance,7706
49286,"Holiday, The (2006)",Comedy|Romance,7707
49312,Snow Cake (2006),Drama,7708
49314,Harsh Times (2006),Action|Crime|Drama,7709
49347,Fast Food Nation (2006),Drama,7710
49355,"Bête humaine, La (1938)",Drama,7711
49359,Celine and Julie Go Boating (Celine et Julie vont en bateau) (1974),Drama|Fantasy|Mystery,7712
49389,The Great Train Robbery (1903),Crime|Western,7713
49394,Simon of the Desert (Simón del desierto) (1965),Drama,7714
49396,Tenacious D in The Pick of Destiny (2006),Adventure|Comedy|Musical,7715
49412,It's A Wonderful World (1939),Comedy|Crime|Romance,7716
49422,"OSS 117: Cairo, Nest of Spies (OSS 117: Le Caire nid d'espions) (2006)",Adventure|Comedy|Crime,7717
49524,"Nativity Story, The (2006)",Drama,7718
49526,National Lampoon's Van Wilder: The Rise of Taj (2006),Comedy,7719
49528,Turistas (2006),Adventure|Drama|Horror|Mystery|Thriller,7720
49530,Blood Diamond (2006),Action|Adventure|Crime|Drama|Thriller|War,7721
49615,Triad Election (Election 2) (Hak se wui yi wo wai kwai) (2006),Crime|Drama|Thriller,7722
49647,Charlotte's Web (2006),Children|Comedy|Drama|Fantasy,7723
49649,Eragon (2006),Action|Adventure|Fantasy,7724
49651,Rocky Balboa (2006),Action|Drama,7725
49666,Fur: An Imaginary Portrait of Diane Arbus (2006),Drama|Fantasy|Romance,7726
49688,"Dam Busters, The (1955)",Action|Drama|War,7727
49766,"Man Who Never Was, The (1956)",Drama|War,7728
49772,"Painted Veil, The (2006)",Drama|Romance,7729
49793,We Are Marshall (2006),Drama,7730
49815,"Place Promised in Our Early Days, The (Kumo no mukô, yakusoku no basho) (2004)",Animation|Drama|Romance|Sci-Fi|War,7731
49817,"Plague Dogs, The (1982)",Adventure|Animation|Drama,7732
49822,"Good Shepherd, The (2006)",Drama|Thriller,7733
49824,Dreamgirls (2006),Drama|Musical,7734
49856,"Page Turner, The (Tourneuse de pages, La) (2006)",Drama|Musical|Thriller,7735
49902,"Decameron, The (Decameron, Il) (1971)",Comedy|Drama,7736
49910,Freedom Writers (2007),Drama,7737
49917,When the Levees Broke: A Requiem in Four Acts (2006),Documentary,7738
49932,Inland Empire (2006),Drama|Mystery|Thriller,7739
49957,"History Boys, The (2006)",Comedy|Drama,7740
49961,Notes on a Scandal (2006),Drama,7741
50003,DOA: Dead or Alive (2006),Action|Adventure,7742
50005,Curse of the Golden Flower (Man cheng jin dai huang jin jia) (2006),Action|Drama,7743
50011,"Bothersome Man, The (Brysomme mannen, Den) (2006)",Comedy|Drama|Fantasy|Mystery,7744
50064,"Good German, The (2006)",Drama|Mystery|Thriller,7745
50066,Sweet Land (2005),Drama|Romance,7746
50068,Letters from Iwo Jima (2006),Drama|War,7747
50149,Happily N'Ever After (2007),Animation|Children|Comedy,7748
50158,Stomp the Yard (2007),Drama|Musical,7749
50160,Miss Potter (2006),Drama,7750
50162,Arthur and the Invisibles (2007),Action|Children|Fantasy,7751
50183,Loving Annabelle (2006),Drama|Romance,7752
50229,"Young Girls of Rochefort, The (Demoiselles de Rochefort, Les) (1967)",Comedy|Musical|Romance,7753
50259,Old Joy (2006),Drama,7754
50274,Venus (2006),Drama|Romance,7755
50356,The Little World of Don Camillo (1952),Comedy,7756
50442,Alpha Dog (2007),Crime|Drama,7757
50445,"Hitcher, The (2007)",Action|Horror|Thriller,7758
50447,"Dead Girl, The (2006)",Drama|Mystery|Thriller,7759
50514,After the Wedding (Efter brylluppet) (2006),Drama,7760
50517,Time (Shi gan) (2006),Drama|Romance,7761
50533,Into Great Silence (Die große Stille) (2005),Documentary,7762
50583,Linda Linda Linda (2005),Comedy|Drama,7763
50594,Daisies (Sedmikrasky) (1966),Comedy|Drama,7764
50601,Bridge to Terabithia (2007),Adventure|Children|Fantasy,7765
50615,Killer of Sheep (1977),Drama,7766
50641,House (Hausu) (1977),Comedy|Fantasy|Horror,7767
50651,Kenny (2006),Comedy,7768
50658,49 Up (2005),Documentary,7769
50685,Waitress (2007),Comedy|Drama|Romance,7770
50703,"Secret, The (2006)",Documentary,7771
50705,Neverwas (2005),Drama|Fantasy|Mystery,7772
50740,Seven Up! (1964),Documentary,7773
50742,7 Plus Seven (1970),Documentary,7774
50792,Catch and Release (2006),Comedy|Drama|Romance,7775
50794,Smokin' Aces (2006),Action|Crime|Drama|Thriller,7776
50796,Blood and Chocolate (2007),Drama|Fantasy|Horror|Romance,7777
50798,Epic Movie (2007),Adventure|Comedy,7778
50800,"Messengers, The (2007)",Drama|Horror|Thriller,7779
50802,Because I Said So (2007),Comedy|Drama|Romance,7780
50804,Hannibal Rising (2007),Drama|Horror|Thriller,7781
50806,Norbit (2007),Comedy|Romance,7782
50842,"Boss of It All, The (Direktøren for det hele) (2006)",Comedy|Drama,7783
50851,Cocaine Cowboys (2006),Documentary,7784
50858,Lonely Hearts (2006),Crime|Drama|Thriller,7785
50872,Ratatouille (2007),Animation|Children|Drama,7786
50898,Lola (1961),Drama|Romance,7787
50912,"Paris, I Love You (Paris, je t'aime) (2006)",Romance,7788
50923,"Astronaut Farmer, The (2007)",Drama,7789
50944,S.P.L.: Kill Zone (Saat po long) (2005),Action|Crime|Drama|Thriller,7790
50954,It's a Boy Girl Thing (2006),Comedy|Romance,7791
51007,Days of Glory (Indigènes) (2006),Action|Adventure|Drama|War,7792
51037,Unknown (2006),Drama|Mystery|Thriller,7793
51063,Trailer Park Boys: The Movie (2006),Comedy|Crime,7794
51077,Ghost Rider (2007),Action|Fantasy|Thriller,7795
51080,Breach (2007),Drama|Thriller,7796
51082,Tyler Perry's Daddy's Little Girls (2007),Comedy|Romance,7797
51084,Music and Lyrics (2007),Comedy|Romance,7798
51086,"Number 23, The (2007)",Drama|Mystery|Thriller,7799
51088,Reno 911!: Miami (2007),Comedy,7800
51091,Black Snake Moan (2006),Drama,7801
51127,loudQUIETloud: A Film About the Pixies (2006),Documentary,7802
51167,My Father and My Son (Babam ve oglum) (2005),Drama,7803
51174,Factory Girl (2006),Drama,7804
51187,Kidulthood (2006),Drama,7805
51255,Hot Fuzz (2007),Action|Comedy|Crime|Mystery,7806
51277,"36th Chamber of Shaolin, The (Shao Lin san shi liu fang) (Master Killer) (1978)",Action|Adventure,7807
51287,Mad Love (1935),Horror|Romance,7808
51312,"Consequences of Love, The (Conseguenze dell'amore, Le) (2004)",Crime|Drama,7809
51357,Citizen X (1995),Crime|Drama|Thriller,7810
51372,"""Great Performances"" Cats (1998)",Musical,7811
51380,"Canterbury Tales, The (I racconti di Canterbury) (1972)",Comedy|Drama,7812
51412,Next (2007),Action|Sci-Fi|Thriller,7813
51418,Breaking and Entering (2006),Drama,7814
51455,God Grew Tired of Us (2006),Documentary|Drama,7815
51471,Amazing Grace (2006),Drama|Romance,7816
51498,2001 Maniacs (2005),Comedy|Horror,7817
51540,Zodiac (2007),Crime|Drama|Thriller,7818
51545,Pusher III: I'm the Angel of Death (2005),Action|Comedy|Drama|Horror|Thriller,7819
51573,Meshes of the Afternoon (1943),Fantasy,7820
51575,Wild Hogs (2007),Adventure|Comedy,7821
51638,"Westerner, The (1940)",Western,7822
51660,"Ultimate Gift, The (2006)",Drama,7823
51662,300 (2007),Action|Fantasy|War|IMAX,7824
51666,"Abandoned, The (2006)",Horror|Mystery|Thriller,7825
51678,Julius Caesar (1953),Drama,7826
51694,Starter for 10 (2006),Drama|Romance,7827
51698,"Last Mimzy, The (2007)",Adventure|Children|Sci-Fi,7828
51705,Priceless (Hors de prix) (2006),Comedy|Romance,7829
51709,"Host, The (Gwoemul) (2006)",Comedy|Drama|Horror|Sci-Fi|Thriller,7830
51773,"America, America (1963)",Drama,7831
51834,Becoming Jane (2007),Drama|Romance,7832
51884,"Namesake, The (2006)",Drama|Romance,7833
51903,I Think I Love My Wife (2007),Comedy|Drama|Romance,7834
51925,Premonition (2007),Drama|Fantasy|Mystery|Thriller,7835
51927,Dead Silence (2007),Horror|Mystery|Thriller,7836
51931,Reign Over Me (2007),Drama,7837
51933,Pride (2007),Drama,7838
51935,Shooter (2007),Action|Drama|Thriller,7839
51937,"Hills Have Eyes II, The (2007)",Horror|Thriller,7840
51939,TMNT (Teenage Mutant Ninja Turtles) (2007),Action|Adventure|Animation|Children|Comedy|Fantasy,7841
51991,"Italian, The (Italianetz) (2005)",Drama,7842
52042,Black Book (Zwartboek) (2006),Drama|Thriller|War,7843
52104,"Moment of Innocence, A (Nun va Goldoon) (1996)",Drama,7844
52170,Philanthropy (Filantropica) (2002),Comedy,7845
52227,"Darwin Awards, The (2006)",Adventure|Comedy|Romance,7846
52241,"Lookout, The (2007)",Crime|Drama|Thriller,7847
52245,Blades of Glory (2007),Comedy|Romance,7848
52279,Are We Done Yet? (2007),Comedy,7849
52281,Grindhouse (2007),Action|Crime|Horror|Sci-Fi|Thriller,7850
52283,"Reaping, The (2007)",Horror|Thriller,7851
52287,Meet the Robinsons (2007),Action|Adventure|Animation|Children|Comedy|Sci-Fi,7852
52299,American Hardcore (2006),Documentary,7853
52319,Inglorious Bastards (Quel maledetto treno blindato) (1978),Action|Adventure|Drama|War,7854
52321,Seraphim Falls (2006),Action|Adventure|Drama|War|Western,7855
52328,Sunshine (2007),Adventure|Drama|Sci-Fi|Thriller,7856
52356,Copying Beethoven (2006),Drama|Musical,7857
52375,"Hoax, The (2007)",Crime|Drama,7858
52413,Ulysses' Gaze (To Vlemma tou Odyssea) (1995),Drama|War,7859
52424,Scent of a Woman (Profumo di donna) (1974),Comedy|Drama,7860
52435,How the Grinch Stole Christmas! (1966),Animation|Comedy|Fantasy|Musical,7861
52443,Origin: Spirits of the Past (Gin-iro no kami no Agito) (2006),Animation|Drama|Romance|Sci-Fi,7862
52448,Goya's Ghosts (2006),Drama,7863
52456,Perfect Stranger (2007),Crime|Drama|Mystery|Thriller,7864
52458,Disturbia (2007),Drama|Thriller,7865
52460,Pathfinder (2007),Action|Adventure|Drama|Thriller|War,7866
52462,Aqua Teen Hunger Force Colon Movie Film for Theaters (2007),Action|Adventure|Animation|Comedy|Fantasy|Mystery|Sci-Fi,7867
52495,Straight Time (1978),Crime|Drama,7868
52528,Tristana (1970),Drama,7869
52579,"Vie en Rose, La (Môme, La) (2007)",Drama|Musical,7870
52591,"Contract, The (2006)",Crime|Drama|Thriller,7871
52604,Fracture (2007),Crime|Drama|Mystery|Thriller,7872
52606,Big Nothing (2006),Comedy|Crime|Thriller,7873
52644,Vacancy (2007),Horror|Thriller,7874
52666,Benny's Video (1992),Drama|Horror,7875
52668,In the Land of Women (2007),Comedy|Drama|Romance,7876
52694,Mr. Bean's Holiday (2007),Comedy,7877
52712,"Invisible, The (2007)",Crime|Drama|Fantasy|Mystery|Thriller,7878
52717,"Condemned, The (2007)",Action|Adventure|Crime|Thriller,7879
52722,Spider-Man 3 (2007),Action|Adventure|Sci-Fi|Thriller|IMAX,7880
52730,It's a Very Merry Muppet Christmas Movie (2002),Children|Comedy,7881
52767,21 Up (1977),Documentary,7882
52784,Sharkwater (2006),Documentary,7883
52806,Tales from Earthsea (Gedo Senki) (2006),Adventure|Animation|Fantasy,7884
52831,Maniac Cop (1988),Action|Crime|Horror|Thriller,7885
52867,"Ex, The (2007)",Comedy|Romance,7886
52885,Paprika (Papurika) (2006),Animation|Mystery|Sci-Fi,7887
52927,Syndromes and a Century (Sang sattawat) (2006),Drama,7888
52929,Red Road (2006),Drama,7889
52950,Day Watch (Dnevnoy dozor) (2006),Action|Fantasy|Horror|Thriller,7890
52952,This Is England (2006),Drama,7891
52967,Away from Her (2006),Drama,7892
52973,Knocked Up (2007),Comedy|Drama|Romance,7893
52975,Hairspray (2007),Comedy|Drama|Musical,7894
53000,28 Weeks Later (2007),Horror|Sci-Fi|Thriller,7895
53002,Georgia Rule (2007),Comedy|Drama|Romance,7896
53022,Wheels on Meals (Kuai can che) (1984),Action|Comedy|Crime|Romance,7897
53024,Jonestown: The Life and Death of Peoples Temple (2006),Documentary,7898
53038,Red Dust (1932),Drama,7899
53121,Shrek the Third (2007),Adventure|Animation|Children|Comedy|Fantasy,7900
53123,Once (2006),Drama|Musical|Romance,7901
53125,Pirates of the Caribbean: At World's End (2007),Action|Adventure|Comedy|Fantasy,7902
53127,Bug (2007),Drama|Horror|Thriller,7903
53129,Mr. Brooks (2007),Crime|Drama|Thriller,7904
53138,"Librarian: Return to King Solomon's Mines, The (2006)",Action|Adventure|Fantasy,7905
53140,"Librarian: Quest for the Spear, The (2004)",Action|Adventure|Comedy|Fantasy|Romance,7906
53143,Fay Grim (2006),Action|Thriller,7907
53161,"I'm a Cyborg, But That's OK (Saibogujiman kwenchana) (2006)",Comedy|Drama|Romance|Sci-Fi,7908
53189,Eagle vs Shark (2007),Comedy,7909
53207,88 Minutes (2008),Crime|Drama|Mystery|Thriller,7910
53226,"Great War, The (Grande guerra, La) (1959)",Action|Adventure|Comedy|Drama|War,7911
53318,Cashback (2006),Comedy|Drama|Romance,7912
53322,Ocean's Thirteen (2007),Crime|Thriller,7913
53326,Them (Ils) (2006),Horror,7914
53349,Ten Canoes (2006),Adventure|Comedy|Drama|War,7915
53355,Sun Alley (Sonnenallee) (1999),Comedy|Romance,7916
53406,Go (2001),Drama,7917
53435,Hostel: Part II (2007),Crime|Horror|Thriller,7918
53443,Remember the Night (1940),Comedy|Drama|Romance,7919
53447,Paranoid Park (2007),Crime|Drama,7920
53460,Surf's Up (2007),Animation|Children|Comedy,7921
53464,Fantastic Four: Rise of the Silver Surfer (2007),Action|Adventure|Sci-Fi,7922
53466,Nancy Drew (2007),Adventure|Crime|Thriller,7923
53468,Fido (2006),Comedy|Horror|Thriller,7924
53519,Death Proof (2007),Action|Adventure|Crime|Horror|Thriller,7925
53550,Rescue Dawn (2006),Action|Adventure|Drama|War,7926
53574,"TV Set, The (2006)",Comedy|Drama,7927
53578,"Valet, The (La doublure) (2006)",Comedy,7928
53592,Four Minutes (Vier Minuten) (2006),Drama,7929
53737,"Night of the Generals, The (1967)",Crime|Drama|Mystery|Thriller|War,7930
53766,Breaking News (Daai si gin) (2004),Action|Crime|Drama,7931
53769,In Search of a Midnight Kiss (2007),Comedy|Romance,7932
53788,Exiled (Fong juk) (2006),Action|Crime|Thriller,7933
53827,Sybil (1976),Drama,7934
53835,Journey to Italy (Viaggio in Italia) (Voyage to Italy) (Voyage in Italy) (1954),Drama|Romance,7935
53880,Putney Swope (1969),Comedy,7936
53883,"Power of Nightmares, The: The Rise of the Politics of Fear (2004)",Documentary,7937
53887,O Lucky Man! (1973),Comedy|Drama|Fantasy|Musical,7938
53894,Sicko (2007),Documentary|Drama,7939
53919,"Man in the Iron Mask, The (1939)",Adventure,7940
53921,"Mighty Heart, A (2007)",Drama|Thriller,7941
53953,1408 (2007),Drama|Horror|Thriller,7942
53956,Death at a Funeral (2007),Comedy,7943
53972,Live Free or Die Hard (2007),Action|Adventure|Crime|Thriller,7944
53974,License to Wed (2007),Comedy|Romance,7945
53988,Evening (2007),Drama,7946
53993,Evan Almighty (2007),Comedy|Fantasy,7947
53996,Transformers (2007),Action|Sci-Fi|Thriller|IMAX,7948
53999,Captivity (2007),Crime|Thriller,7949
54001,Harry Potter and the Order of the Phoenix (2007),Adventure|Drama|Fantasy|IMAX,7950
54004,I Now Pronounce You Chuck and Larry (2007),Comedy|Romance,7951
54075,Arn: The Knight Templar (Arn - Tempelriddaren) (2007),Action|Adventure|Drama|Romance|War,7952
54094,Driving Lessons (2006),Comedy|Drama,7953
54116,First Snow (2006),Drama|Thriller,7954
54185,Manufactured Landscapes (2006),Documentary,7955
54190,Across the Universe (2007),Drama|Fantasy|Musical|Romance,7956
54193,Broken English (2007),Comedy|Drama|Romance,7957
54196,Brand Upon the Brain! (2006),Adventure|Fantasy|Mystery,7958
54229,When the Wind Blows (1986),Animation|War,7959
54256,Hot Rod (2007),Comedy,7960
54259,Stardust (2007),Adventure|Comedy|Fantasy|Romance,7961
54272,"Simpsons Movie, The (2007)",Animation|Comedy,7962
54276,No Reservations (2007),Comedy|Drama|Romance,7963
54278,Underdog (2007),Action|Adventure|Children|Comedy|Fantasy|Sci-Fi,7964
54281,Charlie Bartlett (2007),Comedy|Drama,7965
54286,"Bourne Ultimatum, The (2007)",Action|Crime|Thriller,7966
54290,Bratz: The Movie (2007),Comedy,7967
54328,My Best Friend (Mon meilleur ami) (2006),Comedy,7968
54331,You Kill Me (2007),Comedy|Crime|Thriller,7969
54372,Tell No One (Ne le dis à personne) (2006),Crime|Drama|Mystery|Thriller,7970
54426,12:08 East of Bucharest (A fost sau n-a fost?) (2006),Comedy|Drama,7971
54503,Superbad (2007),Comedy,7972
54510,Joshua (2007),Drama|Thriller,7973
54513,Talk to Me (2007),Drama,7974
54605,"Kill, Baby, Kill (Operazione paura) (1966)",Horror,7975
54612,Resurrecting the Champ (2007),Drama,7976
54621,Molière (2007),Comedy|Drama|Romance,7977
54648,Rush Hour 3 (2007),Action|Comedy|Crime|Thriller,7978
54686,"Last Legion, The (2007)",Action|Adventure|Fantasy|War,7979
54732,Balls of Fury (2007),Comedy,7980
54734,Sydney White (2007),Comedy,7981
54736,"Kingdom, The (2007)",Action|Drama|Thriller,7982
54745,Rocket Science (2007),Comedy|Drama,7983
54768,Daddy Day Camp (2007),Children|Comedy,7984
54771,"Invasion, The (2007)",Action|Drama|Horror|Sci-Fi|Thriller,7985
54775,War (2007),Action|Thriller,7986
54780,"Nanny Diaries, The (2007)",Comedy|Drama|Romance,7987
54785,Halloween (2007),Horror,7988
54787,Death Sentence (2007),Drama|Thriller,7989
54796,2 Days in Paris (2007),Comedy|Drama|Romance,7990
54833,Brighton Rock (1947),Crime|Drama|Film-Noir,7991
54872,Keoma (1976),Action|Drama|Western,7992
54881,"King of Kong, The (2007)",Documentary,7993
54908,Taxi 4 (2007),Action|Comedy,7994
54910,Behind the Mask: The Rise of Leslie Vernon (2006),Comedy|Horror|Thriller,7995
54934,"Brothers Solomon, The (2007)",Comedy,7996
54962,"Nines, The (2007)",Drama|Mystery,7997
54967,"Hunting and Gathering (Ensemble, c'est tout) (2007)",Drama|Romance,7998
54978,"Good Night, The (2007)",Comedy|Drama|Fantasy|Musical|Romance,7999
54995,Planet Terror (2007),Action|Horror|Sci-Fi,8000
54997,3:10 to Yuma (2007),Action|Crime|Drama|Western,8001
54999,Shoot 'Em Up (2007),Action|Comedy|Crime,8002
55020,"Ten, The (2007)",Comedy,8003
55052,Atonement (2007),Drama|Romance|War,8004
55063,My Winnipeg (2007),Documentary|Fantasy,8005
55067,Requiem (2006),Drama|Thriller,8006
55069,"4 Months, 3 Weeks and 2 Days (4 luni, 3 saptamâni si 2 zile) (2007)",Drama,8007
55071,No End in Sight (2007),Documentary,8008
55080,"Brave One, The (2007)",Crime|Drama|Thriller,8009
55094,In the Valley of Elah (2007),Drama|Mystery,8010
55098,Paint It Yellow (Rang De Basanti) (2006),Action|Comedy|Drama,8011
55106,Design for Living (1933),Comedy|Romance,8012
55116,"Hunting Party, The (2007)",Action|Adventure|Comedy|Drama|Thriller,8013
55118,Eastern Promises (2007),Crime|Drama|Thriller,8014
55156,"Unreasonable Man, An (2006)",Documentary,8015
55159,Vengeance is Mine (Fukushu suruwa wareniari) (1979),Crime|Drama,8016
55167,Tekkonkinkreet (Tekkon kinkurîto) (2006),Action|Adventure|Animation|Crime|Fantasy,8017
55176,In the Shadow of the Moon (2007),Documentary,8018
55190,Love and Other Disasters (2006),Comedy|Romance,8019
55205,Interview (2007),Drama,8020
55207,Cashback (2004),Comedy|Drama,8021
55232,Resident Evil: Extinction (2007),Action|Horror|Sci-Fi|Thriller,8022
55241,Mr. Woodcock (2007),Comedy,8023
55245,Good Luck Chuck (2007),Comedy|Romance,8024
55247,Into the Wild (2007),Action|Adventure|Drama,8025
55250,"Game Plan, The (2007)",Comedy,8026
55253,"Lust, Caution (Se, jie) (2007)",Drama|Romance|Thriller|War,8027
55255,Feast of Love (2007),Drama|Romance,8028
55257,Postal (2007),Action|Comedy|Thriller,8029
55259,"Seeker: The Dark Is Rising, The (2007)",Action|Adventure|Drama|Fantasy,8030
55261,"Heartbreak Kid, The (2007)",Comedy|Drama|Romance,8031
55267,Dan in Real Life (2007),Comedy|Drama|Romance,8032
55269,"Darjeeling Limited, The (2007)",Adventure|Comedy|Drama,8033
55272,We Own the Night (2007),Crime|Drama,8034
55274,Elizabeth: The Golden Age (2007),Drama,8035
55276,Michael Clayton (2007),Drama|Thriller,8036
55278,Sleuth (2007),Drama|Mystery|Thriller,8037
55280,Lars and the Real Girl (2007),Comedy|Drama,8038
55282,30 Days of Night (2007),Horror|Thriller,8039
55284,Rendition (2007),Drama|Thriller,8040
55286,Things We Lost in the Fire (2007),Drama|Romance,8041
55288,Reservation Road (2007),Drama|Thriller,8042
55290,Gone Baby Gone (2007),Crime|Drama|Mystery,8043
55360,Climates (Iklimler) (2006),Drama,8044
55363,"Assassination of Jesse James by the Coward Robert Ford, The (2007)",Crime|Drama|Western,8045
55402,Beaufort (2007),Action|Drama|War,8046
55417,Irina Palm (2007),Drama,8047
55442,Persepolis (2007),Animation|Drama,8048
55444,Control (2007),Drama,8049
55451,The Jane Austen Book Club (2007),Comedy|Drama|Romance,8050
55498,Silk (2007),Adventure|Drama|Romance,8051
55553,Black Sheep (2006),Comedy|Horror,8052
55555,"Edge of Heaven, The (Auf der anderen Seite) (2007)",Drama,8053
55566,Tyler Perry's Why Did I Get Married? (2007),Comedy|Drama,8054
55577,Saw IV (2007),Crime|Horror|Thriller,8055
55620,For the Bible Tells Me So (2007),Documentary,8056
55652,Scum (1979),Crime|Drama,8057
55687,My Kid Could Paint That (2007),Documentary,8058
55705,Secret Sunshine (Milyang) (2007),Comedy|Drama|Romance,8059
55721,Elite Squad (Tropa de Elite) (2007),Action|Crime|Drama|Thriller,8060
55726,"Year My Parents Went on Vacation, The (O Ano em Que Meus Pais Saíram de Férias) (2006)",Drama,8061
55729,King of California (2007),Comedy,8062
55732,Martian Child (2007),Comedy|Drama,8063
55765,American Gangster (2007),Crime|Drama|Thriller,8064
55768,Bee Movie (2007),Animation|Comedy,8065
55805,Before the Devil Knows You're Dead (2007),Crime|Drama|Thriller,8066
55814,"Diving Bell and the Butterfly, The (Scaphandre et le papillon, Le) (2007)",Drama,8067
55820,No Country for Old Men (2007),Crime|Drama,8068
55830,Be Kind Rewind (2008),Comedy,8069
55844,Itty Bitty Titty Committee (2007),Comedy|Drama|Romance,8070
55851,Crazy Love (2007),Documentary,8071
55872,August Rush (2007),Drama|Musical,8072
55895,"Desperate Hours, The (1955)",Drama|Film-Noir|Thriller,8073
55901,"You, the Living (Du levande) (2007)",Comedy|Drama|Musical,8074
55908,"Man from Earth, The (2007)",Drama|Sci-Fi,8075
55946,Lions For Lambs (2007),Drama|Thriller|War,8076
55955,Fred Claus (2007),Children|Comedy|Fantasy,8077
55995,Beowulf (2007),Action|Adventure|Animation|Fantasy|IMAX,8078
55999,Mr. Magorium's Wonder Emporium (2007),Children|Comedy|Fantasy,8079
56001,Love in the Time of Cholera (2007),Drama|Romance,8080
56003,Southland Tales (2006),Comedy|Drama|Sci-Fi|Thriller,8081
56015,Kansas City Confidential (1952),Crime|Drama|Film-Noir|Mystery,8082
56060,I Served the King of England (Obsluhoval jsem anglického krále) (2006),Comedy|Drama|Romance|War,8083
56079,Smiley Face (2007),Comedy,8084
56093,12 (2007),Crime|Drama|Thriller|War,8085
56095,XXY (2007),Drama,8086
56141,Blame it on Fidel! (La faute à Fidel!) (2006),Drama,8087
56145,"Mist, The (2007)",Horror|Sci-Fi,8088
56152,Enchanted (2007),Adventure|Animation|Children|Comedy|Fantasy|Musical|Romance,8089
56156,Hitman (2007),Action|Crime|Thriller,8090
56165,P2 (2007),Horror|Thriller,8091
56167,Om Shanti Om (2007),Action|Drama|Musical|Romance,8092
56169,Awake (2007),Drama|Thriller,8093
56171,"Golden Compass, The (2007)",Adventure|Children|Fantasy,8094
56174,I Am Legend (2007),Action|Horror|Sci-Fi|Thriller|IMAX,8095
56176,Alvin and the Chipmunks (2007),Children|Comedy,8096
56274,Margot at the Wedding (2007),Drama,8097
56286,I'm Not There (2007),Drama,8098
56333,"Savages, The (2007)",Comedy|Drama,8099
56339,"Orphanage, The (Orfanato, El) (2007)",Drama|Horror|Mystery|Thriller,8100
56350,That Hamilton Woman (1941),Drama|Romance|War,8101
56367,Juno (2007),Comedy|Drama|Romance,8102
56370,"Goodbye Bafana (Color of Freedom, The) (2007)",Drama|War,8103
56372,Tokyo Twilight (Tôkyô boshoku) (1957),Drama,8104
56379,"Maxed Out: Hard Times, Easy Credit and the Era of Predatory Lenders (2006)",Documentary,8105
56389,My Blueberry Nights (2007),Drama|Romance,8106
56432,"Swimming Pool, The (La piscine) (1969)",Crime|Drama,8107
56479,Party Monster (1998),Documentary,8108
56508,Starting Out in the Evening (2007),Drama,8109
56563,Helvetica (2007),Documentary,8110
56587,"Bucket List, The (2007)",Comedy|Drama,8111
56607,"Kite Runner, The (2007)",Drama,8112
56620,"Deaths of Ian Stone, The (2007)",Horror|Thriller,8113
56633,Butterfly on a Wheel (Shattered) (2007),Crime|Drama|Thriller,8114
56671,"Go-Getter, The (2007)",Comedy|Drama,8115
56715,Wristcutters: A Love Story (2006),Drama|Fantasy|Romance,8116
56719,Vitus (2006),Drama,8117
56744,Longford (2006),Crime|Drama,8118
56757,Sweeney Todd: The Demon Barber of Fleet Street (2007),Drama|Horror|Musical|Thriller,8119
56775,National Treasure: Book of Secrets (2007),Action|Adventure,8120
56782,There Will Be Blood (2007),Drama|Western,8121
56786,W.R.: Mysteries of the Organism  (1971),Comedy|Documentary,8122
56788,Charlie Wilson's War (2007),Comedy|Drama|War,8123
56801,AVPR: Aliens vs. Predator - Requiem (2007),Action|Horror|Sci-Fi,8124
56805,Walk Hard: The Dewey Cox Story (2007),Comedy|Musical,8125
56846,Rabbit Without Ears (Keinohrhasen) (2007),Comedy|Romance,8126
56869,Drained (O cheiro do Ralo) (2006),Comedy,8127
56885,"Great Debaters, The (2007)",Drama,8128
56908,Dedication (2007),Comedy|Drama|Romance,8129
56915,"Water Horse: Legend of the Deep, The (2007)",Adventure|Children|Fantasy,8130
56941,P.S. I Love You (2007),Comedy|Drama|Romance,8131
56949,27 Dresses (2008),Comedy|Romance,8132
57069,Equinox Flower (Higanbana) (1958),Comedy|Drama,8133
57147,Cassandra's Dream (2007),Crime|Drama|Thriller,8134
57183,Like Stars on Earth (Taare Zameen Par) (2007),Drama,8135
57243,"Band's Visit, The (Bikur Ha-Tizmoret) (2007)",Comedy|Drama,8136
57274,[REC] (2007),Drama|Horror|Thriller,8137
57326,In the Name of the King: A Dungeon Siege Tale (2008),Action|Adventure|Fantasy,8138
57353,Flawless (2007),Crime|Drama,8139
57368,Cloverfield (2008),Action|Mystery|Sci-Fi|Thriller,8140
57370,Mad Money (2008),Comedy|Crime|Thriller,8141
57393,Trade (2007),Crime|Drama|Thriller,8142
57401,Cleaner (2007),Crime|Thriller,8143
57421,Hatchet (2006),Comedy|Horror,8144
57453,Arranged (2007),Comedy|Drama|Romance,8145
57464,He Was a Quiet Man (2007),Drama,8146
57502,Cat Soup (Nekojiru-so) (2001),Adventure|Animation|Drama|Horror,8147
57504,"Girl Who Leapt Through Time, The (Toki o kakeru shôjo) (2006)",Animation|Comedy|Drama|Romance|Sci-Fi,8148
57520,One Missed Call (2008),Horror|Mystery|Thriller,8149
57526,Untraceable (2008),Crime|Thriller,8150
57528,Rambo (Rambo 4) (2008),Action|Drama|Thriller|War,8151
57532,Meet the Spartans (2008),Comedy,8152
57534,"Eye, The (2008)",Drama|Horror|Thriller,8153
57536,Strange Wilderness (2008),Comedy,8154
57538,Over Her Dead Body (2008),Comedy|Fantasy|Romance,8155
57543,Fallen Art (Sztuka spadania) (2004),Action|Animation|Comedy,8156
57550,Kings of the Road (Im Lauf der Zeit) (1976),Drama,8157
57637,"Signal, The (2007)",Horror|Sci-Fi|Thriller,8158
57640,Hellboy II: The Golden Army (2008),Action|Adventure|Fantasy|Sci-Fi,8159
57669,In Bruges (2008),Comedy|Crime|Drama|Thriller,8160
57706,À nos amours (1983),Drama|Romance,8161
57772,World on a Wire (Welt am Draht) (1973),Crime|Sci-Fi,8162
57792,Caramel (Sukkar banat) (2007),Comedy,8163
57845,Joe Strummer: The Future Is Unwritten (2007),Documentary,8164
57854,The Count of Monte Cristo (1934),Action|Adventure|Drama|Romance|Thriller,8165
57910,Teeth (2007),Comedy|Horror,8166
57946,Noriko's Dinner Table (Noriko no shokutaku) (2005),Drama|Horror,8167
57951,Fool's Gold (2008),Action|Adventure|Comedy|Romance,8168
57980,"Art of Negative Thinking, The (Kunsten å tenke negativt) (2006)",Comedy|Drama,8169
58025,Jumper (2008),Action|Adventure|Drama|Sci-Fi|Thriller,8170
58047,"Definitely, Maybe (2008)",Comedy|Drama|Romance,8171
58078,"Air I Breathe, The (2007)",Crime|Drama|Romance|Thriller,8172
58103,Vantage Point (2008),Action|Drama|Thriller,8173
58105,"Spiderwick Chronicles, The (2008)",Adventure|Children|Drama|Fantasy|IMAX,8174
58107,Step Up 2 the Streets (2008),Drama|Musical|Romance,8175
58111,Jodhaa Akbar (2008),Drama|Musical|Romance|War,8176
58123,Il Mare (Siworae) (2000),Fantasy|Romance|Sci-Fi,8177
58154,"Other Boleyn Girl, The (2008)",Drama|Romance,8178
58156,Semi-Pro (2008),Comedy,8179
58162,Run Fatboy Run (2007),Comedy|Romance,8180
58191,Taxi to the Dark Side (2007),Documentary,8181
58223,"Method, The (Método, El) (2005)",Drama,8182
58246,Grace Is Gone (2007),Drama,8183
58293,"10,000 BC (2008)",Adventure|Romance|Thriller,8184
58295,"Bank Job, The (2008)",Action|Crime|Thriller,8185
58297,Doomsday (2008),Action|Drama|Sci-Fi|Thriller,8186
58299,Horton Hears a Who! (2008),Adventure|Animation|Children|Comedy,8187
58301,Funny Games U.S. (2007),Drama|Thriller,8188
58303,"Counterfeiters, The (Die Fälscher) (2007)",Crime|Drama|War,8189
58306,Mongol (2007),Drama|War,8190
58315,"Love Guru, The (2008)",Comedy,8191
58332,Diary of the Dead (2007),Horror|Sci-Fi,8192
58334,Hallam Foe (Mister Foe) (2007),Drama|Romance,8193
58347,Penelope (2006),Comedy|Fantasy|Romance,8194
58351,City of Men (Cidade dos Homens) (2007),Drama,8195
58376,Zeitgeist: The Movie (2007),Documentary|War,8196
58379,Terkel in Trouble (Terkel i knibe) (2004),Animation|Comedy|Drama|Musical,8197
58381,Jellyfish (Meduzot) (2007),Drama,8198
58418,Then She Found Me (2007),Comedy|Drama|Romance,8199
58422,"Island, The (a.k.a. Naked Island) (Hadaka no shima) (1960)",Drama,8200
58425,Heima (2007),Documentary,8201
58432,What Just Happened (2008),Comedy|Drama,8202
58485,Return of the Living Dead 3 (1993),Horror|Romance|Sci-Fi,8203
58490,Miss Pettigrew Lives for a Day (2008),Comedy|Romance,8204
58492,Snow Angels (2007),Drama,8205
58494,Married Life (2007),Crime|Drama|Romance,8206
58554,"Class, The (Klass) (2007)",Drama,8207
58559,"Dark Knight, The (2008)",Action|Crime|Drama|IMAX,8208
58622,"Hammer, The (2007)",Comedy,8209
58627,Never Back Down (2008),Action,8210
58649,Napoléon (1927),Drama|War,8211
58652,CJ7 (Cheung Gong 7 hou) (2008),Children|Comedy|Sci-Fi,8212
58655,Drillbit Taylor (2008),Comedy,8213
58706,"Under the Same Moon (Misma luna, La) (2007)",Drama,8214
58709,Tropical Malady (Sud pralad) (2004),Drama|Fantasy|Romance,8215
58783,Youth Without Youth (2007),Drama|Romance|Sci-Fi,8216
58803,21 (2008),Crime|Drama|Romance|Thriller,8217
58806,Smart People (2008),Comedy|Drama|Romance,8218
58808,"Last Hangman, The (Pierrepoint) (2005)",Drama,8219
58839,Leatherheads (2008),Comedy|Drama|Romance,8220
58874,Marketa Lazarová (1967),Drama|Romance,8221
58876,Stop-Loss (2008),Drama|War,8222
58879,Shine a Light (2008),Documentary|Musical|IMAX,8223
58937,Julia (2008),Drama|Thriller,8224
58964,Inside (À l'intérieur) (2007),Horror|Thriller,8225
58972,Nim's Island (2008),Adventure|Comedy|Fantasy,8226
58975,"Ruins, The (2008)",Horror|Thriller,8227
58992,Joy Division (2007),Documentary|Musical,8228
58998,Forgetting Sarah Marshall (2008),Comedy|Romance,8229
59000,Sex and Death 101 (2007),Comedy|Drama,8230
59014,Superhero Movie (2008),Action|Comedy|Sci-Fi,8231
59016,Street Kings (2008),Crime|Drama|Thriller,8232
59018,"Visitor, The (2007)",Drama|Romance,8233
59022,Harold & Kumar Escape from Guantanamo Bay (2008),Adventure|Comedy,8234
59026,99 francs (2007),Comedy,8235
59037,Speed Racer (2008),Action|Children|Sci-Fi|IMAX,8236
59103,"Forbidden Kingdom, The (2008)",Action|Adventure|Comedy|Fantasy,8237
59107,"Life Before Her Eyes, The (2007)",Drama|Thriller,8238
59118,Happy-Go-Lucky (2008),Comedy|Drama,8239
59126,Religulous (2008),Comedy|Documentary,8240
59141,Son of Rambow (2007),Children|Comedy|Drama,8241
59143,Super High Me (2007),Comedy|Documentary,8242
59188,Viva Zapata! (1952),Western,8243
59220,Outsourced (2006),Comedy|Romance,8244
59256,Deception (2008),Action|Drama|Thriller,8245
59258,Baby Mama (2008),Comedy,8246
59260,"Unknown Woman, The (La Sconosciuta) (2006)",Drama|Mystery|Thriller,8247
59295,Expelled: No Intelligence Allowed (2008),Documentary,8248
59306,Prom Night (2008),Horror|Mystery|Thriller,8249
59315,Iron Man (2008),Action|Adventure|Sci-Fi,8250
59333,Made of Honor (2008),Comedy|Romance,8251
59336,Redbelt (2008),Action|Drama,8252
59339,Mister Lonely (2007),Comedy|Drama,8253
59362,Anamorph (2007),Crime|Thriller,8254
59369,Taken (2008),Action|Crime|Drama|Thriller,8255
59382,Flight of the Red Balloon (2007),Children|Drama,8256
59387,"Fall, The (2006)",Adventure|Drama|Fantasy,8257
59399,Blind Dating (2006),Comedy|Romance,8258
59404,Meet Bill (2007),Comedy|Drama,8259
59418,"American Crime, An (2007)",Crime,8260
59421,What Happens in Vegas... (2008),Comedy|Romance,8261
59440,Bella (2006),Drama|Romance,8262
59485,a/k/a Tommy Chong (2005),Documentary,8263
59501,"Chronicles of Narnia: Prince Caspian, The (2008)",Adventure|Children|Fantasy,8264
59519,Reprise (2006),Drama,8265
59547,"Ron Clark Story, The (2006)",Drama,8266
59549,Shelter (2007),Drama|Romance,8267
59590,Young at Heart (a.k.a. Young@Heart) (2007),Documentary|Musical,8268
59594,"War, Inc. (2008)",Comedy|Crime|Thriller,8269
59604,"Girl Next Door, The (2007)",Crime|Drama|Horror|Thriller,8270
59607,King Corn (2007),Documentary,8271
59615,Indiana Jones and the Kingdom of the Crystal Skull (2008),Action|Adventure|Comedy|Sci-Fi,8272
59684,Lake of Fire (2006),Documentary,8273
59709,"Oxford Murders, The (2007)",Crime|Mystery|Romance|Thriller,8274
59715,Shutter (2008),Horror|Mystery|Thriller,8275
59721,"Grand, The (2007)",Comedy,8276
59725,Sex and the City (2008),Comedy|Romance,8277
59727,"Strangers, The (2008)",Horror|Thriller,8278
59731,"Bigger, Stronger, Faster* (2008)",Documentary,8279
59738,All the Boys Love Mandy Lane (2006),Horror|Mystery|Thriller,8280
59753,Memories of Matsuko (Kiraware Matsuko no isshô) (2006),Comedy|Drama|Musical|Mystery,8281
59784,Kung Fu Panda (2008),Action|Animation|Children|Comedy|IMAX,8282
59810,Recount (2008),Drama,8283
59814,Ex Drummer (2007),Comedy|Crime|Drama|Horror,8284
59832,Where the Sidewalk Ends (1950),Crime|Drama|Film-Noir,8285
59900,You Don't Mess with the Zohan (2008),Comedy,8286
59908,"Promotion, The (2008)",Comedy,8287
59912,My Brother Is an Only Child (Mio fratello è figlio unico) (2006),Comedy|Crime|Drama,8288
59915,Stuck (2007),Horror|Thriller,8289
59976,"Posto, Il (1961)",Drama,8290
59985,Chaos Theory (2007),Comedy|Drama|Romance,8291
59995,Boy A (2007),Crime|Drama,8292
60007,Doctor Who (1996),Adventure|Sci-Fi,8293
60020,"Warlords, The (Tau ming chong) (2007)",Action|Drama|War,8294
60037,"Happening, The (2008)",Drama|Sci-Fi|Thriller,8295
60040,"Incredible Hulk, The (2008)",Action|Sci-Fi,8296
60046,"Children of Huang Shi, The (2008)",Drama|War,8297
60069,WALL·E (2008),Adventure|Animation|Children|Romance|Sci-Fi,8298
60072,Wanted (2008),Action|Thriller,8299
60074,Hancock (2008),Action|Adventure|Comedy|Crime|Fantasy,8300
60126,Get Smart (2008),Action|Comedy,8301
60128,Young People Fucking (a.k.a. YPF) (2007),Comedy,8302
60137,"Rape of Europa, The (2006)",Documentary,8303
60141,St. Trinian's (2007),Children|Comedy,8304
60147,Roman de gare (2007),Drama,8305
60198,"Sandglass, The (Sanatorium pod klepsydra) (1973)",Mystery,8306
60201,"Color of Pomegranates, The (Sayat Nova) (1968)",Drama,8307
60259,Bambi 2 (2006),Animation|Children|Drama,8308
60289,Kit Kittredge: An American Girl (2008),Children|Comedy|Drama|Mystery,8309
60291,Gonzo: The Life and Work of Dr. Hunter S. Thompson (2008),Documentary,8310
60293,"Wackness, The (2008)",Comedy|Drama|Romance,8311
60295,Up the Yangtze (2007),Documentary,8312
60303,Strange Circus (Kimyô na sâkasu) (2005),Horror|Mystery|Thriller,8313
60333,Encounters at the End of the World (2008),Documentary,8314
60336,Bad Blood (Mauvais sang) (1986),Crime|Drama|Romance,8315
60341,Standard Operating Procedure (2008),Crime|Documentary|War,8316
60363,Zombie Strippers! (2008),Comedy|Horror,8317
60382,Roman Polanski: Wanted and Desired (2008),Documentary,8318
60384,Z Channel: A Magnificent Obsession (2004),Documentary,8319
60397,Mamma Mia! (2008),Comedy|Musical|Romance,8320
60408,Welcome to the Sticks (Bienvenue chez les Ch'tis) (2008),Comedy,8321
60418,Kabluey (2007),Comedy|Drama,8322
60471,Rogue (2007),Action|Adventure|Horror|Sci-Fi|Thriller,8323
60482,Towelhead (a.k.a. Nothing is Private) (2007),Drama,8324
60487,"It's the Great Pumpkin, Charlie Brown (1966)",Animation|Children|Comedy,8325
60503,Katyn (2007),Drama|War,8326
60514,Journey to the Center of the Earth (2008),Action|Adventure|Sci-Fi,8327
60516,Meet Dave (2008),Adventure|Children|Comedy|Romance|Sci-Fi,8328
60522,"Machine Girl, The (Kataude mashin gâru) (2008)",Action|Comedy|Fantasy|Horror|Thriller,8329
60530,Water Lilies (Naissance des pieuvres) (2007),Drama,8330
60551,Breath (Soom) (2007),Drama,8331
60566,Just Another Love Story (Kærlighed på film) (2007),Crime|Drama|Thriller,8332
60609,Death Note (2006),Adventure|Crime|Drama|Horror|Mystery,8333
60647,Transsiberian (2008),Crime|Drama|Thriller,8334
60684,Watchmen (2009),Action|Drama|Mystery|Sci-Fi|Thriller|IMAX,8335
60735,Shotgun Stories (2007),Drama|Thriller,8336
60753,Felon (2008),Crime|Drama,8337
60756,Step Brothers (2008),Comedy,8338
60758,Brideshead Revisited (2008),Drama,8339
60760,"X-Files: I Want to Believe, The (2008)",Drama|Mystery|Sci-Fi|Thriller,8340
60763,American Teen (2008),Documentary,8341
60766,Man on Wire (2008),Documentary,8342
60803,"Little Drummer Boy, The (1968)",Animation|Children|Musical,8343
60832,Pathology (2008),Crime|Horror|Thriller,8344
60857,"Tracey Fragments, The (2007)",Drama,8345
60894,"Edge of Love, The (2008)",Drama|Romance|War,8346
60937,"Mummy: Tomb of the Dragon Emperor, The (2008)",Action|Adventure|Fantasy|Thriller,8347
60939,Swing Vote (2008),Comedy|Drama,8348
60941,"Midnight Meat Train, The (2008)",Horror|Mystery|Thriller,8349
60943,Frozen River (2008),Drama,8350
60948,Bottle Shock (2008),Drama,8351
60950,Vicky Cristina Barcelona (2008),Comedy|Drama|Romance,8352
60990,"End of Summer, The (Early Autumn) (Kohayagawa-ke no aki) (1961)",Drama,8353
60992,"Moment to Remember, A (Nae meorisokui jiwoogae) (2004)",Drama|Romance,8354
61009,Inside Paris (Dans Paris) (2006),Drama,8355
61013,Absolute Giganten (1999),Action|Comedy|Drama|Romance,8356
61018,Peppermint Candy (Bakha satang) (1999),Drama,8357
61024,Pineapple Express (2008),Action|Comedy|Crime,8358
61026,Red Cliff (Chi bi) (2008),Action|Adventure|Drama|War,8359
61037,Silent Light (Stellet licht) (2007),Drama,8360
61071,"Sisterhood of the Traveling Pants 2, The (2008)",Adventure|Comedy|Drama|Romance,8361
61073,Hell Ride (2008),Action|Drama|Thriller,8362
61075,Elegy (2008),Drama|Romance,8363
61100,Still Life (Sanxia haoren) (2006),Drama|Romance,8364
61123,High School Musical 2 (2007),Comedy|Drama|Musical|Romance,8365
61132,Tropic Thunder (2008),Action|Adventure|Comedy|War,8366
61160,Star Wars: The Clone Wars (2008),Action|Adventure|Animation|Sci-Fi,8367
61167,Henry Poole is Here (2008),Drama|Mystery,8368
61210,Mutant Chronicles (2008),Action|Adventure|Sci-Fi,8369
61236,Waltz with Bashir (Vals im Bashir) (2008),Animation|Documentary|Drama|War,8370
61240,Let the Right One In (Låt den rätte komma in) (2008),Drama|Fantasy|Horror|Romance,8371
61246,Hamlet 2 (2008),Comedy,8372
61248,Death Race (2008),Action|Adventure|Sci-Fi|Thriller,8373
61250,"House Bunny, The (2008)",Comedy,8374
61255,"Rocker, The (2008)",Comedy,8375
61257,I.O.U.S.A. (a.k.a. IOUSA) (2008),Documentary,8376
61262,Mirrors (2008),Horror|Mystery|Thriller,8377
61289,Sukiyaki Western Django (2008),Action|Western,8378
61323,Burn After Reading (2008),Comedy|Crime|Drama,8379
61348,Disaster Movie (2008),Comedy,8380
61350,Babylon A.D. (2008),Action|Adventure|Sci-Fi|Thriller,8381
61352,Traitor (2008),Crime|Drama|Thriller,8382
61357,Trouble the Water (2008),Documentary,8383
61361,"Women, The (2008)",Comedy|Drama,8384
61373,"Woman in Black, The (1989)",Horror|Mystery,8385
61401,"Spirit, The (2008)",Action|Comedy|Fantasy|Thriller,8386
61406,John Adams (2008),Drama,8387
61449,"Burning Plain, The (2008)",Drama|Romance,8388
61465,Bangkok Dangerous (2008),Action|Crime|Thriller,8389
61493,Flash Point (a.k.a. Flashpoint) (Dou fo sin) (2007),Action,8390
61646,DarkBlueAlmostBlack (Azuloscurocasinegro) (2006),Drama|Romance,8391
61678,"Foot Fist Way, The (2006)",Comedy,8392
61697,Righteous Kill (2008),Crime|Mystery|Thriller,8393
61705,Lakeview Terrace (2008),Drama|Thriller,8394
61724,Shadows in Paradise (Varjoja paratiisissa) (1986),Comedy|Romance,8395
61729,Ghost Town (2008),Comedy|Fantasy|Romance,8396
61742,Maradona by Kusturica (2008),Documentary,8397
61816,Import/Export (2007),Drama,8398
61937,Sawdust and Tinsel (Gycklarnas afton) (1953),Drama,8399
61941,Humboldt County (2008),Comedy|Drama,8400
61948,100 Feet (2008),Horror|Thriller,8401
61967,"Autumn Afternoon, An (Sanma no aji) (1962)",Drama,8402
61986,Appaloosa (2008),Western,8403
61991,Miracle at St. Anna (2008),Drama|Mystery|War,8404
62000,"Steamroller and the Violin, The (Katok i skripka) (1961)",Drama,8405
62049,1984 (1956),Drama|Sci-Fi,8406
62081,Eagle Eye (2008),Action|Crime|Thriller|IMAX,8407
62113,How to Lose Friends & Alienate People (2008),Comedy,8408
62115,Six Shooter (2004),Comedy|Drama,8409
62137,Nights in Rodanthe (2008),Drama|Romance,8410
62155,Nick and Norah's Infinite Playlist (2008),Comedy|Drama|Romance,8411
62198,Marjoe (1972),Documentary,8412
62203,Martyrs (2008),Horror,8413
62235,Red (2008),Drama|Thriller,8414
62245,"Music Room, The (Jalsaghar) (1958)",Drama,8415
62250,Gomorrah (Gomorra) (2008),Crime|Drama,8416
62265,"Accidental Husband, The (2009)",Comedy|Romance,8417
62293,"Duchess, The (2008)",Drama|Romance,8418
62344,Rachel Getting Married (2008),Drama|Romance,8419
62374,Body of Lies (2008),Action|Drama|Thriller,8420
62376,City of Ember (2008),Adventure|Children|Sci-Fi,8421
62383,"20,000 Leagues Under the Sea (1916)",Action|Adventure|Sci-Fi,8422
62394,Max Payne (2008),Action|Crime|Drama|Thriller,8423
62434,Zack and Miri Make a Porno (2008),Comedy|Drama|Romance,8424
62437,W. (2008),Drama,8425
62439,My Best Friend's Girl (2008),Comedy|Romance,8426
62511,"Synecdoche, New York (2008)",Comedy|Drama,8427
62553,"Secret Life of Bees, The (2008)",Drama,8428
62577,Flash of Genius (2008),Drama,8429
62644,"Wave, The (Welle, Die) (2008)",Drama,8430
62718,"Angus, Thongs and Perfect Snogging (2008)",Comedy|Romance,8431
62726,Tyler Perry's The Family That Preys (2008),Drama,8432
62733,Quarantine (2008),Drama|Horror|Mystery|Thriller,8433
62792,Pride and Glory (2008),Crime|Drama,8434
62799,"Express, The (2008)",Drama,8435
62801,Lone Wolf and Cub: Baby Cart to Hades (Kozure Ôkami: Shinikazeni mukau ubaguruma) (1972),Action|Drama,8436
62803,Lone Wolf and Cub: Baby Cart in Peril (Kozure Ôkami: Oya no kokoro ko no kokoro) (1972),Action,8437
62834,Babylon 5: The Legend of the Rangers: To Live and Die in Starlight (2002),Sci-Fi,8438
62836,Babylon 5: The Lost Tales - Voices in the Dark (2007),Sci-Fi,8439
62849,RocknRolla (2008),Action|Crime,8440
62912,High School Musical 3: Senior Year (2008),Musical,8441
62999,Madagascar: Escape 2 Africa (2008),Action|Adventure|Animation|Children|Comedy|IMAX,8442
63001,Admiral (2008),Drama|War,8443
63033,Blindness (2008),Drama|Mystery|Romance|Thriller,8444
63062,Changeling (2008),Crime|Drama|Mystery,8445
63072,"Road, The (2009)",Adventure|Drama|Thriller,8446
63082,Slumdog Millionaire (2008),Crime|Drama|Romance,8447
63113,Quantum of Solace (2008),Action|Adventure|Thriller,8448
63131,Role Models (2008),Comedy,8449
63179,Tokyo! (2008),Drama,8450
63181,Tokyo Gore Police (Tôkyô zankoku keisatsu) (2008),Action|Horror,8451
63189,Sauna (2008),Horror|Mystery,8452
63194,Caótica Ana (2007),Comedy|Drama|Mystery|Romance,8453
63222,JCVD (2008),Action|Drama|Thriller,8454
63239,Cinderella (1997),Children|Fantasy|Musical|Romance,8455
63276,Crows Zero (Kurôzu zero) (2007),Action,8456
63312,Krabat (2008),Drama|Fantasy,8457
63393,Camp Rock (2008),Comedy|Musical|Romance,8458
63433,Farscape: The Peacekeeper Wars (2004),Action|Adventure|Sci-Fi,8459
63436,Saw V (2008),Crime|Horror|Thriller,8460
63446,"Christmas Tale, A (Un conte de Noël) (2008)",Comedy|Drama,8461
63479,Sex Drive (2008),Comedy,8462
63515,The Island (2006),Drama|Mystery,8463
63540,Beverly Hills Chihuahua (2008),Adventure|Children|Comedy,8464
63676,"Face of Another, The (Tanin no kao) (1966)",Drama|Sci-Fi,8465
63698,Three Monkeys (Üç maymun) (2008),Drama,8466
63808,"Class, The (Entre les murs) (2008)",Drama,8467
63826,Splinter (2008),Action|Horror|Thriller,8468
63853,Australia (2008),Adventure|Drama|War|Western,8469
63859,Bolt (2008),Action|Adventure|Animation|Children|Comedy,8470
63876,Milk (2008),Drama,8471
63992,Twilight (2008),Drama|Fantasy|Romance|Thriller,8472
64010,"Children, The (2008)",Horror,8473
64030,Transporter 3 (2008),Action|Adventure|Crime|Thriller,8474
64032,Four Christmases (2008),Comedy,8475
64034,"Boy in the Striped Pajamas, The (Boy in the Striped Pyjamas, The) (2008)",Drama|War,8476
64037,Surveillance (2008),Crime|Mystery|Thriller,8477
64114,Fireproof (2008),Drama|Romance,8478
64116,Igor (2008),Animation|Comedy,8479
64167,Dinotopia (2002),Adventure|Fantasy,8480
64197,Hunger (2008),Drama,8481
64229,Cadillac Records (2008),Drama|Musical,8482
64231,Punisher: War Zone (2008),Action|Crime|Drama|Thriller,8483
64241,"Lonely Wife, The (Charulata) (1964)",Drama|Romance,8484
64249,Shrek the Halls (2007),Adventure|Animation|Comedy|Fantasy,8485
64278,"Pervert's Guide to Cinema, The (2006)",Documentary,8486
64285,Wallace and Gromit in 'A Matter of Loaf and Death' (2008),Animation|Comedy,8487
64497,"Day the Earth Stood Still, The (2008)",Drama|Sci-Fi|Thriller|IMAX,8488
64499,Che: Part One (2008),Drama|War,8489
64501,Che: Part Two (2008),Drama|War,8490
64511,Dean Spanley (2008),Comedy|Drama,8491
64575,Doubt (2008),Drama|Mystery,8492
64614,Gran Torino (2008),Crime|Drama,8493
64620,Frost/Nixon (2008),Drama,8494
64622,"Reader, The (2008)",Drama|Romance,8495
64650,"Marriage Made in Heaven, A (Rab Ne Bana Di Jodi) (2008)",Comedy|Drama|Musical|Romance,8496
64695,Sword of the Stranger (Sutorejia: Mukô hadan) (2007),Action|Adventure|Animation,8497
64701,I've Loved You So Long (Il y a longtemps que je t'aime) (2008),Drama|Mystery,8498
64716,Seven Pounds (2008),Drama,8499
64839,"Wrestler, The (2008)",Drama,8500
64930,"More the Merrier, The (1943)",Comedy|Romance,8501
64957,"Curious Case of Benjamin Button, The (2008)",Drama|Fantasy|Mystery|Romance,8502
64969,Yes Man (2008),Comedy,8503
64983,Valkyrie (2008),Drama|Thriller|War,8504
64993,5 Centimeters per Second (Byôsoku 5 senchimêtoru) (2007),Animation|Drama|Romance,8505
64997,War of the Worlds (2005),Action|Sci-Fi,8506
65037,Ben X (2007),Drama,8507
65088,Bedtime Stories (2008),Adventure|Children|Comedy,8508
65126,Choke (2008),Comedy|Drama,8509
65130,Revolutionary Road (2008),Drama|Romance,8510
65133,Blackadder Back & Forth (1999),Comedy,8511
65142,Loft (2008),Crime|Drama|Mystery,8512
65188,Dear Zachary: A Letter to a Son About His Father (2008),Documentary,8513
65193,Wild Child (2008),Drama|Romance,8514
65216,Defiance (2008),Drama|Thriller|War,8515
65225,Zeitgeist: Addendum (2008),Documentary,8516
65230,Marley & Me (2008),Comedy|Drama,8517
65259,Involuntary (De ofrivilliga) (2008),Drama,8518
65261,Ponyo (Gake no ue no Ponyo) (2008),Adventure|Animation|Children|Fantasy,8519
65310,Poultrygeist: Night of the Chicken Dead (2006),Comedy|Horror|Musical,8520
65357,House of Sand (Casa de Areia) (2005),Drama,8521
65418,Wendy and Lucy (2008),Drama,8522
65435,Open Season 2 (2008),Adventure|Animation|Children|Comedy,8523
65465,Last Chance Harvey (2008),Drama|Romance,8524
65514,Ip Man (2008),Action|Drama|War,8525
65567,Passengers (2008),Drama|Mystery|Thriller,8526
65577,"Tale of Despereaux, The (2008)",Adventure|Animation|Children|Comedy|Fantasy,8527
65585,Bride Wars (2009),Comedy|Romance,8528
65588,"Gamers, The: Dorkness Rising (2008)",Action|Adventure|Comedy|Fantasy,8529
65596,Mesrine: Killer Instinct (L'instinct de mort) (2008),Action|Crime|Drama|Thriller,8530
65601,My Bloody Valentine 3-D (2009),Horror|Thriller,8531
65612,Castaway (1986),Adventure|Drama,8532
65631,Battle in Seattle (2007),Action|Drama,8533
65642,"Timecrimes (Cronocrímenes, Los) (2007)",Sci-Fi|Thriller,8534
65660,"Secret of the Grain, The (La graine et le mulet) (2007)",Drama,8535
65682,Underworld: Rise of the Lycans (2009),Action|Fantasy|Horror|Thriller,8536
65685,Inkheart (2008),Adventure|Fantasy,8537
65709,This Filthy World (2006),Comedy|Documentary,8538
65772,"Lazarus Project, The (2008)",Drama|Thriller,8539
65796,Galaxy Express 999 (Ginga tetsudô Three-Nine) (1979),Adventure|Animation|Fantasy|Sci-Fi,8540
65802,Paul Blart: Mall Cop (2009),Action|Comedy|Crime,8541
65810,Notorious (2009),Drama|Musical,8542
65813,"Unborn, The (2009)",Horror|Mystery|Thriller,8543
65868,Repo! The Genetic Opera (2008),Fantasy|Horror|Musical,8544
65882,"Uninvited, The (2009)",Drama|Horror|Mystery|Thriller,8545
65899,12:01 (1993),Comedy|Romance|Sci-Fi|Thriller,8546
65939,Kummeli Goldrush (Kummeli kultakuume) (1997),Comedy,8547
65982,Outlander (2008),Action|Adventure|Sci-Fi,8548
66019,"Great Ecstasy of Woodcarver Steiner, The (Große Ekstase des Bildschnitzers Steiner, Die) (1974)",Documentary,8549
66066,"Grudge 3, The (2009)",Horror,8550
66090,Eden Lake (2008),Horror|Thriller,8551
66092,"Triumph of the Nerds, The: The Rise of Accidental Empires (1996)",Documentary,8552
66097,Coraline (2009),Animation|Fantasy|Thriller,8553
66130,Chocolate (2008),Action|Drama,8554
66156,"Escapist, The (2008)",Thriller,8555
66171,Push (2009),Sci-Fi|Thriller,8556
66198,"International, The (2009)",Drama|Thriller,8557
66200,Two Lovers (2008),Drama|Romance,8558
66203,He's Just Not That Into You (2009),Comedy|Drama|Romance,8559
66279,Husbands (1970),Drama,8560
66304,Hotel for Dogs (2009),Adventure|Children|Comedy,8561
66310,Frontière(s) (2007),Drama|Horror|Thriller,8562
66317,Comet in Moominland (1992),Adventure|Animation|Fantasy,8563
66320,"11th Hour, The (2007)",Documentary,8564
66330,Fireflies in the Garden (2008),Drama,8565
66335,Afro Samurai: Resurrection (2009),Animation,8566
66339,Death by Hanging (Koshikei) (1968),Comedy|Crime,8567
66371,Departures (Okuribito) (2008),Drama,8568
66385,Taking Chance (2009),Drama|War,8569
66427,My Name Is Bruce (2007),Comedy|Horror,8570
66509,Funny People (2009),Comedy|Drama,8571
66511,Berlin Calling (2008),Comedy|Drama,8572
66544,Nuremberg (2000),Drama|War,8573
66547,Bigger Than Life (1956),Drama|Mystery|Thriller,8574
66596,Mystery Team (2009),Comedy|Crime|Mystery,8575
66618,"World Without Thieves, A (Tian xia wu zei) (2004)",Action|Crime|Drama,8576
66659,Tyler Perry's Madea Goes to Jail (2009),Comedy|Crime|Drama,8577
66665,Away We Go (2009),Comedy|Drama|Romance,8578
66691,"Thick as Thieves (a.k.a. Code, The) (2009)",Crime,8579
66744,"Divo, Il (2008)",Drama,8580
66762,Paris (2008),Comedy|Drama|Romance,8581
66783,Friday the 13th (2009),Horror,8582
66785,"Good, the Bad, the Weird, The (Joheunnom nabbeunnom isanghannom) (2008)",Action|Adventure|Comedy|Western,8583
66798,"Pink Panther 2, The (2009)",Adventure|Comedy|Mystery,8584
66870,Everlasting Moments (Maria Larssons eviga ögonblick) (2008),Drama,8585
66915,Rock-A-Doodle (1991),Adventure|Animation|Children|Musical,8586
66934,Dr. Horrible's Sing-Along Blog (2008),Comedy|Drama|Musical|Sci-Fi,8587
67068,"Quick and the Dead, The (1987)",Western,8588
67073,Day of the Dead (2008),Horror,8589
67087,"I Love You, Man (2009)",Comedy,8590
67138,Live Free or Die (2006),Comedy|Crime,8591
67168,Dance of the Dead (2008),Adventure|Comedy|Horror,8592
67186,"Haunting in Connecticut, The (2009)",Horror|Thriller,8593
67193,Duplicity (2009),Crime|Romance|Thriller,8594
67197,Knowing (2009),Action|Drama|Mystery|Sci-Fi|Thriller,8595
67223,Sugar (2008),Drama,8596
67252,Ong-Bak 2: The Beginning (Ong Bak 2) (2008),Action,8597
67255,"Girl with the Dragon Tattoo, The (Män som hatar kvinnor) (2009)",Crime|Drama|Mystery|Thriller,8598
67267,Sunshine Cleaning (2008),Comedy|Drama,8599
67361,Echelon Conspiracy (2009),Action|Mystery|Thriller,8600
67408,Monsters vs. Aliens (2009),Animation|Sci-Fi|IMAX,8601
67422,California Dreamin' (Nesfarsit) (2007),Comedy|Drama|War,8602
67429,Sita Sings the Blues (2008),Animation|Musical,8603
67504,Land of Silence and Darkness (Land des Schweigens und der Dunkelheit) (1971),Documentary,8604
67508,"Baader Meinhof Komplex, Der (2008)",Action|Crime|Drama|Thriller,8605
67534,Big Stan (2007),Comedy,8606
67620,Nothing But the Truth (2008),Drama|Thriller,8607
67665,Anvil! The Story of Anvil (2008),Documentary|Musical,8608
67695,Observe and Report (2009),Action|Comedy,8609
67734,Adventureland (2009),Comedy|Drama,8610
67788,Confessions of a Shopaholic (2009),Comedy|Romance,8611
67792,"Black Balloon, The (2008)",Drama,8612
67799,The Butterfly Effect 3: Revelations (2009),Drama|Fantasy|Sci-Fi|Thriller,8613
67801,Revanche (2008),Crime|Drama|Romance,8614
67839,"Lucky Ones, The (2008)",Comedy|Drama|War,8615
67867,Dragonball Evolution (2009),Action|Adventure|Fantasy|Sci-Fi,8616
67907,Kiler (1997),Comedy|Crime,8617
67923,"Fast & Furious (Fast and the Furious 4, The) (2009)",Action|Crime|Drama|Thriller,8618
67957,Superstar: The Karen Carpenter Story (1988),Drama|Musical,8619
67997,In the Loop (2009),Comedy,8620
67999,Global Metal (2008),Documentary,8621
68073,Pirate Radio (2009),Comedy|Drama,8622
68099,Apollo 13: To the Edge and Back (1994),Documentary,8623
68135,17 Again (2009),Comedy|Drama,8624
68153,Double Trouble (1984),Action|Comedy,8625
68157,Inglourious Basterds (2009),Action|Drama|War,8626
68159,State of Play (2009),Crime|Drama|Thriller,8627
68173,Strike (Stachka) (1925),Drama,8628
68194,"Damned United, The (2009)",Drama,8629
68205,Crank: High Voltage (2009),Action|Comedy|Crime,8630
68237,Moon (2009),Drama|Mystery|Sci-Fi|Thriller,8631
68263,Mammoth (Mammut) (2009),Drama,8632
68269,"Young Victoria, The (2009)",Drama|Romance,8633
68319,X-Men Origins: Wolverine (2009),Action|Sci-Fi|Thriller,8634
68324,"Girlfriend Experience, The (2009)",Drama,8635
68347,Sin Nombre (2009),Crime|Drama|Thriller,8636
68358,Star Trek (2009),Action|Adventure|Sci-Fi|IMAX,8637
68442,Lymelife (2008),Comedy|Drama,8638
68444,"Great Buck Howard, The (2008)",Comedy,8639
68472,Cherry Blossoms (Kirschblüten - Hanami) (2008),Drama|Romance,8640
68486,Red Cliff Part II (Chi Bi Xia: Jue Zhan Tian Xia) (2009),Action|Drama|War,8641
68511,Black Ice (Musta jää) (2007),Drama,8642
68519,S. Darko (S. Darko: A Donnie Darko Tale) (2009),Crime|Mystery|Sci-Fi|Thriller,8643
68522,Earth (2007),Documentary,8644
68536,Stanley Kubrick: A Life in Pictures (2001),Documentary,8645
68552,Crossing Over (2009),Drama,8646
68554,Angels & Demons (2009),Crime|Drama|Mystery|Thriller,8647
68612,Outrage (2009),Documentary,8648
68650,Powder Blue (2009),Drama,8649
68659,Fanboys (2009),Adventure|Comedy|Drama,8650
68690,Love Songs (Les chansons d'amour) (2007),Drama|Musical,8651
68749,Management (2008),Comedy|Romance,8652
68791,Terminator Salvation (2009),Action|Adventure|Sci-Fi|Thriller,8653
68793,Night at the Museum: Battle of the Smithsonian (2009),Action|Comedy|IMAX,8654
68835,Were the World Mine (2008),Adventure|Fantasy|Musical|Romance,8655
68838,Every Little Step (2008),Documentary,8656
68848,"Brothers Bloom, The (2008)",Adventure|Comedy|Crime|Romance,8657
68868,Our Folks (Sami swoi) (1967),Comedy,8658
68872,Paisan (Paisà) (1946),Drama|War,8659
68874,"Jeanne Dielman, 23 Quai du Commerce, 1080 Bruxelles (1975)",Drama,8660
68886,I Do: How to Get Married and Stay Single (Prête-moi ta main) (2006),Comedy|Romance,8661
68901,Chop Shop (2007),Drama,8662
68932,"Soloist, The (2009)",Drama|Musical,8663
68941,"Last House on the Left, The (2009)",Drama|Horror|Thriller,8664
68952,Drag Me to Hell (2009),Comedy|Horror,8665
68954,Up (2009),Adventure|Animation|Children|Drama,8666
68956,Late Autumn (Akibiyori) (1960),Comedy|Drama,8667
68959,Fullmetal Alchemist the Movie: Conqueror of Shamballa (Gekijô-ban hagane no renkinjutsushi: Shanbara wo yuku mono) (2005),Action|Adventure|Animation|Drama,8668
68963,Easy Virtue (2008),Comedy|Romance,8669
68967,"Summer Hours (Heure d'été, L') (2008)",Drama,8670
69027,OSS 117 - Lost in Rio (OSS 117: Rio ne répond plus) (2009),Adventure|Comedy,8671
69069,Fired Up (2009),Comedy,8672
69088,"War Game, The (1965)",Documentary|Drama|War,8673
69122,"Hangover, The (2009)",Comedy|Crime,8674
69134,Antichrist (2009),Drama|Fantasy,8675
69136,Don (1978),Action|Comedy|Crime|Drama|Musical|Thriller,8676
69140,Sweeney Todd (2006),Crime|Drama|Horror|Thriller,8677
69219,"Wing and the Thigh, The (L'aile ou la cuisse) (1976)",Comedy,8678
69241,Berlin Alexanderplatz (1980),Drama,8679
69251,Special (2006),Drama|Fantasy,8680
69253,New in Town (2009),Comedy|Romance,8681
69275,Dead Snow (Død snø) (2009),Action|Adventure|Comedy|Horror,8682
69278,Land of the Lost (2009),Action|Adventure|Comedy|Sci-Fi,8683
69304,Imagine That (2009),Comedy|Drama|Fantasy,8684
69306,"Taking of Pelham 1 2 3, The (2009)",Crime|Drama|Thriller,8685
69324,Flame and Citron (Flammen & Citronen) (2008),Action|Drama|War,8686
69372,Big Man Japan (Dai-Nihonjin) (2007),Comedy|Sci-Fi,8687
69394,"Stoning of Soraya M., The (2008)",Crime|Drama,8688
69406,"Proposal, The (2009)",Comedy|Romance,8689
69436,Year One (2009),Adventure|Comedy,8690
69458,Tyson (2008),Documentary,8691
69481,"Hurt Locker, The (2008)",Action|Drama|Thriller|War,8692
69483,"Not on Your Life (Verdugo, El) (Executioner, The) (1963)",Comedy|Drama,8693
69498,La Ronde (1950),Drama|Romance,8694
69516,"Limits of Control, The (2009)",Crime|Drama|Film-Noir,8695
69524,Raiders of the Lost Ark: The Adaptation (1989),Action|Adventure|Thriller,8696
69526,Transformers: Revenge of the Fallen (2009),Action|Adventure|Sci-Fi|IMAX,8697
69529,Home (2009),Documentary,8698
69542,K2 (1991),Adventure|Drama,8699
69574,Phoebe in Wonderland (2008),Drama|Fantasy,8700
69604,Whatever Works (2009),Comedy|Romance,8701
69606,Ghosts of Girlfriends Past (2009),Comedy|Fantasy|Romance,8702
69640,Public Enemies (2009),Crime|Drama|Thriller,8703
69644,Ice Age: Dawn of the Dinosaurs (2009),Action|Adventure|Animation|Children|Comedy|Romance,8704
69654,Prison Break: The Final Break (2009),Action|Drama|Thriller,8705
69685,Daria: Is It College Yet? (2002),Animation|Comedy,8706
69699,Love Streams (1984),Comedy|Drama,8707
69712,My Sister's Keeper (2009),Drama,8708
69746,Watchmen: Tales of the Black Freighter (2009),Action|Adventure|Animation|Horror,8709
69757,(500) Days of Summer (2009),Comedy|Drama|Romance,8710
69761,Through the Olive Trees (Zire darakhatan zeyton) (1994),Drama,8711
69784,Brüno (Bruno) (2009),Comedy,8712
69805,"Librarian, The: The Curse of the Judas Chalice (2008)",Action|Adventure|Fantasy,8713
69818,Franklyn (2008),Drama|Fantasy|Romance|Thriller,8714
69830,Iron Maiden: Flight 666 (2009),Documentary,8715
69842,Good Dick (2008),Comedy|Drama|Romance,8716
69844,Harry Potter and the Half-Blood Prince (2009),Adventure|Fantasy|Mystery|Romance|IMAX,8717
69849,Roots (1977),Drama|War,8718
69873,"Corridors of Time: The Visitors II, The (Couloirs du temps: Les visiteurs 2, Les) (1998)",Children|Comedy|Fantasy|Sci-Fi,8719
69934,My Sassy Girl (2008),Comedy|Drama|Romance,8720
69951,"Imaginarium of Doctor Parnassus, The (2009)",Drama|Fantasy,8721
69988,Humpday (2009),Comedy,8722
69995,Tokyo Sonata (2008),Drama,8723
70015,Polytechnique (2009),Crime|Drama,8724
70032,Visioneers (2008),Comedy,8725
70133,"Answer Man, The (a.k.a. Arlen Faber) (2009)",Comedy|Romance,8726
70159,Orphan (2009),Drama|Horror|Mystery|Thriller,8727
70183,"Ugly Truth, The (2009)",Comedy|Drama|Romance,8728
70186,Heimat - A Chronicle of Germany (Heimat - Eine deutsche Chronik) (1984),Drama,8729
70201,High Hopes (1988),Comedy,8730
70206,"Collector, The (2009)",Crime|Horror|Thriller,8731
70208,"Perfect Getaway, A (2009)",Horror|Thriller,8732
70282,Aliens in the Attic (2009),Adventure|Children|Fantasy|Sci-Fi,8733
70286,District 9 (2009),Mystery|Sci-Fi|Thriller,8734
70293,Julie & Julia (2009),Comedy|Drama|Romance,8735
70295,"Beaches of Agnes, The (Plages d'Agnès, Les) (2008)",Documentary,8736
70301,Obsessed (2009),Crime|Drama|Thriller,8737
70305,Race to Witch Mountain (2009),Adventure|Children|Fantasy|Sci-Fi|Thriller,8738
70334,Hannah Montana: The Movie (2009),Comedy|Drama|Musical|Romance,8739
70336,G.I. Joe: The Rise of Cobra (2009),Action|Adventure|Sci-Fi|Thriller,8740
70342,Séraphine (2008),Drama|War,8741
70344,Cold Souls (2009),Comedy|Drama,8742
70361,12 Rounds (2009),Action|Thriller,8743
70432,Fail Safe (2000),Drama|Thriller,8744
70451,Max Manus (2008),Action|Drama|War,8745
70465,Jerusalema (Gangster's Paradise: Jerusalema) (2008),Action|Crime|Drama,8746
70533,Evangelion: 1.0 You Are (Not) Alone (Evangerion shin gekijôban: Jo) (2007),Action|Animation|Sci-Fi,8747
70565,"Goods: Live Hard, Sell Hard, The (2009)",Comedy,8748
70567,Adam (2009),Drama|Romance,8749
70597,Gigantic (2008),Comedy|Romance,8750
70599,"Time Traveler's Wife, The (2009)",Drama|Romance|Sci-Fi,8751
70637,I Can't Think Straight (2007),Drama|Romance,8752
70641,Miss March (2009),Comedy,8753
70643,Bandslam (2009),Comedy|Drama|Musical,8754
70663,"I Love You, Beth Cooper (2009)",Comedy|Romance,8755
70670,Second Wind (Le deuxième souffle) (Second Breath) (1966),Crime|Drama|Film-Noir,8756
70687,Paper Heart (2009),Comedy|Documentary|Drama|Romance,8757
70697,G-Force (2009),Action|Adventure|Children|Fantasy,8758
70708,Tetro (2009),Drama|Mystery,8759
70728,Bronson (2009),Action|Comedy|Drama|Thriller,8760
70769,If Only (2004),Drama|Fantasy|Romance|Thriller,8761
70802,"Secret of Moonacre, The (2008)",Adventure|Fantasy|Romance,8762
70846,Lorna's Silence (Le silence de Lorna) (2008),Drama,8763
70849,"Doulos, Le (1962)",Crime|Thriller,8764
70862,It Might Get Loud (2008),Documentary,8765
70871,"Day in the Country, A (Partie de campagne) (1936)",Drama|Romance,8766
70912,Goodbye Solo (2008),Drama,8767
70932,My Life in Ruins (2009),Comedy,8768
70978,Boyfriends and Girlfriends (a.k.a. My Girlfriend's Boyfriend) (L'ami de mon amie) (1987),Comedy,8769
70984,Taking Woodstock (2009),Comedy,8770
70992,Cargo 200 (Gruz 200) (2007),Drama,8771
70994,Halloween II (2009),Horror|Thriller,8772
71011,Five Graves to Cairo (1943),Thriller|War,8773
71033,"Secret in Their Eyes, The (El secreto de sus ojos) (2009)",Crime|Drama|Mystery|Romance|Thriller,8774
71057,9 (2009),Adventure|Animation|Sci-Fi,8775
71106,Frequently Asked Questions About Time Travel (2009),Comedy|Sci-Fi,8776
71108,"White Ribbon, The (Das weiße Band) (2009)",Drama|Mystery,8777
71129,Green Lantern: First Flight (2009),Action|Adventure|Animation|Fantasy|Sci-Fi,8778
71131,"Most Hated Family in America, The (2007)",Documentary,8779
71135,Pandorum (2009),Horror|Sci-Fi|Thriller,8780
71141,Airbag (1997),Action|Comedy|Crime|Thriller,8781
71156,"Men Who Stare at Goats, The (2009)",Action|Comedy|Drama,8782
71199,Memories of Underdevelopment (Memorias del subdesarrollo) (1968),Drama,8783
71205,Jennifer's Body (2009),Comedy|Horror|Sci-Fi|Thriller,8784
71211,"Informant!, The (2009)",Comedy|Crime|Drama|Thriller,8785
71248,Extract (2009),Comedy,8786
71252,"Final Destination, The (Final Destination 4) (Final Destination in 3-D, The) (2009)",Horror|Thriller,8787
71254,Gamer (2009),Action|Sci-Fi|Thriller,8788
71264,Cloudy with a Chance of Meatballs (2009),Animation|Children|Fantasy|IMAX,8789
71282,"Food, Inc. (2008)",Documentary,8790
71304,Thirst (Bakjwi) (2009),Drama|Horror,8791
71318,Terra (a.k.a. Battle for Terra) (2007),Adventure|Animation|Sci-Fi,8792
71325,Love Happens (2009),Comedy|Drama|Romance,8793
71327,Bright Star (2009),Drama|Romance,8794
71379,Paranormal Activity (2009),Horror|Thriller,8795
71390,"Not Quite Hollywood: The Wild, Untold Story of Ozploitation! (2008)",Documentary,8796
71429,World's Greatest Dad (2009),Comedy|Drama,8797
71438,Still Walking (Aruitemo aruitemo) (2008),Drama,8798
71442,Le Plaisir (1952),Comedy|Drama,8799
71450,Capitalism: A Love Story (2009),Documentary,8800
71460,Wanted (2009),Action|Romance,8801
71462,"Cove, The (2009)",Documentary,8802
71464,"Serious Man, A (2009)",Comedy|Drama,8803
71466,City Island (2009),Comedy|Drama,8804
71484,Metropia (2009),Animation|Sci-Fi,8805
71500,Trick 'r Treat (2007),Comedy|Horror|Thriller,8806
71518,Whip It (2009),Comedy|Drama,8807
71520,"Invention of Lying, The (2009)",Comedy,8808
71530,Surrogates (2009),Action|Sci-Fi|Thriller,8809
71535,Zombieland (2009),Action|Comedy|Horror,8810
71537,Fame (2009),Comedy|Drama|Musical|Romance,8811
71542,"September Issue, The (2009)",Documentary,8812
71550,Assassination of a High School President (2008),Comedy|Drama|Mystery,8813
71573,Whiteout (2009),Action|Crime|Drama|Mystery|Thriller,8814
71575,Rudo y Cursi (Rough and Vulgar) (2008),Comedy|Drama,8815
71579,"Education, An (2009)",Drama|Romance,8816
71619,Coco Before Chanel (Coco avant Chanel) (2009),Drama,8817
71668,Couples Retreat (2009),Comedy|Romance,8818
71670,All About Steve (2009),Comedy,8819
71688,Jab We Met (2007),Comedy|Drama|Romance,8820
71691,Fifty Dead Men Walking (2008),Action|Drama|Thriller,8821
71700,Deadgirl (2008),Horror,8822
71732,I Sell the Dead (2008),Comedy|Horror,8823
71745,Where the Wild Things Are (2009),Adventure|Children|Drama|Fantasy|IMAX,8824
71823,"New York, I Love You (2009)",Drama|Romance,8825
71838,Law Abiding Citizen (2009),Drama|Thriller,8826
71867,"Misfortunates, The (De helaasheid der dingen) (2009)",Drama,8827
71876,Amelia (2009),Drama,8828
71878,"Stepfather, The (2009)",Horror|Thriller,8829
71902,Spread (2009),Drama|Romance,8830
71910,"Tournament, The (2009)",Action,8831
71926,"Boys Are Back, The (2009)",Comedy|Drama,8832
71928,Cairo Time (2009),Drama|Romance,8833
72011,Up in the Air (2009),Drama|Romance,8834
72035,Dimensions of Dialogue (Moznosti dialogu) (1982),Animation|Comedy|Fantasy,8835
72039,35 Shots of Rum (35 rhums) (2008),Drama,8836
72043,Monsters vs Aliens: Mutant Pumpkins from Outer Space (2009),Animation|Comedy|Sci-Fi,8837
72104,Balance (1989),Animation|Drama|Mystery|Sci-Fi|Thriller,8838
72113,Is Anybody There? (2008),Drama,8839
72117,"Misérables, Les (1935)",Drama|Romance,8840
72129,Saw VI (2009),Crime|Horror|Mystery|Thriller,8841
72131,Michael Jackson's This Is It (2009),Documentary|Musical|IMAX,8842
72159,"Grave Decisions (Wer früher stirbt, ist länger tot) (2006)",Comedy|Drama,8843
72165,Cirque du Freak: The Vampire's Assistant (2009),Action|Adventure|Comedy|Fantasy|Horror|Thriller,8844
72167,"Boondock Saints II: All Saints Day, The (2009)",Action|Crime|Drama|Thriller,8845
72169,Good Hair (2009),Comedy|Documentary,8846
72171,Black Dynamite (2009),Action|Comedy,8847
72176,Big Fan (2009),Comedy|Crime|Drama,8848
72178,Welcome to Dongmakgol (2005),Comedy|Drama|War,8849
72209,Astro Boy (2009),Action|Animation|Children|Sci-Fi,8850
72224,Gentlemen Broncos (2009),Comedy,8851
72226,Fantastic Mr. Fox (2009),Adventure|Animation|Children|Comedy|Crime,8852
72228,Creation (2009),Drama,8853
72249,Coco Chanel & Igor Stravinsky (2009),Drama|Romance,8854
72294,"Christmas Carol, A (2009)",Animation|Children|Drama|Fantasy|IMAX,8855
72330,"Private Lives of Pippa Lee, The (2009)",Drama,8856
72356,Partly Cloudy (2009),Animation|Children|Comedy|Fantasy,8857
72360,Rocks (Das Rad) (2003),Action|Animation|Fantasy,8858
72369,Goemon (2009),Action|Drama,8859
72378,2012 (2009),Action|Drama|Sci-Fi|Thriller,8860
72380,"Box, The (2009)",Drama|Horror|Mystery|Sci-Fi|Thriller,8861
72386,Broken Embraces (Los abrazos rotos) (2009),Drama|Romance|Thriller,8862
72393,"Fourth Kind, The (2009)",Horror|Mystery|Sci-Fi|Thriller,8863
72395,Precious (2009),Drama,8864
72405,Bad Lieutenant: Port of Call New Orleans (2009),Crime|Drama,8865
72407,"Twilight Saga: New Moon, The (2009)",Drama|Fantasy|Horror|Romance|Thriller,8866
72479,"Messenger, The (2009)",Drama|Romance|War,8867
72485,Lemon Tree (2008),Drama,8868
72489,Ninja Assassin (2009),Action|Crime|Drama|Thriller,8869
72557,"Film with Me in It, A (2008)",Comedy|Thriller,8870
72591,"Patriot, The (1998)",Action|Thriller,8871
72603,Merry Madagascar (2009),Animation,8872
72605,Brothers (2009),Drama|Thriller|War,8873
72630,Sleep Dealer (2008),Sci-Fi,8874
72641,"Blind Side, The  (2009)",Drama,8875
72672,Crows Zero II (Kurôzu Zero II) (2009),Action,8876
72692,Mickey's Once Upon a Christmas (1999),Animation|Comedy|Fantasy,8877
72694,Shrink (2009),Drama,8878
72696,Old Dogs (2009),Comedy,8879
72701,Planet 51 (2009),Adventure|Animation|Children|Comedy|Sci-Fi,8880
72703,Me and Orson Welles (2008),Drama,8881
72712,Objectified (2009),Documentary,8882
72720,"Single Man, A (2009)",Drama,8883
72726,Morphia (Morfiy) (2008),Drama,8884
72731,"Lovely Bones, The (2009)",Crime|Drama|Fantasy|Horror|Thriller,8885
72733,Invictus (2009),Drama,8886
72737,"Princess and the Frog, The (2009)",Animation|Children|Fantasy|Musical|Romance,8887
72741,Everybody's Fine (2009),Drama,8888
72762,Armored (2009),Action|Drama|Thriller,8889
72787,Doghouse (2009),Comedy|Horror,8890
72919,Did You Hear About the Morgans? (2009),Comedy|Crime|Drama|Romance,8891
72980,Veronika Decides to Die (2009),Drama|Romance,8892
72998,Avatar (2009),Action|Adventure|Sci-Fi|IMAX,8893
73000,Nine (2009),Drama|Musical|Romance,8894
73015,It's Complicated (2009),Comedy|Romance,8895
73017,Sherlock Holmes (2009),Action|Crime|Mystery|Thriller,8896
73023,Crazy Heart (2009),Drama|Romance,8897
73027,"Last Station, The (2009)",Drama,8898
73042,Alvin and the Chipmunks: The Squeakquel (2009),Animation|Children|Comedy|Musical,8899
73051,Guru (2007),Drama|Romance,8900
73101,Looking for Eric (2009),Comedy|Drama|Fantasy,8901
73117,Marriage Italian Style (Matrimonio all'italiana) (1964),Comedy|Drama|Romance,8902
73168,Carriers (2009),Drama|Horror|Thriller,8903
73183,"Friends of Eddie Coyle, The (1973)",Crime|Drama|Thriller,8904
73208,Piter FM (2006),Comedy|Drama|Romance,8905
73211,Pontypool (2008),Horror|Thriller,8906
73266,Youth in Revolt (2009),Comedy|Drama|Romance,8907
73268,Daybreakers (2010),Action|Drama|Horror|Thriller,8908
73276,"Age of Stupid, The (2009)",Documentary,8909
73290,Hachiko: A Dog's Story (a.k.a. Hachi: A Dog's Tale) (2009),Drama,8910
73319,Leap Year (2010),Comedy|Romance,8911
73321,"Book of Eli, The (2010)",Action|Adventure|Drama,8912
73323,"Girl Who Kicked the Hornet's Nest, The (Luftslottet som sprängdes) (2009)",Action|Crime|Mystery,8913
73344,"Prophet, A (Un Prophète) (2009)",Crime|Drama,8914
73370,"Thorn Birds, The (1983)",Drama|Romance,8915
73392,Collapse (2009),Documentary,8916
73469,Mr. Warmth: The Don Rickles Project (2007),Documentary,8917
73513,"Swades: We, the People (Our Country) (2004)",Drama,8918
73569,Project A 2 ('A' gai wak juk jap) (1987),Action|Comedy|Crime,8919
73572,"My Son, My Son, What Have Ye Done (2009)",Drama|Horror,8920
73587,Soul Kitchen (2009),Comedy,8921
73608,Heat (1972),Comedy|Drama|Romance,8922
73664,Dragon Hunters (Chasseurs de dragons) (2008),Adventure|Animation|Children,8923
73681,"Concert, Le (2009)",Comedy|Drama,8924
73713,"Butterfly, The (Papillon, Le) (2002)",Comedy|Drama,8925
73804,Asterix at the Olympic Games (Astérix aux jeux olympiques) (2008),Adventure|Children|Comedy|Fantasy,8926
73808,"Chaser, The (Chugyeogja) (2008)",Crime|Drama|Thriller,8927
73824,Abigail's Party (1977),Drama,8928
73854,"Rudolph, the Red-Nosed Reindeer (1964)",Adventure|Animation|Children|Fantasy|Musical,8929
73860,Nowhere Boy (2009),Drama,8930
73881,3 Idiots (2009),Comedy|Drama|Romance,8931
73885,Troubled Water (DeUsynlige) (2008),Drama|Thriller,8932
73900,Hum Tum (2004),Comedy|Drama|Musical|Romance,8933
73929,Legion (2010),Action|Fantasy|Horror|Thriller,8934
73983,"Maid, The (Nana, La) (2009)",Drama,8935
74089,Peter Pan (1960),Children|Fantasy|Musical,8936
74095,Wicked City (Yôjû toshi) (1987),Animation|Fantasy|Horror|Sci-Fi,8937
74111,Arn: The Kingdom at Road's End (Arn: Riket vid vägens slut) (2008),Action|Adventure|Drama|Romance|War,8938
74131,Extraordinary Measures (2010),Drama,8939
74152,Zach Galifianakis: Live at the Purple Onion (2006),Comedy|Documentary,8940
74154,When in Rome (2010),Comedy|Romance,8941
74156,Edge of Darkness (2010),Drama|Thriller,8942
74204,Mad Detective (Sun taam) (2007),Action|Crime|Thriller,8943
74228,Triangle (2009),Drama|Horror|Mystery|Thriller,8944
74275,I Love You Phillip Morris (2009),Comedy|Drama|Romance,8945
74327,"First Day of the Rest of Your Life, The (Le premier jour du reste de ta vie) (2008)",Comedy|Drama,8946
74370,"House of the Devil, The (2009)",Horror|Thriller,8947
74416,Fish Tank (2009),Drama,8948
74426,Mohabbatein (2000),Drama|Musical|Romance,8949
74450,Valentine's Day (2010),Comedy|Romance,8950
74452,"Wolfman, The (2010)",Horror|Thriller,8951
74458,Shutter Island (2010),Drama|Mystery|Thriller,8952
74486,$9.99 (2008),Animation,8953
74488,Ondine (2009),Drama|Fantasy|Romance,8954
74504,Letters to Father Jacob (Postia pappi Jaakobille) (2009),Drama,8955
74508,Persuasion (2007),Drama|Romance,8956
74510,"Girl Who Played with Fire, The (Flickan som lekte med elden) (2009)",Action|Crime|Drama|Mystery|Thriller,8957
74530,Percy Jackson & the Olympians: The Lightning Thief (2010),Adventure|Fantasy,8958
74532,Cop Out (2010),Action|Comedy|Crime,8959
74541,Trailer Park Boys: Countdown to Liquor Day (2009),Comedy|Crime,8960
74545,"Ghost Writer, The (2010)",Drama|Mystery|Thriller,8961
74553,"Secret of Kells, The (2009)",Animation|Fantasy,8962
74573,"Vicious Kind, The (2009)",Comedy|Drama,8963
74580,"Spy Next Door, The (2010)",Action|Children|Comedy,8964
74624,Agora (2009),Adventure|Drama|Romance,8965
74653,Shinjuku Incident (San suk si gin) (2009),Crime|Drama|Thriller,8966
74668,District 13: Ultimatum (Banlieue 13 - Ultimatum) (2009),Action|Sci-Fi,8967
74677,"Yes Men Fix the World, The (2009)",Documentary,8968
74683,Mike Bassett: England Manager (2001),Comedy,8969
74685,"Crazies, The (2010)",Action|Drama|Horror|Sci-Fi|Thriller,8970
74688,Dear John (2010),Drama|Romance|War,8971
74696,Last Train Home (2009),Documentary|Drama,8972
74698,Tooth Fairy (2010),Comedy|Fantasy,8973
74727,Gentlemen of Fortune (Dzhentlmeny udachi) (1972),Comedy|Crime|Drama|Mystery,8974
74731,Eden Log (2007),Horror|Mystery|Sci-Fi|Thriller,8975
74740,Fermat's Room (La habitación de Fermat) (2007),Mystery|Thriller,8976
74750,[REC]² (2009),Horror|Thriller,8977
74754,"Room, The (2003)",Comedy|Drama|Romance,8978
74787,My Name is Khan (2010),Drama|Romance,8979
74789,Alice in Wonderland (2010),Adventure|Fantasy|IMAX,8980
74791,"Town Called Panic, A (Panique au village) (2009)",Animation,8981
74795,Green Zone (2010),Action|Drama|Thriller|War,8982
74827,Ajami (2009),Crime|Drama,8983
74851,From Paris with Love (2010),Action|Crime,8984
74868,Dorian Gray (2009),Drama|Horror|Sci-Fi,8985
74916,Greenberg (2010),Comedy|Drama,8986
74944,Brooklyn's Finest (2010),Crime|Drama|Thriller,8987
74946,She's Out of My League (2010),Comedy,8988
74948,Harry Brown (2009),Crime|Drama|Thriller,8989
75341,Remember Me (2010),Drama|Romance,8990
75351,"Night Stalker, The (1972)",Horror|Thriller,8991
75389,"Burrowers, The (2008)",Horror|Thriller|Western,8992
75395,Frozen (2010),Drama|Horror|Thriller,8993
75805,"Bounty Hunter, The (2010)",Action|Comedy|Romance,8994
75813,Leaves of Grass (2009),Comedy|Crime|Drama|Thriller,8995
75983,North Face (Nordwand) (2008),Adventure|Drama,8996
75985,Repo Men (2010),Action|Sci-Fi|Thriller,8997
76030,Case 39 (2009),Horror|Thriller,8998
76054,Oceans (Océans) (2009),Documentary|Drama,8999
76060,"Slammin' Salmon, The (2009)",Comedy,9000
76077,Hot Tub Time Machine (2010),Comedy|Sci-Fi,9001
76079,Chloe (2009),Drama|Thriller,9002
76091,Mother (Madeo) (2009),Crime|Drama|Mystery|Thriller,9003
76093,How to Train Your Dragon (2010),Adventure|Animation|Children|Fantasy|IMAX,9004
76111,About Elly (Darbareye Elly) (2009),Drama|Mystery,9005
76127,"You're a Good Man, Charlie Brown (1985)",Animation|Comedy|Musical,9006
76130,Universal Soldier: Regeneration (2009),Action|Drama|Sci-Fi|Thriller,9007
76151,Zizek! (2005),Documentary,9008
76158,Air Doll (Kûki ningyô) (2009),Drama,9009
76173,Micmacs (Micmacs à tire-larigot) (2009),Comedy|Crime,9010
76175,Clash of the Titans (2010),Action|Adventure|Drama|Fantasy,9011
76208,"Cremator, The (Spalovac mrtvol) (1969)",Comedy|Drama|Horror|Thriller,9012
76210,Defendor (2009),Comedy|Crime|Drama,9013
76251,Kick-Ass (2010),Action|Comedy,9014
76272,Five Minutes of Heaven (2009),Crime|Drama|Thriller,9015
76293,Date Night (2010),Action|Comedy|Romance,9016
76317,After.Life (2009),Drama|Horror|Thriller,9017
76738,Steam of Life (Miesten vuoro) (2010),Documentary,9018
76763,"Runaways, The (2010)",Drama|Musical,9019
76772,Carne (1991),Drama|Thriller,9020
76866,Until the Light Takes Us (2008),Documentary,9021
77154,Waking Sleeping Beauty (2009),Animation|Documentary,9022
77177,Wild China (2008),Documentary,9023
77191,Death at a Funeral (2010),Comedy,9024
77201,Valhalla Rising (2009),Action|Drama|War,9025
77206,Diary of a Wimpy Kid (2010),Children|Comedy,9026
77233,"Union: The Business Behind Getting High, The (2007)",Comedy|Documentary,9027
77240,I Am Love (Io sono l'amore) (2009),Drama|Romance,9028
77264,Ballet Shoes (2007),Children|Drama,9029
77266,Disgrace (2008),Drama,9030
77293,"Silent Partner, The (1978)",Crime|Drama|Thriller,9031
77307,Dogtooth (Kynodontas) (2009),Drama,9032
77316,City of Life and Death (Nanjing! Nanjing!) (2009),Drama|War,9033
77328,Red Riding: 1974 (2009),Crime|Drama|Mystery|Thriller,9034
77330,Red Riding: 1980 (2009),Crime|Drama|Mystery,9035
77353,Achilles and the Tortoise (Akiresu to kame) (2008),Comedy,9036
77359,Red Riding: 1983 (2009),Crime|Drama|Mystery,9037
77364,"Losers, The (2010)",Action|Adventure|Drama|Mystery|Thriller,9038
77414,"Last Song, The (2010)",Drama|Romance,9039
77421,Cyrus (2010),Comedy|Drama|Romance,9040
77427,"Human Centipede, The (First Sequence) (2009)",Horror,9041
77455,Exit Through the Gift Shop (2010),Comedy|Documentary,9042
77540,Solomon Kane (2009),Action|Adventure|Fantasy|Horror,9043
77561,Iron Man 2 (2010),Action|Adventure|Sci-Fi|Thriller|IMAX,9044
77596,Lebanon (2009),Drama|War,9045
77629,Reindeerspotting - Pako joulumaasta (2010),Documentary,9046
77667,MacGruber (2010),Action|Comedy,9047
77709,"Sky Crawlers, The (Sukai kurora) (2008)",Adventure|Animation|Drama,9048
77731,Vengeance (Fuk sau) (2009),Action|Crime|Thriller,9049
77795,Cargo (2009),Sci-Fi,9050
77798,"Nightmare on Elm Street, A (2010)",Fantasy|Horror|Thriller,9051
77800,Four Lions (2010),Comedy|Drama,9052
77833,Armadillo (2010),Documentary|Drama,9053
77837,You Don't Know Jack (2010),Drama,9054
77843,"Disappearance of Alice Creed, The (2009)",Thriller,9055
77846,12 Angry Men (1997),Crime|Drama,9056
77854,"Work of Director Michel Gondry, The (2003)",Comedy|Documentary,9057
77866,Robin Hood (2010),Action|Adventure|Drama|Romance|War,9058
78003,"Dirty Carnival, A (Biyeolhan geori) (2006)",Action|Crime|Thriller,9059
78034,Cemetery Junction (2010),Comedy|Drama|Romance,9060
78039,Blue Valentine (2010),Drama|Romance,9061
78041,Killers (2010),Action|Comedy,9062
78088,Buried (2010),Mystery|Thriller,9063
78105,Prince of Persia: The Sands of Time (2010),Action|Adventure|Fantasy|Romance|IMAX,9064
78116,Please Give (2010),Comedy|Drama,9065
78122,Peter & the Wolf (2006),Animation|Musical,9066
78174,Sex and the City 2 (2010),Comedy|Drama|Romance,9067
78209,Get Him to the Greek (2010),Comedy,9068
78218,Unthinkable (2010),Drama|Thriller,9069
78264,"Back-up Plan, The (2010)",Comedy|Romance,9070
78266,Splice (2009),Horror|Sci-Fi|Thriller,9071
78313,Adulthood (2008),Drama,9072
78316,Letters to Juliet (2010),Drama|Romance,9073
78332,"Beautiful Person, The (La belle personne) (2008)",Drama|Romance,9074
78344,"Song of Sparrows, The (Avaze gonjeshk-ha) (2008)",Drama,9075
78349,Exam (2009),Mystery|Thriller,9076
78445,"Woman In Berlin, A (Anonyma - Eine Frau in Berlin) (2008)",Drama|War,9077
78467,Jonah Hex (2010),Action|Drama|Thriller|Western,9078
78469,"A-Team, The (2010)",Action|Comedy|Thriller,9079
78499,Toy Story 3 (2010),Adventure|Animation|Children|Comedy|Fantasy|IMAX,9080
78517,Joan Rivers: A Piece of Work (2010),Documentary,9081
78574,Winter's Bone (2010),Drama|Thriller,9082
78585,Dream (Bi-mong) (2008),Drama|Fantasy|Mystery|Romance,9083
78633,Casino Jack and the United States of Money (2010),Documentary,9084
78637,Shrek Forever After (a.k.a. Shrek: The Final Chapter) (2010),Adventure|Animation|Children|Comedy|Fantasy|IMAX,9085
78653,Everyone Else (Alle Anderen) (2009),Drama|Romance,9086
78679,"Killer Inside Me, The (2010)",Crime|Drama|Thriller|Western,9087
78703,TiMER (2009),Comedy|Drama|Fantasy|Romance,9088
78729,24: Redemption (2008),Action|Adventure|Crime|Drama|Thriller,9089
78746,Best Worst Movie (2009),Documentary,9090
78759,"Special Relationship, The (2010)",Drama,9091
78772,"Twilight Saga: Eclipse, The (2010)",Fantasy|Romance|Thriller|IMAX,9092
78774,Solitary Man (2009),Comedy|Drama,9093
78836,Enter the Void (2009),Drama,9094
78893,"Last Airbender, The (2010)",Action|Adventure|Fantasy,9095
78895,When Father Was Away on Business (Otac na sluzbenom putu) (1985),Drama,9096
79006,Empire of Dreams: The Story of the 'Star Wars' Trilogy (2004),Documentary,9097
79029,Kurt Cobain About a Son (2006),Documentary|Musical,9098
79057,Predators (2010),Action|Sci-Fi|Thriller,9099
79073,When You're Strange (2009),Documentary,9100
79091,Despicable Me (2010),Animation|Children|Comedy|Crime,9101
79132,Inception (2010),Action|Crime|Drama|Mystery|Sci-Fi|Thriller|IMAX,9102
79134,Grown Ups (2010),Comedy,9103
79139,"Sorcerer's Apprentice, The (2010)",Action|Adventure|Children|Comedy|Fantasy,9104
79185,Knight and Day (2010),Action|Comedy|Romance,9105
79224,"Karate Kid, The (2010)",Action|Children|Drama,9106
79230,"Yellow Handkerchief, The (2008)",Drama|Romance,9107
79242,"Kids Are All Right, The (2010)",Comedy|Drama,9108
79251,"Serbian Film, A (Srpski film) (2010)",Horror|Thriller,9109
79287,"Wizard of Oz, The (1925)",Adventure|Children|Comedy|Fantasy,9110
79293,Salt (2010),Action|Thriller,9111
79299,"No. 1 Ladies' Detective Agency, The (2008)",Comedy|Crime|Mystery,9112
79318,Winnebago Man (2009),Comedy|Documentary,9113
79333,Watch Out for the Automobile (Beregis avtomobilya) (1966),Comedy|Crime|Romance,9114
79357,Mr. Nobody (2009),Drama|Fantasy|Romance|Sci-Fi,9115
79428,Dinner for Schmucks (2010),Comedy,9116
79463,Nanny McPhee Returns (a.k.a. Nanny McPhee and the Big Bang) (2010),Children|Comedy|Fantasy,9117
79467,Mid-August Lunch (Pranzo di ferragosto) (2008),Comedy|Drama,9118
79533,"Bugs Bunny / Road Runner Movie, The (a.k.a. The Great American Chase) (1979)",Animation|Children|Comedy,9119
79541,Little Nicholas (Le petit Nicolas) (2009),Comedy|Drama,9120
79553,Ip Man 2 (2010),Action,9121
79572,Ramona and Beezus (2010),Children|Comedy,9122
79578,"Year of the Hare, The (Jäniksen vuosi) (1977)",Drama|Romance,9123
79588,Charlie St. Cloud (2010),Drama|Fantasy|Romance,9124
79590,"Rebound, The (2009)",Comedy|Romance,9125
79592,"Other Guys, The (2010)",Action|Comedy,9126
79684,Paper Man (2009),Comedy|Drama,9127
79695,"Expendables, The (2010)",Action|Adventure|Thriller,9128
79702,Scott Pilgrim vs. the World (2010),Action|Comedy|Fantasy|Musical|Romance,9129
79720,Animal Kingdom (2010),Crime|Drama,9130
79760,Facing Ali (2009),Documentary,9131
79769,Raajneeti (2010),Crime|Drama|Romance,9132
79796,Centurion (2010),Action|Adventure|Drama|Thriller|War,9133
79798,I Killed My Mother (J'ai tué ma mère) (2009),Drama,9134
79800,Life During Wartime (2009),Comedy|Drama,9135
79824,Babies (Bébé(s)) (2010),Documentary,9136
79860,"Experiment, The (2010)",Drama|Thriller,9137
79863,Black Water (2007),Adventure|Drama|Horror|Thriller,9138
79879,Piranha (Piranha 3D) (2010),Action|Horror|Thriller,9139
79895,"Extraordinary Adventures of Adèle Blanc-Sec, The (2010)",Action|Adventure|Fantasy|Mystery,9140
79897,Get Low (2009),Comedy|Drama|Mystery,9141
79910,According to Greta (2009),Drama|Romance,9142
79946,"Joneses, The (2009)",Comedy|Drama,9143
79987,Gainsbourg (Vie Héroïque) (2010),Drama|Musical|Romance,9144
80083,Dragon Ball Z: Dead Zone (Doragon bôru Z 1: Ora no Gohan wo kaese) (1989),Action|Adventure|Animation|Fantasy|Sci-Fi,9145
80094,"Last Exorcism, The (2010)",Horror|Thriller,9146
80111,Black Girl (La noire de...) (1966),Drama,9147
80126,"American, The (2010)",Drama|Thriller,9148
80166,"Switch, The (2010)",Comedy|Romance,9149
80185,GasLand (2010),Documentary,9150
80219,Machete (2010),Action|Adventure|Comedy|Crime|Thriller,9151
80222,Step Up 3D (2010),Drama|Romance,9152
80241,Going the Distance (2010),Comedy|Romance,9153
80281,Bill Bailey: Tinselworm (2008),Comedy|Documentary,9154
80350,Vampires Suck (2010),Comedy,9155
80363,Resident Evil: Afterlife (2010),Action|Horror|Sci-Fi|Thriller|IMAX,9156
80374,Symbol (Shinboru) (2009),Comedy|Fantasy,9157
80398,22 Bullets (L'immortel) (2010),Action|Crime|Thriller,9158
80463,"Social Network, The (2010)",Drama,9159
80489,"Town, The (2010)",Crime|Drama|Thriller,9160
80549,Easy A (2010),Comedy|Romance,9161
80551,Eat Pray Love (2010),Drama|Romance,9162
80553,Howl (2010),Drama,9163
80572,I'm Still Here (2010),Comedy|Drama,9164
80584,"Patrik Age 1.5 (Patrik 1,5) (2008)",Comedy|Drama|Romance,9165
80586,Flipped (2010),Comedy|Drama|Romance,9166
80588,IMAX: Hubble 3D (2010),Documentary|IMAX,9167
80590,Wall Street: Money Never Sleeps (2010),Drama,9168
80615,Legend of the Guardians: The Owls of Ga'Hoole (2010),Adventure|Animation|Fantasy|IMAX,9169
80648,Lone Wolf and Cub: Baby Cart in the Land of Demons (Kozure Ôkami: Meifumadô) (1973),Action|Drama|Thriller,9170
80693,It's Kind of a Funny Story (2010),Comedy|Drama,9171
80727,Middle Men (2009),Comedy|Crime|Drama,9172
80748,Alice in Wonderland (1933),Adventure|Children|Fantasy,9173
80775,Tamara Drewe (2010),Comedy|Drama|Romance,9174
80831,Let Me In (2010),Drama|Horror|Mystery,9175
80834,Sintel (2010),Animation|Fantasy,9176
80839,Secretariat (2010),Adventure|Drama,9177
80844,Lake Mungo (2008),Drama|Mystery|Thriller,9178
80846,Devil (2010),Horror|Mystery|Thriller,9179
80858,You Again (2010),Comedy,9180
80860,Life as We Know It (2010),Comedy|Romance,9181
80862,Catfish (2010),Documentary|Mystery,9182
80864,You Will Meet a Tall Dark Stranger (2010),Comedy|Romance,9183
80880,Stone (2010),Drama|Thriller,9184
80906,Inside Job (2010),Documentary,9185
80917,Monsters (2010),Drama|Sci-Fi,9186
80928,David Cross: Bigger & Blackerer (2010),Comedy|Documentary,9187
80939,Conviction (2010),Drama,9188
80969,Never Let Me Go (2010),Drama|Romance|Sci-Fi,9189
81018,"Illusionist, The (L'illusionniste) (2010)",Animation,9190
81020,"Hedgehog, The (Le hérisson) (2009)",Comedy|Drama,9191
81083,Kaboom (2010),Comedy|Sci-Fi,9192
81132,Rubber (2010),Action|Adventure|Comedy|Crime|Drama|Film-Noir|Horror|Mystery|Thriller|Western,9193
81140,6 Souls (Shelter) (2010),Horror|Mystery|Thriller,9194
81156,Jackass 3D (2010),Action|Comedy|Documentary,9195
81158,Restrepo (2010),Documentary|War,9196
81180,30 Days of Night: Dark Days (2010),Horror|Thriller,9197
81182,No Mercy (Yongseoneun Eupda) (2010),Thriller,9198
81191,Waiting for 'Superman' (2010),Documentary,9199
81229,Red (2010),Action|Comedy,9200
81257,In a Better World (Hævnen) (2010),Drama,9201
81355,"Employment, The (Empleo, El) (2008)",Animation|Comedy|Drama,9202
81383,Heartbreaker (L'Arnacoeur) (2010),Comedy|Romance,9203
81385,Of Gods and Men (Des hommes et des dieux) (2010),Drama,9204
81403,"Gendarme Gets Married, The (Le gendarme se marie) (1968)",Comedy,9205
81417,Paranormal Activity 2 (2010),Horror|IMAX,9206
81456,Heartbeats (Les amours imaginaires) (2010),Drama|Romance,9207
81512,Hereafter (2010),Drama|Fantasy,9208
81516,Black Death (2010),Adventure|Drama|Horror|Mystery,9209
81520,Undisputed III: Redemption (2010),Action|Crime|Drama,9210
81535,Saw VII 3D - The Final Chapter (2010),Horror|Mystery|Thriller,9211
81537,Due Date (2010),Comedy,9212
81562,127 Hours (2010),Adventure|Drama|Thriller,9213
81564,Megamind (2010),Action|Animation|Children|Comedy|Sci-Fi|IMAX,9214
81568,"Fuehrer's Face, Der (1942)",Animation|War,9215
81591,Black Swan (2010),Drama|Thriller,9216
81639,Jack Goes Boating (2010),Comedy|Romance,9217
81641,Fair Game (2010),Drama|Thriller,9218
81665,Deep End (1970),Comedy|Drama|Romance,9219
81711,Scared Shrekless (2010),Adventure|Animation|Comedy,9220
81725,How I Ended This Summer (Kak ya provyol etim letom) (2010),Drama,9221
81736,Hamlet (Gamlet) (1964),Drama,9222
81751,Uncle Boonmee Who Can Recall His Past Lives (Loong Boonmee raleuk chat) (2010),Drama|Fantasy,9223
81782,Unstoppable (2010),Action|Drama|Thriller,9224
81784,Morning Glory (2010),Comedy|Drama|Romance,9225
81786,Certified Copy (Copie conforme) (2010),Drama,9226
81788,"Next Three Days, The (2010)",Crime|Drama|Romance|Thriller,9227
81791,Somewhere (2010),Drama,9228
81804,Wild Target (2010),Comedy|Drama|Romance|Thriller,9229
81817,Carlos (2010),Crime|Drama|Thriller,9230
81819,Biutiful (2010),Drama,9231
81834,Harry Potter and the Deathly Hallows: Part 1 (2010),Action|Adventure|Fantasy|IMAX,9232
81845,"King's Speech, The (2010)",Drama,9233
81847,Tangled (2010),Animation|Children|Comedy|Fantasy|Musical|Romance|IMAX,9234
81910,"Art of the Steal, The (2009)",Documentary,9235
81932,"Fighter, The (2010)",Drama,9236
81981,"Toy, The (Le jouet) (1976)",Comedy,9237
82037,"Tillman Story, The (2010)",Documentary,9238
82041,"Loved Ones, The (2009)",Horror,9239
82053,Casino Jack (2010),Comedy|Crime,9240
82059,Farewell (L'affaire Farewell) (2009),Thriller,9241
82093,London Boulevard (2010),Crime|Romance,9242
82095,Skyline (2010),Sci-Fi|Thriller,9243
82143,Alone in the Wilderness (2004),Documentary,9244
82150,Bunny and the Bull (2009),Adventure|Comedy|Drama,9245
82152,Beastly (2011),Drama|Fantasy|Romance,9246
82167,Love and Other Drugs (2010),Comedy|Drama|Romance,9247
82169,"Chronicles of Narnia: The Voyage of the Dawn Treader, The (2010)",Adventure|Children|Fantasy,9248
82173,Tiny Furniture (2010),Comedy,9249
82202,"Tourist, The (2010)",Drama|Thriller,9250
82242,Rare Exports: A Christmas Tale (Rare Exports) (2010),Action|Comedy,9251
82244,13 (2010),Thriller,9252
82378,All Good Things (2010),Drama|Mystery|Thriller,9253
82447,"Tomorrow, When the War Began (2010)",Action|Adventure|Drama,9254
82459,True Grit (2010),Western,9255
82461,Tron: Legacy (2010),Action|Adventure|Sci-Fi|IMAX,9256
82463,Another Year (2010),Drama,9257
82499,How Do You Know (2010),Comedy|Drama|Romance,9258
82527,Barney's Version (2010),Drama,9259
82534,"Company Men, The (2010)",Drama,9260
82589,Mother and Child (2009),Drama|Romance,9261
82633,"Kuroneko (Black Cat from the Grove, The) (Yabu no naka no kuroneko) (1968)",Drama|Fantasy|Horror|Romance,9262
82667,I Saw the Devil (Akmareul boatda) (2010),Crime|Thriller,9263
82684,Trash Humpers (2009),Drama,9264
82744,Faster (2010),Action|Crime|Drama,9265
82765,Little Big Soldier (Da bing xiao jiang) (2010),Action|Adventure|Comedy|Drama|War,9266
82767,Rabbit Hole (2010),Drama,9267
82848,One Week (1920),Comedy,9268
82852,Little Fockers (2010),Comedy,9269
82854,Gulliver's Travels (2010),Adventure|Comedy|Fantasy,9270
82926,Klown: The Movie (Klovn) (2010),Comedy,9271
82931,"Last Circus, The (Balada triste de trompeta) (Sad Trumpet Ballad, A) (2010)",Comedy|Drama|War,9272
82934,"Most Dangerous Man in America: Daniel Ellsberg and the Pentagon Papers, The (2009)",Documentary,9273
82976,"Scarecrow, The (1920)",Comedy,9274
83059,White Material (2009),Drama|Mystery|Thriller|War,9275
83082,Mao's Last Dancer (2009),Drama,9276
83086,Burlesque (2010),Drama|Musical|Romance,9277
83132,"Secret World of Arrietty, The (Kari-gurashi no Arietti) (2010)",Animation|Children|Fantasy,9278
83134,Tucker & Dale vs Evil (2010),Comedy|Horror,9279
83193,Early Spring (Soshun) (1956),Drama,9280
83219,"Pixar Story, The (2007)",Documentary,9281
83264,Band Baaja Baaraat (2010),Comedy|Drama|Musical,9282
83270,Made in Dagenham (2010),Comedy|Drama,9283
83293,Waste Land (2010),Documentary,9284
83302,Last Night (2010),Drama|Romance,9285
83318,"Goat, The (1921)",Comedy,9286
83322,"Boat, The (1921)",Comedy,9287
83332,Who Is Harry Nilsson (And Why Is Everybody Talkin' About Him?) (2010),Documentary,9288
83349,"Green Hornet, The (2011)",Action|Comedy|Crime|Fantasy|Thriller|IMAX,9289
83359,"Play House, The (1921)",Comedy,9290
83369,"Way Back, The (2010)",Drama,9291
83374,"Warrior's Way, The (2010)",Action|Fantasy|Western,9292
83411,Cops (1922),Comedy,9293
83424,Ghajini (2008),Action|Romance|Thriller,9294
83450,Brest Fortress (Brestskaya krepost) (2010),Action|Drama|War,9295
83457,Hum Aapke Hain Koun...! (1994),Comedy|Drama|Musical,9296
83480,Season of the Witch (2011),Adventure|Drama|Fantasy,9297
83525,Outrage (Autoreiji) (2010),Crime|Drama,9298
83613,Cowboys & Aliens (2011),Action|Sci-Fi|Thriller|Western|IMAX,9299
83796,Anything for Her (Pour elle) (2008),Crime|Drama|Thriller,9300
83798,Cracks (2009),Drama|Romance|Thriller,9301
83803,Day & Night (2010),Animation|Children,9302
83827,Marwencol (2010),Documentary,9303
83910,"Dilemma, The (2011)",Comedy|Drama,9304
83976,"Trip, The (2010)",Comedy|Drama,9305
84116,Poetry (Shi) (2010),Drama,9306
84128,"Tuesday, After Christmas (Marti, dupa craciun) (2010)",Drama|Romance,9307
84152,Limitless (2011),Sci-Fi|Thriller,9308
84156,Happy People: A Year in the Taiga (2010),Documentary,9309
84187,Evangelion: 2.0 You Can (Not) Advance (Evangerion shin gekijôban: Ha) (2009),Action|Animation|Drama|Sci-Fi,9310
84189,I Spit on Your Grave (2010),Crime|Horror|Thriller,9311
84234,Simple Simon (I rymden finns inga känslor) (2010),Comedy|Drama,9312
84242,Welcome to the Rileys (2010),Drama,9313
84273,Zeitgeist: Moving Forward (2011),Documentary,9314
84374,No Strings Attached (2011),Comedy|Romance,9315
84392,"Lincoln Lawyer, The (2011)",Crime|Drama|Thriller,9316
84395,"Rite, The (2011)",Drama|Horror|Thriller,9317
84407,Dog Pound (2010),Drama,9318
84570,Country Strong (2010),Drama|Musical|Romance,9319
84601,Unknown (2011),Drama|Mystery|Thriller,9320
84613,Sanctum (2011),Action|Adventure|Drama|Thriller|IMAX,9321
84615,Cedar Rapids (2011),Comedy,9322
84637,Gnomeo & Juliet (2011),Adventure|Animation|Children|Comedy|Fantasy|Romance,9323
84663,Elizabeth I (2005),Drama,9324
84696,Burke and Hare (2010),Comedy|Thriller,9325
84770,Client 9: The Rise and Fall of Eliot Spitzer (2010),Documentary,9326
84772,Paul (2011),Adventure|Comedy|Sci-Fi,9327
84775,Submarino (2010),Drama,9328
84844,Brother 2 (Brat 2) (2000),Crime|Drama,9329
84855,Desert Flower (2009),Drama,9330
84942,Drive Angry (2011),Action|Fantasy|Thriller,9331
84944,Rango (2011),Action|Adventure|Animation|Children|Comedy|Western,9332
84950,Take Me Home Tonight (2011),Comedy|Drama,9333
84952,Confessions (Kokuhaku) (2010),Drama|Horror,9334
84954,"Adjustment Bureau, The (2011)",Romance|Sci-Fi|Thriller,9335
85007,Happythankyoumoreplease (2010),Comedy|Drama,9336
85016,Cropsey (2009),Documentary|Horror,9337
85020,"Mechanic, The (2011)",Action|Drama|Thriller,9338
85022,Hall Pass (2011),Comedy,9339
85025,"Eagle, The (2011)",Adventure|Drama,9340
85056,I Am Number Four (2011),Action|Sci-Fi|Thriller|IMAX,9341
85131,Battle: Los Angeles (2011),Action|Sci-Fi|War,9342
85179,Summer Wars (Samâ wôzu) (2009),Adventure|Animation|Comedy|Sci-Fi,9343
85211,Norwegian Wood (Noruwei no mori) (2010),Drama|Romance,9344
85213,"Sunset Limited, The (2011)",Drama,9345
85259,Winnie the Pooh and the Honey Tree (1966),Animation|Children,9346
85261,Mars Needs Moms (2011),Action|Adventure|Animation|Children|Comedy|Sci-Fi|IMAX,9347
85312,"House of Small Cubes, The (Tsumiki no ie) (2008)",Animation|Drama,9348
85316,Winnie the Pooh and Tigger Too (1974),Animation|Children,9349
85342,Elite Squad: The Enemy Within (Tropa de Elite 2 - O Inimigo Agora É Outro) (2010),Action|Crime|Drama,9350
85354,Mesrine: Public Enemy #1 (L'ennemi public n°1) (2008),Action|Crime,9351
85367,Just Go with It (2011),Comedy|Romance,9352
85372,Potiche (2010),Comedy,9353
85394,Cave of Forgotten Dreams (2010),Documentary,9354
85397,Red Riding Hood (2011),Fantasy|Horror|Mystery|Thriller,9355
85401,Super (2010),Action|Comedy|Drama,9356
85412,"Troll Hunter, The (Trolljegeren) (2010)",Fantasy|Horror,9357
85414,Source Code (2011),Action|Drama|Mystery|Sci-Fi|Thriller,9358
85438,Jane Eyre (2011),Drama|Romance,9359
85510,Sucker Punch (2011),Action|Fantasy|Thriller|IMAX,9360
85565,Chalet Girl (2011),Comedy|Romance,9361
85763,Beneath Hill 60 (2010),Drama|War,9362
85774,Senna (2010),Documentary,9363
85777,Death Note 2: The Last Name (2006),Adventure|Crime|Drama,9364
85788,Insidious (2010),Fantasy|Horror|Thriller,9365
85790,Meek's Cutoff (2010),Western,9366
85796,Hobo with a Shotgun (2011),Action|Adventure|Crime|Thriller,9367
85881,Win Win (2011),Comedy|Drama,9368
85885,Room in Rome (Habitación en Roma) (2010),Drama|Romance,9369
86000,Boy (2010),Comedy|Drama,9370
86014,Diary of a Wimpy Kid: Rodrick Rules (2011),Comedy,9371
86059,Hop (2011),Animation|Children|Comedy,9372
86066,Playing the Victim (Izobrazhaya zhertvu) (2006),Comedy,9373
86142,13 Assassins (Jûsan-nin no shikaku) (2010),Action,9374
86190,Hanna (2011),Action|Adventure|Mystery|Thriller,9375
86233,New Kids Turbo (2010),Action|Comedy,9376
86237,Connections (1978),Documentary,9377
86244,Easy Money (Snabba Cash) (2010),Action|Thriller,9378
86279,Into Eternity (2010),Documentary,9379
86290,American: The Bill Hicks Story (2009),Comedy|Documentary,9380
86293,Arthur (2011),Comedy,9381
86295,Scream 4 (2011),Comedy|Horror|Mystery|Thriller,9382
86298,Rio (2011),Adventure|Animation|Children|Comedy,9383
86320,Melancholia (2011),Drama|Sci-Fi,9384
86332,Thor (2011),Action|Adventure|Drama|Fantasy|IMAX,9385
86345,Louis C.K.: Hilarious (2010),Comedy,9386
86347,Louis C.K.: Chewed Up (2008),Comedy,9387
86355,Atlas Shrugged: Part 1 (2011),Drama|Mystery|Sci-Fi,9388
86377,Louis C.K.: Shameless (2007),Comedy,9389
86412,That's What I Am (2011),Children|Comedy,9390
86487,Mildred Pierce (2011),Drama,9391
86536,High School (1968),Documentary,9392
86548,Water for Elephants (2011),Drama|Romance,9393
86574,Foo Fighters: Back and Forth (2011),Documentary|Musical,9394
86628,Kill the Irishman (2011),Action|Crime,9395
86644,"Fast Five (Fast and the Furious 5, The) (2011)",Action|Crime|Drama|Thriller|IMAX,9396
86668,Louis Theroux: Law & Disorder (2008),Documentary,9397
86723,"Parking Lot Movie, The (2010)",Documentary,9398
86781,Incendies (2010),Drama|Mystery|War,9399
86815,Soul Surfer (2011),Action|Drama,9400
86817,Something Borrowed (2011),Comedy|Drama|Romance,9401
86833,Bridesmaids (2011),Comedy,9402
86835,Priest (2011),Action|Horror|Sci-Fi|Thriller,9403
86852,"Beaver, The (2011)",Drama,9404
86880,Pirates of the Caribbean: On Stranger Tides (2011),Action|Adventure|Fantasy|IMAX,9405
86882,Midnight in Paris (2011),Comedy|Fantasy|Romance,9406
86884,"Kid With a Bike, The (Le gamin au vélo) (2011)",Drama,9407
86892,The Man from Nowhere (2010),Action|Crime|Thriller,9408
86898,"Tree of Life, The (2011)",Drama,9409
86911,"Hangover Part II, The (2011)",Comedy,9410
86922,Nothing to Declare (Rien à déclarer) (2010),Comedy,9411
87004,Pina (2011),Documentary|Musical,9412
87079,Trust (2010),Drama|Thriller,9413
87192,Attack the Block (2011),Action|Comedy|Sci-Fi,9414
87194,The Way (2010),Adventure|Comedy|Drama,9415
87197,Let the Bullets Fly (2010),Action|Comedy,9416
87205,"Tunnel, The (2011)",Drama|Horror|Thriller,9417
87222,Kung Fu Panda 2 (2011),Action|Adventure|Animation|Children|Comedy|IMAX,9418
87232,X-Men: First Class (2011),Action|Adventure|Sci-Fi|Thriller|War,9419
87234,Submarine (2010),Comedy|Drama|Romance,9420
87270,"Other Woman, The (2009)",Drama,9421
87298,Everything Must Go (2010),Comedy|Drama,9422
87304,Beginners (2010),Drama,9423
87306,Super 8 (2011),Mystery|Sci-Fi|Thriller|IMAX,9424
87413,Bernie (1996),Comedy|Drama,9425
87430,Green Lantern (2011),Action|Adventure|Sci-Fi,9426
87483,Mr. Popper's Penguins (2011),Comedy,9427
87485,Bad Teacher (2011),Comedy,9428
87520,Transformers: Dark of the Moon (2011),Action|Adventure|Sci-Fi|War|IMAX,9429
87522,Larry Crowne (2011),Comedy|Drama|Romance,9430
87529,Your Highness (2011),Action|Adventure|Comedy|Fantasy,9431
87660,Too Big to Fail (2011),Drama,9432
87785,Takers (2010),Action|Crime|Thriller,9433
87867,Zookeeper (2011),Comedy,9434
87869,Horrible Bosses (2011),Comedy|Crime,9435
87876,Cars 2 (2011),Adventure|Animation|Children|Comedy|IMAX,9436
87930,Page One: Inside the New York Times (2011),Documentary,9437
88022,Hot Coffee (2011),Documentary,9438
88069,Delhi Belly (2011),Comedy|Crime,9439
88108,Monte Carlo (2011),Adventure|Comedy|Romance,9440
88118,"Perfect Host, The (2010)",Crime|Drama|Thriller,9441
88125,Harry Potter and the Deathly Hallows: Part 2 (2011),Action|Adventure|Drama|Fantasy|Mystery|IMAX,9442
88127,Conan O'Brien Can't Stop (2011),Documentary,9443
88129,Drive (2011),Crime|Drama|Film-Noir|Thriller,9444
88140,Captain America: The First Avenger (2011),Action|Adventure|Sci-Fi|Thriller|War,9445
88163,"Crazy, Stupid, Love. (2011)",Comedy|Drama|Romance,9446
88179,One Day (2011),Drama|Romance,9447
88235,"Guard, The (2011)",Comedy|Crime,9448
88248,Quarantine 2: Terminal (2011),Horror|Mystery|Sci-Fi,9449
88267,Winnie the Pooh (2011),Animation|Children|Comedy,9450
88272,"Woman, The (2011)",Horror,9451
88339,"Four Times, The (Le Quattro Volte) (2010)",Drama,9452
88356,"Smurfs, The (2011)",Animation|Children|Comedy,9453
88405,Friends with Benefits (2011),Comedy|Romance,9454
88468,Alpha and Omega (2010),Adventure|Animation|Children|Comedy|Romance,9455
88593,"Yellow Sea, The (a.k.a. The Murderer) (Hwanghae) (2010)",Crime|Drama|Thriller,9456
88672,Our Idiot Brother (2011),Comedy,9457
88724,Beats Rhymes & Life: The Travels of a Tribe Called Quest (2011),Documentary,9458
88744,Rise of the Planet of the Apes (2011),Action|Drama|Sci-Fi|Thriller,9459
88746,Terri (2011),Comedy,9460
88785,"Change-Up, The (2011)",Comedy,9461
88810,"Help, The (2011)",Drama,9462
88812,30 Minutes or Less (2011),Action|Comedy|Crime,9463
88835,Glee: The 3D Concert Movie (2011),Documentary|Musical,9464
88837,"Trotsky, The (2009)",Comedy,9465
88911,My Afternoons with Margueritte (La tête en friche) (2010),Comedy,9466
88932,Final Destination 5 (2011),Horror|Thriller|IMAX,9467
88950,"Conspirator, The (2010)",Drama,9468
88954,"Very Harold & Kumar 3D Christmas, A (2011)",Comedy,9469
89000,Carancho (2010),Crime|Drama|Romance,9470
89028,Don't Be Afraid of the Dark (2010),Horror|Thriller,9471
89030,Fright Night (2011),Comedy|Horror,9472
89039,Another Earth (2011),Drama|Romance|Sci-Fi,9473
89047,Hesher (2010),Drama,9474
89060,Cold Prey (Fritt Vilt) (2006),Action|Horror|Mystery|Thriller,9475
89072,Stake Land (2010),Horror,9476
89074,"Greatest Movie Ever Sold, The (POM Wonderful Presents: The Greatest Movie Ever Sold) (2011)",Documentary,9477
89085,"Debt, The (2011)",Drama|Thriller,9478
89087,Colombiana (2011),Action|Adventure|Drama|Thriller,9479
89090,Bill Cunningham New York (2011),Documentary,9480
89102,Freakonomics (2010),Documentary,9481
89118,"Skin I Live In, The (La piel que habito) (2011)",Drama,9482
89190,Conan the Barbarian (2011),Action|Adventure|Fantasy,9483
89260,Project Nim (2011),Documentary,9484
89302,Page Eight (2011),Drama|Thriller,9485
89305,"Inbetweeners Movie, The (2011)",Adventure|Comedy,9486
89321,"Future, The (2011)",Drama,9487
89337,"Interrupters, The (2011)",Documentary,9488
89343,Red State (2011),Action|Crime|Horror|Thriller,9489
89356,Chinese Take-Out (Chinese Take-Away) (Un cuento chino) (2011),Comedy,9490
89369,"Better Life, A (2011)",Drama,9491
89386,Pearl Jam Twenty (2011),Documentary|Musical,9492
89388,I Don't Know How She Does It (2011),Comedy,9493
89470,Contagion (2011),Sci-Fi|Thriller|IMAX,9494
89472,We Have a Pope (Habemus Papam) (2011),Comedy|Drama,9495
89480,Sleeping Beauty (2011),Drama,9496
89490,Straw Dogs (2011),Thriller,9497
89492,Moneyball (2011),Drama,9498
89535,"Havre, Le (2011)",Comedy|Drama,9499
89554,Zindagi Na Milegi Dobara (2011),Adventure|Comedy|Drama|Romance,9500
89570,Restless (2011),Drama,9501
89582,Cold Fish (Tsumetai nettaigyo) (2010),Drama|Thriller,9502
89629,Point Blank (À bout portant) (2010),Action|Crime|Thriller,9503
89638,Nothing Personal (2009),Drama,9504
89650,Ironclad (2011),Action|Adventure,9505
89678,Northanger Abbey (2007),Drama|Romance,9506
89745,"Avengers, The (2012)",Action|Adventure|Sci-Fi|IMAX,9507
89753,Tinker Tailor Soldier Spy (2011),Drama|Film-Noir|Thriller,9508
89759,"Separation, A (Jodaeiye Nader az Simin) (2011)",Drama,9509
89761,"Dangerous Method, A (2011)",Drama|Thriller,9510
89774,Warrior (2011),Drama,9511
89804,"Ides of March, The (2011)",Drama,9512
89837,Kill List (2011),Horror|Mystery|Thriller,9513
89840,Killer Elite (2011),Action|Thriller,9514
89846,Bobby Fischer Against the World (2011),Documentary,9515
89862,Bellflower (2011),Action|Drama|Romance,9516
89864,50/50 (2011),Comedy|Drama,9517
89896,"Turin Horse, The (A Torinói ló) (2011)",Drama,9518
89898,Generation P (2011),Comedy|Drama|Sci-Fi,9519
89900,Once Upon a Time in Anatolia (Bir zamanlar Anadolu'da) (2011),Drama,9520
89904,The Artist (2011),Comedy|Drama|Romance,9521
89985,"Trap: What Happened to Our Dream of Freedom, The (2007)",Documentary,9522
90057,Take Shelter (2011),Drama,9523
90154,"Caller, The (2011)",Horror|Mystery|Thriller,9524
90249,Real Steel (2011),Action|Drama|Sci-Fi|IMAX,9525
90266,Buck (2011),Documentary,9526
90341,Catching Hell (2011),Documentary,9527
90343,Footloose (2011),Comedy|Drama|Musical,9528
90345,"Thing, The (2011)",Horror|Mystery|Sci-Fi|Thriller,9529
90350,Lemmy (2010),Documentary,9530
90357,Tyrannosaur (2011),Drama,9531
90374,Martha Marcy May Marlene (2011),Drama|Thriller,9532
90376,We Need to Talk About Kevin (2011),Drama|Thriller,9533
90378,Tabloid (2010),Documentary,9534
90403,"Three Musketeers, The (2011)",Action|Adventure,9535
90405,In Time (2011),Crime|Sci-Fi|Thriller,9536
90428,Margaret (2011),Drama,9537
90430,Carnage (2011),Comedy|Drama,9538
90439,Margin Call (2011),Drama|Thriller,9539
90469,Paranormal Activity 3 (2011),Horror,9540
90471,Puncture (2011),Drama,9541
90474,Polisse (2011),Crime|Drama,9542
90476,"Little Bit of Heaven, A (2011)",Comedy|Drama|Romance,9543
90522,Johnny English Reborn (2011),Adventure|Comedy|Thriller,9544
90524,Abduction (2011),Action|Drama|Mystery|Thriller,9545
90528,This Must Be the Place (2011),Crime|Drama|Thriller,9546
90531,Shame (2011),Drama,9547
90576,What's Your Number? (2011),Comedy|Romance,9548
90578,Dream House (2011),Drama|Mystery|Thriller,9549
90592,How to Die in Oregon (2011),Documentary|Drama,9550
90600,Headhunters (Hodejegerne) (2011),Action|Crime|Thriller,9551
90620,Mulan (2009),Action|Adventure|Drama|Romance,9552
90624,Machine Gun Preacher (2011),Action|Crime,9553
90630,Miss Representation (2011),Documentary,9554
90645,Anonymous (2011),Drama,9555
90647,Puss in Boots (2011),Adventure|Animation|Comedy|Fantasy|IMAX,9556
90717,Tower Heist (2011),Action|Comedy|Crime,9557
90719,J. Edgar (2011),Drama,9558
90738,"Double, The (2011)",Action|Crime|Drama|Mystery|Thriller,9559
90746,"Adventures of Tintin, The (2011)",Action|Animation|Mystery|IMAX,9560
90809,Tomboy (2011),Drama,9561
90863,George Harrison: Living in the Material World (2011),Documentary,9562
90866,Hugo (2011),Children|Drama|Mystery,9563
90888,Immortals (2011),Action|Drama|Fantasy,9564
90890,Jack and Jill (2011),Comedy,9565
90914,"Devil's Double, The (2011)",Action|Drama,9566
90929,House of Tolerance (2011),Drama,9567
90943,Into the Abyss (2011),Documentary,9568
90947,"Oslo, August 31st (Oslo, 31. august) (2011)",Drama,9569
91014,Shaolin (Xin shao lin si) (2011),Action|Drama,9570
91077,"Descendants, The (2011)",Comedy|Drama,9571
91079,Like Crazy (2011),Drama|Romance,9572
91094,"Muppets, The (2011)",Children|Comedy|Musical,9573
91104,"Twilight Saga: Breaking Dawn - Part 1, The (2011)",Adventure|Drama|Fantasy|Romance,9574
91126,War Horse (2011),Drama|War,9575
91128,"Rum Diary, The (2011)",Comedy|Drama|Thriller,9576
91134,My Week with Marilyn (2011),Drama,9577
91199,Weekend (2011),Drama|Romance,9578
91241,Singham (2011),Action|Drama|Romance,9579
91261,Hipsters (Stilyagi) (2008),Drama|Musical|Romance,9580
91266,Another Cinderella Story (2008),Children|Comedy|Musical|Romance,9581
91273,Bunraku (2010),Action|Drama|Fantasy,9582
91290,Sarah's Key (Elle s'appelait Sarah) (2010),Drama,9583
91323,"Sitter, The (2011)",Comedy,9584
91325,Extremely Loud and Incredibly Close (2011),Drama,9585
91335,"Gruffalo, The (2009)",Adventure|Animation|Children|Comedy|Drama,9586
91351,Asterix and the Big Fight (Astérix et le coup du menhir) (1989),Adventure|Animation|Children|Comedy,9587
91353,Asterix in America (a.k.a Asterix Conquers America) (Astérix et les Indiens) (1994),Adventure|Animation|Children|Comedy,9588
91355,Asterix and the Vikings (Astérix et les Vikings) (2006),Adventure|Animation|Children|Comedy|Fantasy,9589
91371,Rampart (2011),Action|Crime|Drama|Thriller,9590
91386,Happy Feet Two (2011),Animation|Children|Comedy|IMAX,9591
91414,Arthur Christmas (2011),Animation|Children|Comedy|Drama,9592
91474,Flypaper (2011),Comedy|Crime,9593
91483,Bullet to the Head (2012),Action|Crime|Film-Noir,9594
91485,"Expendables 2, The (2012)",Action|Adventure,9595
91488,"Snowman, The (1982)",Animation|Children|Musical,9596
91500,The Hunger Games (2012),Action|Adventure|Drama|Sci-Fi|Thriller,9597
91505,Clone (Womb) (2010),Drama|Romance|Sci-Fi,9598
91529,"Dark Knight Rises, The (2012)",Action|Adventure|Crime|IMAX,9599
91535,"Bourne Legacy, The (2012)",Action|Adventure|Drama|Thriller|IMAX,9600
91537,"Don't Worry, I'm Fine (Je vais bien, ne t'en fais pas) (2006)",Drama,9601
91542,Sherlock Holmes: A Game of Shadows (2011),Action|Adventure|Comedy|Crime|Mystery|Thriller,9602
91548,Life in a Day (2011),Documentary|Drama,9603
91571,Coriolanus (2011),Drama|Thriller,9604
91597,This Is Not a Film (In film nist) (2011),Documentary,9605
91622,Young Adult (2011),Comedy|Drama,9606
91628,New Year's Eve (2011),Comedy|Romance,9607
91630,Mission: Impossible - Ghost Protocol (2011),Action|Adventure|Thriller|IMAX,9608
91653,We Bought a Zoo (2011),Comedy|Drama,9609
91658,"Girl with the Dragon Tattoo, The (2011)",Drama|Thriller,9610
91660,"Darkest Hour, The (2011)",Action|Horror|Sci-Fi|Thriller,9611
91671,Alvin and the Chipmunks: Chipwrecked (2011),Animation|Comedy,9612
91673,Albert Nobbs (2011),Drama,9613
91681,"Julia's Eyes (Ojos de Julia, Los) (2010)",Horror|Thriller,9614
91690,Friends with Kids (2011),Comedy,9615
91743,Today's Special (2009),Comedy,9616
91762,"Last Lions, The (2011)",Documentary,9617
91808,Pariah (2011),Drama,9618
91821,"Muppet Family Christmas, A (1987)",Children|Comedy|Musical,9619
91842,Contraband (2012),Action|Crime|Drama|Thriller,9620
91844,Chak De India! (2007),Drama,9621
91869,Being Elmo: A Puppeteer's Journey (2011),Documentary,9622
91886,Dolphin Tale (2011),Children|Drama,9623
91888,Chico & Rita (2010),Animation|Musical|Romance,9624
91890,"Iron Lady, The (2011)",Drama,9625
91902,Elena (2011),Drama,9626
91929,Nostalgia for the Light (Nostalgia de la luz) (2010),Documentary|Drama,9627
91947,"Revenant, The (2009)",Comedy|Horror,9628
91972,"Divide, The (2011)",Thriller,9629
91974,Underworld: Awakening (2012),Action|Fantasy|Horror|IMAX,9630
91976,"Grey, The (2012)",Action|Drama,9631
91978,Man on a Ledge (2012),Crime|Thriller,9632
92008,Haywire (2011),Action|Thriller,9633
92048,"Whistleblower, The (2010)",Drama|Thriller,9634
92058,"Human Centipede II (Full Sequence), The (2011)",Horror,9635
92094,Einstein and Eddington (2008),Drama,9636
92152,"Turn Me On, Dammit! (Få meg på, for faen) (2011)",Comedy,9637
92192,Apollo 18 (2011),Horror|Sci-Fi|Thriller,9638
92198,Seeking Justice (2011),Action|Drama|Thriller,9639
92210,"Disappearance of Haruhi Suzumiya, The (Suzumiya Haruhi no shôshitsu) (2010)",Adventure|Animation|Drama|Mystery|Sci-Fi,9640
92234,Red Tails (2012),Action|Adventure|Drama|War,9641
92243,"Flowers of War, The (Jin líng shí san chai) (2011)",Drama|War,9642
92259,Intouchables (2011),Comedy|Drama,9643
92264,One for the Money (2012),Action|Comedy|Crime,9644
92309,"Innkeepers, The (2011)",Horror|Thriller,9645
92335,Big Miracle (2012),Drama|Romance,9646
92352,Reel Injun (2009),Documentary,9647
92391,Grave Encounters (2011),Horror,9648
92393,Detective Dee and the Mystery of the Phantom Flame (Di Renjie) (2010),Action|Crime|Mystery,9649
92420,Chronicle (2012),Action|Sci-Fi|Thriller,9650
92422,"Woman in Black, The (2012)",Drama|Horror|Thriller,9651
92437,Toast (2010),Comedy|Drama,9652
92439,"Art of Getting By, The (2011)",Drama|Romance,9653
92475,All Watched Over by Machines of Loving Grace (2011),Documentary,9654
92481,Third Star (2010),Comedy|Drama,9655
92507,Safe House (2012),Action|Crime|Mystery|Thriller,9656
92509,"Vow, The (2012)",Drama|Romance,9657
92637,Pitfall (Otoshiana) (1962),Crime|Drama|Fantasy,9658
92643,Monsieur Lazhar (2011),Children|Comedy|Drama,9659
92665,"For a Good Time, Call... (2012)",Comedy|Drama|Romance,9660
92681,Journey 2: The Mysterious Island (2012),Action|Adventure|Comedy|Sci-Fi|IMAX,9661
92694,Perfect Sense (2011),Drama|Romance|Sci-Fi,9662
92719,Tim and Eric's Billion Dollar Movie (2012),Comedy,9663
92904,We Were Here (2011),Documentary,9664
92920,"Hunter, The (2011)",Drama,9665
92938,Ghost Rider: Spirit of Vengeance (2012),Action|Fantasy|Thriller,9666
92944,"Monster in Paris, A (Un monstre à Paris) (2011)",Adventure|Animation|Children,9667
92954,Prayers for Bobby (2009),Drama,9668
93040,"Civil War, The (1990)",Documentary|War,9669
93061,October Baby (2011),Drama,9670
93142,Wrong Turn 4 (2011),Action|Horror|Thriller,9671
93164,Sleep Tight (Mientras duermes) (2011),Horror|Thriller,9672
93208,Mickey's The Prince and the Pauper (1990),Animation|Children,9673
93212,"Cat in Paris, A (Une vie de chat) (2010)",Animation|Crime|Mystery,9674
93240,Children Who Chase Lost Voices from Deep Below (Hoshi o ou kodomo) (Journey to Agartha) (2011),Animation|Drama|Fantasy,9675
93242,Gone (2012),Drama|Thriller,9676
93265,Courageous (2011),Drama,9677
93270,Project X (2012),Comedy,9678
93272,Dr. Seuss' The Lorax (2012),Animation|Fantasy|Musical|IMAX,9679
93287,"Big Year, The (2011)",Comedy,9680
93297,Act of Valor (2012),Action|Thriller|War,9681
93320,Trailer Park Boys (1999),Comedy|Crime,9682
93324,Undefeated (2011),Documentary,9683
93326,This Means War (2012),Action|Comedy|Romance,9684
93363,John Carter (2012),Action|Adventure|Sci-Fi|IMAX,9685
93404,Queen: Days of Our Lives (2011),Documentary,9686
93420,"Art of Flight, The (2011)",Adventure|Documentary,9687
93422,Starbuck (2011),Comedy,9688
93432,Forks Over Knives (2011),Documentary,9689
93443,Goon (2011),Comedy|Drama,9690
93475,"Awakening, The (2011)",Horror|Thriller,9691
93498,Game Change (2012),Drama,9692
93502,"Ledge, The (2011)",Drama|Thriller,9693
93510,21 Jump Street (2012),Action|Comedy|Crime,9694
93512,"Jeff, Who Lives at Home (2012)",Comedy|Drama,9695
93563,Lockout (2012),Action|Sci-Fi|Thriller,9696
93570,Bedevilled (Kim Bok-nam salinsageonui jeonmal) (2010),Crime|Drama|Horror,9697
93598,"Snowtown (Snowtown Murders, The) (2011)",Crime|Drama|Thriller,9698
93700,Corman's World: Exploits of a Hollywood Rebel (2011),Documentary,9699
93721,Jiro Dreams of Sushi (2011),Documentary,9700
93723,Damsels in Distress (2011),Comedy|Romance,9701
93740,Salmon Fishing in the Yemen (2011),Comedy|Drama|Romance,9702
93748,Eden of the East the Movie I: The King of Eden (Higashi no Eden Gekijoban) (2009),Action|Animation|Crime|Sci-Fi|Thriller,9703
93750,Eden of the East the Movie II: Paradise Lost (Higashi no Eden Gekijôban II: Paradise Lost) (2010),Animation|Crime|Mystery|Sci-Fi|Thriller,9704
93766,Wrath of the Titans (2012),Action|Adventure|Fantasy|IMAX,9705
93805,Iron Sky (2012),Action|Comedy|Sci-Fi,9706
93819,Absentia (2011),Horror,9707
93831,American Reunion (American Pie 4) (2012),Comedy,9708
93838,The Raid: Redemption (2011),Action|Crime,9709
93840,"Cabin in the Woods, The (2012)",Comedy|Horror|Sci-Fi|Thriller,9710
93842,Delicacy (La délicatesse) (2011),Comedy|Romance,9711
93855,God Bless America (2011),Comedy|Drama,9712
93892,Romantics Anonymous (Les émotifs anonymes) (2010),Comedy|Romance,9713
93933,Footnote (Hearat Shulayim) (2011),Drama,9714
93939,Café de Flore (2011),Drama,9715
93982,"Raven, The (2012)",Mystery|Thriller,9716
93988,North & South (2004),Drama|Romance,9717
94015,Mirror Mirror (2012),Adventure|Comedy|Fantasy,9718
94018,Battleship (2012),Action|Sci-Fi|Thriller|IMAX,9719
94024,Louis Theroux: The Most Hated Family in America in Crisis (2011),Documentary,9720
94070,"Best Exotic Marigold Hotel, The (2011)",Comedy|Drama,9721
94074,Rush: Beyond the Lighted Stage (2010),Documentary|Musical,9722
94126,Bullhead (Rundskop) (2011),Crime|Drama,9723
94130,Bully (2011),Documentary,9724
94266,"Five-Year Engagement, The (2012)",Comedy|Romance,9725
94323,Think Like a Man (2012),Comedy,9726
94325,"Lucky One, The (2012)",Drama,9727
94401,If a Tree Falls: A Story of the Earth Liberation Front (2011),Documentary,9728
94405,Safe (2012),Action|Crime|Thriller,9729
94410,Hamlet (2009),Drama,9730
94469,Red Dog (2011),Comedy|Drama|Romance,9731
94478,Dark Shadows (2012),Comedy|Horror|IMAX,9732
94503,"Decoy Bride, The (2011)",Comedy|Romance,9733
94558,Beyond the Black Rainbow (2010),Mystery|Sci-Fi,9734
94663,Vicky Donor (2012),Comedy|Romance,9735
94675,Three Steps Above Heaven (2010),Drama|Romance,9736
94677,"Dictator, The (2012)",Comedy,9737
94752,Gifted Hands: The Ben Carson Story (2009),Drama,9738
94777,Men in Black III (M.III.B.) (M.I.B.³) (2012),Action|Comedy|Sci-Fi|IMAX,9739
94780,Snow White and the Huntsman (2012),Action|Adventure|Drama,9740
94799,Sound of My Voice (2011),Drama|Mystery|Sci-Fi,9741
94810,Eva (2011),Drama|Fantasy|Sci-Fi,9742
94813,Chernobyl Diaries (2012),Horror,9743
94815,Chicken with Plums (Poulet aux prunes) (2011),Drama,9744
94833,"Pirates! Band of Misfits, The (2012)",Adventure|Animation|Children|Comedy,9745
94841,Hick (2011),Drama|Romance,9746
94864,Prometheus (2012),Action|Horror|Sci-Fi|IMAX,9747
94867,"Pact, The (2012)",Horror|Mystery|Thriller,9748
94896,Bernie (2011),Comedy|Crime|Drama,9749
94931,Take This Waltz (2011),Drama|Romance,9750
94939,Sound of Noise (2010),Comedy|Crime|Musical,9751
94953,Wanderlust (2012),Comedy,9752
94959,Moonrise Kingdom (2012),Comedy|Drama|Romance,9753
94969,Kahaani (2012),Crime|Drama|Thriller,9754
94978,I Wish (Kiseki) (2011),Children|Drama,9755
94985,Get the Gringo (2012),Action|Crime|Drama|Thriller,9756
95058,Cosmopolis  (2012),Drama,9757
95067,"Thousand Words, A (2012)",Comedy|Drama,9758
95088,Safety Not Guaranteed (2012),Comedy|Drama,9759
95105,Madagascar 3: Europe's Most Wanted (2012),Adventure|Animation|Children|Comedy|IMAX,9760
95135,Your Sister's Sister (2011),Comedy|Drama,9761
95167,Brave (2012),Action|Adventure|Animation|Children,9762
95199,What to Expect When You're Expecting (2012),Comedy|Drama|Romance,9763
95201,To Rome with Love (2012),Comedy,9764
95207,Abraham Lincoln: Vampire Hunter (2012),Action|Fantasy|Horror|Thriller,9765
95218,First Position (2011),Documentary,9766
95237,Detention (2012),Comedy|Horror,9767
95298,Woochi: The Demon Slayer (2009),Action|Comedy|Fantasy,9768
95307,Rock of Ages (2012),Comedy|Drama|Musical|IMAX,9769
95309,Seeking a Friend for the End of the World (2012),Comedy|Drama|Romance,9770
95311,Presto (2008),Animation|Children|Comedy|Fantasy,9771
95375,Boundin' (2003),Animation|Children,9772
95441,Ted (2012),Comedy|Fantasy,9773
95443,"Giant Mechanical Man, The (2012)",Comedy|Drama|Romance,9774
95449,Magic Mike (2012),Drama|Romance,9775
95488,On the Road (2012),Adventure|Drama,9776
95510,"Amazing Spider-Man, The (2012)",Action|Adventure|Sci-Fi|IMAX,9777
95543,Ice Age 4: Continental Drift (2012),Adventure|Animation|Comedy,9778
95558,Beasts of the Southern Wild (2012),Drama|Fantasy,9779
95567,People Like Us (2012),Drama,9780
95583,Savages (2012),Crime|Drama|Thriller,9781
95604,The War (2007),Documentary|War,9782
95654,Geri's Game (1997),Animation|Children,9783
95720,"Watch, The (2012)",Comedy|Sci-Fi,9784
95744,2 Days in New York (2012),Comedy,9785
95756,"Cat in the Hat, The (1971)",Animation|Children,9786
95761,Killer Joe (2011),Crime|Thriller,9787
95804,Wild Bill (2011),Crime|Drama,9788
95816,Being Flynn (2012),Comedy|Drama,9789
95839,"Christmas Carol, A (1999)",Drama|Fantasy,9790
95856,Knick Knack (1989),Animation|Children,9791
95858,For the Birds (2000),Animation|Children|Comedy,9792
95873,Ruby Sparks (2012),Comedy|Fantasy|Romance,9793
95875,Total Recall (2012),Action|Sci-Fi|Thriller,9794
95939,"Angels' Share, The (2012)",Comedy|Drama,9795
95971,Dikkenek (2006),Comedy,9796
95973,"Classe américaine, La (a.k.a. Le grand détournement) (1993)",Comedy,9797
96020,Sidewalls (Medianeras) (2011),Drama,9798
96075,Bleak House (2005),Drama,9799
96079,Skyfall (2012),Action|Adventure|Thriller|IMAX,9800
96110,"Campaign, The (2012)",Comedy,9801
96121,Hope Springs (2012),Comedy|Drama,9802
96150,"Queen of Versailles, The (2012)",Documentary,9803
96281,ParaNorman (2012),Adventure|Animation|Comedy,9804
96283,Diary of a Wimpy Kid: Dog Days (2012),Children|Comedy,9805
96302,War of the Arrows (Choi-jong-byeong-gi Hwal) (2011),Action,9806
96304,Hara-Kiri: Death of a Samurai (2011),Drama,9807
96314,Celeste and Jesse Forever (Celeste & Jesse Forever) (2012),Comedy|Drama|Romance,9808
96367,Hit and Run (Hit & Run) (2012),Action|Comedy|Romance,9809
96373,Broken (2012),Drama,9810
96411,6 Days to Air: The Making of South Park (2011),Documentary,9811
96417,Premium Rush (2012),Action|Thriller,9812
96430,"Odd Life of Timothy Green, The (2012)",Comedy|Drama|Fantasy,9813
96432,Lawless (2012),Crime|Drama,9814
96467,Sleepwalk with Me (2012),Comedy|Drama,9815
96471,Prime Suspect 3 (1993),Crime|Drama|Mystery,9816
96473,Prime Suspect: Inner Circles (1995),Drama|Mystery,9817
96488,Searching for Sugar Man (2012),Documentary,9818
96490,"Possession, The (2012)",Horror|Thriller,9819
96501,Little White Lies (Les petits mouchoirs) (2010),Comedy|Drama,9820
96520,Prime Suspect: The Lost Child (1995),Drama|Mystery,9821
96563,Paradise Lost 3: Purgatory (2011),Documentary,9822
96565,Bachelorette (2012),Comedy,9823
96567,"Words, The (2012)",Drama|Romance,9824
96588,Pitch Perfect (2012),Comedy|Musical,9825
96606,Samsara (2011),Documentary,9826
96610,Looper (2012),Action|Crime|Sci-Fi,9827
96612,Compliance (2012),Drama|Thriller,9828
96616,That's My Boy (2012),Comedy,9829
96655,Robot & Frank (2012),Comedy|Drama|Sci-Fi,9830
96667,Ai Weiwei: Never Sorry (2012),Documentary,9831
96691,Resident Evil: Retribution (2012),Action|Horror|Sci-Fi|IMAX,9832
96693,Trouble with the Curve (2012),Drama,9833
96728,"Master, The (2012)",Drama,9834
96737,Dredd (2012),Action|Sci-Fi,9835
96751,Arbitrage (2012),Drama|Thriller,9836
96811,End of Watch (2012),Crime|Drama|Thriller,9837
96815,V/H/S (2012),Horror|Thriller,9838
96821,"Perks of Being a Wallflower, The (2012)",Drama|Romance,9839
96829,"Hunt, The (Jagten) (2012)",Drama,9840
96832,Holy Motors (2012),Drama|Fantasy|Musical|Mystery|Sci-Fi,9841
96857,Red Lights (2012),Drama|Mystery|Thriller,9842
96861,Taken 2 (2012),Action|Crime|Drama|Thriller,9843
96863,"Paperboy, The (2012)",Thriller,9844
96868,Shut Up and Play the Hits (2012),Documentary,9845
96911,"Royal Affair, A (Kongelig affære, En) (2012)",Drama|Romance,9846
96917,House at the End of the Street (2012),Horror|Thriller,9847
96964,"Tall Man, The (2012)",Crime|Drama|Mystery,9848
96966,Laurence Anyways (2012),Drama|Romance,9849
96969,"Magic of Belle Isle, The (2012)",Comedy|Drama,9850
96975,LOL (2012),Comedy|Drama|Romance,9851
96991,"Sapphires, The (2012)",Comedy|Drama|Musical,9852
97024,Rust and Bone (De rouille et d'os) (2012),Drama|Romance,9853
97057,Kon-Tiki (2012),Adventure|Documentary|Drama,9854
97065,Viy or Spirit of Evil (Viy) (1967),Comedy|Drama|Fantasy|Horror,9855
97132,Urbanized (2011),Documentary,9856
97168,Marley (2012),Documentary,9857
97172,Frankenweenie (2012),Animation|Comedy|Horror|IMAX,9858
97188,Sinister (2012),Horror|Thriller,9859
97194,"Thing: Terror Takes Shape, The (1998)",Documentary,9860
97225,Hotel Transylvania (2012),Animation|Children|Comedy,9861
97280,We Are from the Future (My iz budushchego) (2008),Action|Drama|Fantasy,9862
97302,Madame Tutli-Putli (2007),Animation|Fantasy,9863
97304,Argo (2012),Drama|Thriller,9864
97306,Seven Psychopaths (2012),Comedy|Crime,9865
97311,Butter (2011),Comedy,9866
97328,Liberal Arts (2012),Comedy|Drama,9867
97393,"House I Live In, The (2012)",Documentary,9868
97395,West of Memphis (2012),Documentary,9869
97462,Hoodwinked Too! Hood vs. Evil (2011),Animation|Comedy,9870
97639,How to Survive a Plague (2012),Documentary,9871
97643,[REC]³ 3 Génesis (2012),Horror|Thriller,9872
97673,56 Up (2012),Documentary,9873
97692,We Are Legion: The Story of the Hacktivists (2012),Documentary,9874
97701,Paranormal Activity 4 (2012),Horror|IMAX,9875
97744,"Ambassador, The (Ambassadøren) (2011)",Documentary,9876
97752,Cloud Atlas (2012),Drama|Sci-Fi|IMAX,9877
97757,'Hellboy': The Seeds of Creation (2004),Action|Adventure|Comedy|Documentary|Fantasy,9878
97779,Steve Jobs: The Lost Interview (2012),Documentary,9879
97785,Silent Hill: Revelation 3D (2012),Horror|Mystery|Thriller,9880
97832,Chasing Mavericks (2012),Drama,9881
97836,Here Comes the Boom (2012),Action|Comedy,9882
97860,Killing Them Softly (2012),Crime|Drama|Thriller,9883
97866,"Imposter, The (2012)",Documentary,9884
97870,"Sessions, The (Surrogate, The) (2012)",Drama,9885
97904,Smashed (2012),Comedy|Drama,9886
97913,Wreck-It Ralph (2012),Animation|Comedy,9887
97921,Silver Linings Playbook (2012),Comedy|Drama,9888
97923,Flight (2012),Drama,9889
97933,5 Broken Cameras (2011),Documentary,9890
97936,Anna Karenina (2012),Drama,9891
97938,Life of Pi (2012),Adventure|Drama|IMAX,9892
97950,"Man with the Iron Fists, The (2012)",Action|Adventure|Crime,9893
97957,Excision (2012),Crime|Drama|Horror|Thriller,9894
97984,Wake in Fright (1971),Drama|Thriller,9895
97988,"Bay, The (2012)",Horror|Sci-Fi|Thriller,9896
98017,"Late Quartet, A (2012)",Drama,9897
98056,Amour (2012),Drama|Romance,9898
98087,Cockneys vs Zombies (2012),Comedy|Horror,9899
98122,Indie Game: The Movie (2012),Documentary,9900
98154,Lincoln (2012),Drama|War,9901
98193,"Invisible War, The (2012)",Crime|Documentary|Drama|War,9902
98198,OMG Oh My God! (2012),Comedy|Drama,9903
98203,"Twilight Saga: Breaking Dawn - Part 2, The (2012)",Adventure|Drama|Fantasy|Romance|IMAX,9904
98239,Red Dawn (2012),Action|War,9905
98243,Rise of the Guardians (2012),Adventure|Animation|Children|Fantasy|IMAX,9906
98279,"Fantastic Fear of Everything, A (2012)",Comedy,9907
98296,Deadfall (2012),Crime|Drama|Thriller,9908
98361,Byzantium (2012),Drama|Fantasy|Thriller,9909
98373,Step Up Revolution (2012),Musical,9910
98491,Paperman (2012),Animation|Comedy|Romance,9911
98585,Hitchcock (2012),Drama,9912
98604,From Up on Poppy Hill (Kokuriko-zaka kara) (2011),Animation|Drama|Romance,9913
98607,Redline (2009),Action|Animation|Sci-Fi,9914
98797,Barbara (2012),Drama,9915
98809,"Hobbit: An Unexpected Journey, The (2012)",Adventure|Fantasy|IMAX,9916
98956,Barfi! (2012),Comedy|Drama|Romance,9917
98961,Zero Dark Thirty (2012),Action|Drama|Thriller,9918
98973,Chasing Ice (2012),Documentary,9919
98975,Antiviral (2012),Horror|Sci-Fi|Thriller,9920
98981,"Arrival of a Train, The (1896)",Documentary,9921
99007,Warm Bodies (2013),Comedy|Horror|Romance,9922
99030,Wrong (2012),Comedy|Drama,9923
99047,Chained (2012),Horror|Thriller,9924
99087,Playing for Keeps (2012),Comedy|Romance,9925
99106,"Guilt Trip, The (2012)",Comedy,9926
99112,Jack Reacher (2012),Action|Crime|Thriller,9927
99114,Django Unchained (2012),Action|Drama|Western,9928
99117,This Is 40 (2012),Drama,9929
99145,"Impossible, The (Imposible, Lo) (2012)",Drama|Thriller,9930
99149,"Misérables, Les (2012)",Drama|Musical|Romance|IMAX,9931
99178,Struck by Lightning (2012),Comedy|Drama,9932
99220,Quartet (2012),Comedy|Drama,9933
99305,Kumaré (2011),Documentary,9934
99371,Camp Rock 2: The Final Jam (2010),Comedy|Musical|Romance,9935
99415,Parental Guidance (2012),Comedy,9936
99437,John Dies at the End (2012),Comedy|Fantasy|Horror,9937
99468,"Central Park Five, The (2012)",Documentary,9938
99470,"Collection, The (2012)",Action|Horror|Thriller,9939
99530,Rurouni Kenshin (Rurôni Kenshin: Meiji kenkaku roman tan) (2012),Action|Drama,9940
99537,Extracted (2012),Drama|Sci-Fi,9941
99574,Promised Land (2012),Drama,9942
99636,English Vinglish (2012),Comedy|Drama,9943
99721,Texas Chainsaw 3D (2013),Horror|Mystery|Thriller,9944
99728,Gangster Squad (2013),Action|Crime|Drama,9945
99741,"Company You Keep, The (2012)",Thriller,9946
99750,"Iceman, The (2012)",Crime|Drama|Thriller,9947
99764,It's Such a Beautiful Day (2012),Animation|Comedy|Drama|Fantasy|Sci-Fi,9948
99795,Whores' Glory (2011),Documentary,9949
99811,Beware of Mr. Baker (2012),Documentary,9950
99910,"Last Stand, The (2013)",Action|Crime|Thriller,9951
99912,Mama (2013),Horror,9952
99917,Upstream Color (2013),Romance|Sci-Fi|Thriller,9953
99957,Broken City (2013),Crime|Drama|Thriller,9954
99986,Marina Abramovic: The Artist Is Present (2012),Documentary,9955
99996,It's a Disaster (2012),Comedy|Drama,9956
100044,Human Planet (2011),Documentary,9957
100060,Sunny (Sseo-ni) (2011),Drama,9958
100062,My Way (Mai Wei) (2011),Action|Drama|War,9959
100083,Movie 43 (2013),Comedy,9960
100106,"Pervert's Guide to Ideology, The (2012)",Documentary,9961
100108,Parker (2013),Crime|Thriller,9962
100138,"Simple Life, A (Tao jie) (2011)",Drama,9963
100159,Sightseers (2012),Comedy,9964
100163,Hansel & Gretel: Witch Hunters (2013),Action|Fantasy|Horror|IMAX,9965
100185,Starlet (2012),Drama,9966
100194,Jim Jefferies: Fully Functional (EPIX) (2012),Comedy,9967
100196,Tom Petty and the Heartbreakers: Runnin' Down a Dream (2007),Documentary|Musical,9968
100244,"East, The (2013)",Drama,9969
100272,Snow White (Blancanieves) (2012),Drama,9970
100277,Tabu (2012),Drama|Romance,9971
100302,Upside Down (2012),Drama|Romance|Sci-Fi,9972
100326,Stand Up Guys (2012),Comedy|Crime,9973
100336,Udaan (2010),Drama,9974
100344,No (2012),Drama,9975
100359,"Haunting in Connecticut 2: Ghosts of Georgia, The (2013)",Drama|Horror|Thriller,9976
100383,Side Effects (2013),Crime|Drama|Mystery|Thriller,9977
100390,Identity Thief (2013),Comedy|Crime,9978
100397,"ABCs of Death, The (2012)",Horror,9979
100436,"Gatekeepers, The (2012)",Documentary,9980
100440,Lore (2012),Drama|Thriller|War,9981
100487,Beautiful Creatures (2013),Drama|Fantasy|Romance,9982
100498,"Good Day to Die Hard, A (2013)",Action|Crime|Thriller|IMAX,9983
100507,21 and Over (2013),Comedy,9984
100509,Tale of Tales (Skazka skazok) (1979),Animation,9985
100511,"House Is Black, The (1963)",Documentary,9986
100527,Safe Haven (2013),Drama|Mystery|Romance,9987
100556,"Act of Killing, The (2012)",Documentary,9988
100581,Room 237 (2012),Documentary,9989
100611,Escape from Planet Earth (2013),Adventure|Animation|Comedy|Sci-Fi,9990
100714,Before Midnight (2013),Drama|Romance,9991
100737,Snitch (2013),Action|Drama|Thriller,9992
100745,TPB AFK: The Pirate Bay Away from Keyboard (2013),Documentary,9993
100810,Dark Skies (2013),Horror|Sci-Fi|Thriller,9994
100843,Oh Boy (A Coffee in Berlin) (2012),Comedy|Drama,9995
100882,Journey to the West: Conquering the Demons (Daai wa sai you chi Chui mo chun kei) (2013),Adventure|Comedy|Fantasy|Romance|IMAX,9996
101025,Jack the Giant Slayer (2013),Adventure|Fantasy|IMAX,9997
101070,Wadjda (2012),Drama,9998
101074,"Legend of Sleepy Hollow, The (1949)",Animation|Comedy|Horror|Musical,9999
101076,G.I. Joe: Retaliation (2013),Action|Adventure|Sci-Fi|Thriller|IMAX,10000
101079,Kiss Me (Kyss Mig) (2011),Drama|Romance,10001
101088,Stoker (2013),Drama|Mystery|Thriller,10002
101106,Sound City (2013),Documentary,10003
101112,Oz the Great and Powerful (2013),Action|Adventure|Fantasy|IMAX,10004
101137,Dead Man Down (2013),Action|Crime|Drama|Romance|Thriller,10005
101142,"Croods, The (2013)",Adventure|Animation|Comedy,10006
101186,Populaire (2012),Comedy,10007
101207,Emperor (2012),Drama|War,10008
101260,StarStruck (2010),Comedy|Musical,10009
101262,Geek Charming (2011),Comedy,10010
101281,I Give It a Year (2013),Comedy|Romance,10011
101283,"Incredible Burt Wonderstone, The (2013)",Comedy,10012
101285,Spring Breakers (2013),Comedy|Crime|Drama,10013
101296,I'm So Excited (Los amantes pasajeros) (2013),Comedy,10014
101360,"Call, The (2013)",Drama|Thriller,10015
101362,Olympus Has Fallen (2013),Action|Thriller,10016
101415,"First Time, The (2012)",Comedy|Drama|Romance,10017
101498,In the House (2012),Comedy|Drama|Mystery|Thriller,10018
101525,"Place Beyond the Pines, The (2012)",Crime|Drama,10019
101527,Into the White (Cross of Honour) (2012),Action|Drama|War,10020
101529,"Brass Teapot, The (2012)",Comedy|Fantasy|Thriller,10021
101577,"Host, The (2013)",Action|Adventure|Romance,10022
101612,Admission (2013),Comedy|Romance,10023
101640,Don (2006),Action|Crime|Musical,10024
101739,Evil Dead (2013),Horror,10025
101741,Trance (2013),Crime|Thriller,10026
101765,"Perfect Plan, A (Plan parfait, Un) (2012)",Adventure|Comedy|Romance,10027
101850,Death on the Staircase (Soupçons) (2004),Crime|Documentary,10028
101864,Oblivion (2013),Action|Adventure|Sci-Fi|IMAX,10029
101893,To the Wonder (2013),Drama|Romance,10030
101895,42 (2013),Drama,10031
101904,Happy (2011),Documentary|Drama,10032
101962,Wolf Children (Okami kodomo no ame to yuki) (2012),Animation|Fantasy,10033
101969,Tesla: Master of Lightning (2000),Documentary,10034
101971,Never Sleep Again: The Elm Street Legacy (2010),Documentary,10035
101973,Disconnect (2012),Drama|Thriller,10036
101997,Scary Movie 5 (Scary MoVie) (2013),Comedy,10037
102005,Like Someone In Love (2012),Drama,10038
102033,Pain & Gain (2013),Action|Comedy|Crime,10039
102062,"Band Called Death, A (2012)",Documentary,10040
102066,Resolution (2012),Horror|Thriller,10041
102070,Grabbers (2012),Comedy|Horror|Sci-Fi,10042
102072,"Erased (Expatriate, The) (2012)",Action|Thriller,10043
102088,"Grandmaster, The (Yi dai zong shi) (2013)",Action|Drama|IMAX,10044
102123,This Is the End (2013),Action|Comedy,10045
102125,Iron Man 3 (2013),Action|Sci-Fi|Thriller|IMAX,10046
102160,"Numbers Station, The (2013)",Action|Thriller,10047
102194,Mud (2012),Adventure|Crime|Drama,10048
102378,Syrup (2013),Comedy|Drama,10049
102407,"Great Gatsby, The (2013)",Drama,10050
102445,Star Trek Into Darkness (2013),Action|Adventure|Sci-Fi|IMAX,10051
102481,"Internship, The (2013)",Comedy,10052
102588,Stories We Tell (2012),Documentary,10053
102602,Mimino (1977),Comedy,10054
102666,Ivan Vasilievich: Back to the Future (Ivan Vasilievich menyaet professiyu) (1973),Adventure|Comedy,10055
102684,Only God Forgives (2013),Drama|Thriller,10056
102686,"Hangover Part III, The (2013)",Comedy,10057
102716,"Fast & Furious 6 (Fast and the Furious 6, The) (2013)",Action|Crime|Thriller|IMAX,10058
102720,Epic (2013),Adventure|Animation|Fantasy,10059
102753,"Past, The (Le passé) (2013)",Drama|Mystery|Romance,10060
102800,Frances Ha (2012),Comedy|Drama,10061
102819,Behind the Candelabra (2013),Drama,10062
102880,After Earth (2013),Action|Adventure|Sci-Fi|IMAX,10063
102903,Now You See Me (2013),Crime|Mystery|Thriller,10064
102905,Lovelace (2013),Drama,10065
102956,Take Me Home (2011),Comedy|Romance,10066
102991,Berberian Sound Studio (2012),Drama|Horror|Thriller,10067
102993,"Way, Way Back, The (2013)",Comedy|Drama,10068
103017,The Body (2012),Mystery|Thriller,10069
103027,Much Ado About Nothing (2012),Comedy|Drama|Romance,10070
103042,Man of Steel (2013),Action|Adventure|Fantasy|Sci-Fi|IMAX,10071
103048,"Kings of Summer, The (2013)",Comedy,10072
103055,The Big Wedding (2013),Comedy,10073
103057,Still Mine (2012),Drama,10074
103059,Hannah Arendt (2012),Drama,10075
103075,"Purge, The (2013)",Crime|Horror|Thriller,10076
103083,"Reluctant Fundamentalist, The (2012)",Drama,10077
103107,20 Feet from Stardom (Twenty Feet from Stardom) (2013),Documentary,10078
103137,"Bling Ring, The (2013)",Crime|Drama,10079
103141,Monsters University (2013),Adventure|Animation|Comedy,10080
103210,Fullmetal Alchemist: The Sacred Star of Milos (2011),Action|Adventure|Animation,10081
103219,Maniac (2012),Horror|Thriller,10082
103228,Pacific Rim (2013),Action|Adventure|Sci-Fi|IMAX,10083
103249,World War Z (2013),Action|Drama|Horror|IMAX,10084
103253,Elysium (2013),Action|Drama|Sci-Fi|IMAX,10085
103255,Dirty Wars (2013),Documentary|War,10086
103275,We Steal Secrets: The Story of WikiLeaks (2013),Documentary,10087
103279,What Maisie Knew (2012),Drama,10088
103299,American Mary (2012),Horror|Thriller,10089
103306,Europa Report (2013),Sci-Fi|Thriller,10090
103315,Odd Thomas (2013),Drama|Fantasy|Mystery|Thriller,10091
103335,Despicable Me 2 (2013),Animation|Children|Comedy|IMAX,10092
103339,White House Down (2013),Action|Drama|Thriller|IMAX,10093
103341,"World's End, The (2013)",Action|Comedy|Sci-Fi,10094
103366,Redemption (Hummingbird) (2013),Action|Crime|Thriller,10095
103372,"Heat, The (2013)",Action|Comedy|Crime,10096
103384,"Lone Ranger, The (2013)",Action|Adventure|Western|IMAX,10097
103444,Woody Allen: A Documentary (2012),Documentary,10098
103474,How to Make Money Selling Drugs (2013),Documentary,10099
103483,V/H/S/2 (2013),Horror|Thriller,10100
103534,Inadequate People (Neadekvatnye lyudi) (2010),Comedy|Romance,10101
103539,The Spectacular Now (2013),Comedy|Drama|Romance,10102
103541,Thanks for Sharing (2012),Comedy|Drama,10103
103549,"What's in a Name (Prénom, Le) (2012)",Comedy,10104
103554,"Hijacking, A (Kapringen) (2012)",Drama|Thriller,10105
103606,Stuck in Love (2012),Comedy|Drama|Romance,10106
103621,Brain Dead (1990),Horror|Sci-Fi,10107
103624,Fruitvale Station (2013),Drama,10108
103639,Bhaag Milka Bhaag (2013),Drama,10109
103655,R.I.P.D. (2013),Action|Comedy|Fantasy,10110
103665,Ip Man: The Final Fight (2013),Action|Drama,10111
103685,"Field in England, A (2013)",Drama|Fantasy|Thriller|War,10112
103688,"Conjuring, The (2013)",Horror|Thriller,10113
103727,"Colony, The (2013)",Action|Horror|Sci-Fi|Thriller,10114
103755,Turbo (2013),Adventure|Animation|Children|Comedy|Fantasy,10115
103772,"Wolverine, The (2013)",Action|Adventure|Fantasy|Sci-Fi,10116
103801,Drinking Buddies (2013),Comedy|Drama|Romance,10117
103810,Red 2 (2013),Action|Comedy|Crime|Thriller,10118
103849,New World (Shin-sae-gye) (2013),Thriller,10119
103867,Night Train To Lisbon (2013),Mystery|Romance|Thriller,10120
103883,2 Guns (2013),Action|Comedy|Crime,10121
103980,Blue Jasmine (2013),Drama,10122
103984,"Great Beauty, The (Grande Bellezza, La) (2013)",Comedy|Drama,10123
104074,Percy Jackson: Sea of Monsters (2013),Adventure|Children|Fantasy,10124
104076,"Smurfs 2, The (2013)",Animation|Children|Comedy,10125
104078,Alan Partridge: Alpha Papa (2013),Comedy,10126
104089,Computer Chess (2013),Comedy,10127
104137,Prince Avalanche (2013),Comedy|Drama,10128
104211,We're the Millers (2013),Comedy|Crime,10129
104218,Grown Ups 2 (2013),Comedy,10130
104231,Drug War (Du zhan) (2012),Crime,10131
104241,Kick-Ass 2 (2013),Action|Comedy|Crime,10132
104243,Riddick (2013),Action|Sci-Fi|Thriller|IMAX,10133
104245,Planes (2013),Adventure|Animation|Comedy,10134
104272,Blackfish (2013),Documentary,10135
104274,Paranoia (2013),Drama|Thriller,10136
104283,"Wind Rises, The (Kaze tachinu) (2013)",Animation|Drama|Romance,10137
104303,Jobs (2013),Drama,10138
104312,"Mortal Instruments: City of Bones, The (2013)",Action|Adventure|Drama|IMAX,10139
104337,Lee Daniels' The Butler (2013),Drama,10140
104339,In a World... (2013),Comedy,10141
104350,Terms and Conditions May Apply (2013),Documentary,10142
104361,Ain't Them Bodies Saints (2013),Drama,10143
104374,About Time (2013),Drama|Fantasy|Romance,10144
104441,"Frozen Ground, The (2013)",Crime|Drama|Thriller,10145
104457,You're Next (2011),Horror|Thriller,10146
104520,"Crimson Permanent Assurance, The (1983)",Adventure|Comedy,10147
104631,Adore (2013),Drama|Romance,10148
104636,TT3D: Closer to the Edge (2011),Documentary,10149
104712,Instructions Not Included (No se Aceptan Devoluciones) (2013),Comedy|Drama,10150
104841,Gravity (2013),Action|Sci-Fi|IMAX,10151
104863,What If (2013),Comedy|Drama|Romance,10152
104875,"History of Future Folk, The (2012)",Adventure|Comedy|Musical|Sci-Fi,10153
104879,Prisoners (2013),Drama|Mystery|Thriller,10154
104881,"Out of the Furnace (Dust to Dust) (Low Dweller, The) (2013)",Drama|Thriller,10155
104883,"Conspiracy, The (2012)",Horror|Thriller,10156
104906,Austenland (2013),Comedy|Romance,10157
104908,Insidious: Chapter 2 (2013),Horror|Thriller,10158
104913,Rush (2013),Action|Drama,10159
104920,Vizontele (2001),Comedy|Drama,10160
104925,"Family, The (2013)",Action|Comedy|Crime,10161
104944,Short Term 12 (2013),Drama,10162
105037,"To Do List, The (2013)",Comedy,10163
105159,Alps (Alpeis) (2011),Drama,10164
105197,Nebraska (2013),Adventure|Drama,10165
105211,Enough Said (2013),Comedy|Drama|Romance,10166
105213,Don Jon (2013),Comedy|Drama|Romance,10167
105246,Mood Indigo (L'écume des jours) (2013),Drama|Fantasy,10168
105250,"Century of the Self, The (2002)",Documentary,10169
105340,Miracle in Cell No. 7 (2013),Comedy|Drama,10170
105343,Special 26 (2013),Crime|Drama|Thriller,10171
105351,Runner Runner (2013),Crime|Drama|Thriller,10172
105355,Blue Is the Warmest Color (La vie d'Adèle) (2013),Drama|Romance,10173
105420,Parkland (2013),Drama,10174
105429,Inequality for All (2013),Documentary,10175
105468,Cloudy with a Chance of Meatballs 2 (2013),Animation|Children|Comedy|Fantasy,10176
105504,Captain Phillips (2013),Adventure|Drama|Thriller|IMAX,10177
105519,"Philosophers, The (After The Dark) (2013)",Drama|Fantasy|Sci-Fi,10178
105531,"Wall, The (Die Wand) (2012)",Drama|Fantasy,10179
105585,Machete Kills (Machete 2) (2013),Action|Crime|Thriller,10180
105593,Filth (2013),Comedy|Crime|Drama,10181
105653,Escape Plan (2013),Action|Mystery|Thriller,10182
105703,Haute Cuisine (2012),Drama,10183
105731,Carrie (2013),Drama|Horror,10184
105742,"Fifth Estate, The (2013)",Drama|Thriller,10185
105755,"Counselor, The (2013)",Crime|Drama|Thriller,10186
105769,"Congress, The (2013)",Animation|Sci-Fi,10187
105799,"Unbelievers, The (2013)",Documentary,10188
105835,"Double, The (2013)",Comedy|Drama|Thriller,10189
105844,12 Years a Slave (2013),Drama,10190
105869,Kill Your Darlings (2013),Crime|Drama|Romance|Thriller,10191
105943,Bridegroom (2013),Documentary,10192
105954,All Is Lost (2013),Action|Adventure|Drama,10193
106002,Ender's Game (2013),Action|Adventure|Sci-Fi|IMAX,10194
106011,"Blue Umbrella, The (2013)",Animation,10195
106022,Toy Story of Terror (2013),Animation|Children|Comedy,10196
106030,"Last Days on Mars, The (2013)",Horror|Sci-Fi,10197
106062,Jackass Presents: Bad Grandpa (2013),Comedy,10198
106072,Thor: The Dark World (2013),Action|Adventure|Fantasy|IMAX,10199
106100,Dallas Buyers Club (2013),Drama,10200
106144,"Selfish Giant, The (2013)",Drama,10201
106163,"Touch of Sin, A (Tian zhu ding) (2013)",Drama,10202
106195,How I Live Now (2013),Action|Drama|Thriller,10203
106204,Pieta (2013),Drama,10204
106236,Somm (2012),Documentary,10205
106240,Free Birds (2013),Action|Adventure|Animation|Children|Comedy|Sci-Fi,10206
106330,Last Vegas (2013),Comedy|Drama|Romance,10207
106332,Muscle Shoals (2013),Documentary,10208
106438,Philomena (2013),Comedy|Drama,10209
106441,"Book Thief, The (2013)",Children|Drama|War,10210
106452,Ida (2013),Drama,10211
106471,One Piece Film: Strong World (2009),Action|Adventure|Animation|Comedy|Fantasy,10212
106487,The Hunger Games: Catching Fire (2013),Action|Adventure|Sci-Fi|IMAX,10213
106489,"Hobbit: The Desolation of Smaug, The (2013)",Adventure|Fantasy|IMAX,10214
106491,47 Ronin (2013),Action|Adventure|Fantasy,10215
106540,Delivery Man (2013),Comedy,10216
106542,Charlie Countryman (2013),Action|Comedy|Romance,10217
106624,Twice Born (Venuto al mondo) (2012),Drama|Romance|War,10218
106696,Frozen (2013),Adventure|Animation|Comedy|Fantasy|Musical|Romance,10219
106762,Trigun: Badlands Rumble (2010),Action|Animation|Sci-Fi|Western,10220
106766,Inside Llewyn Davis (2013),Drama,10221
106782,"Wolf of Wall Street, The (2013)",Comedy|Crime|Drama,10222
106785,Homefront (2013),Action|Crime|Thriller,10223
106839,Mandela: Long Walk to Freedom (2013),Drama,10224
106841,August: Osage County (2013),Comedy|Drama,10225
106870,Grave Encounters 2 (2012),Horror,10226
106889,Tim's Vermeer (2013),Documentary,10227
106916,American Hustle (2013),Crime|Drama,10228
106918,"Secret Life of Walter Mitty, The (2013)",Adventure|Comedy|Drama,10229
106920,Her (2013),Drama|Romance|Sci-Fi,10230
106983,Young & Beautiful (2013),Drama,10231
107052,"Punk Singer, The (2013)",Documentary,10232
107069,Lone Survivor (2013),Action|Drama|Thriller|War,10233
107117,"Armstrong Lie, The (2013)",Documentary,10234
107130,"Adventure in Space and Time, An (2013)",Drama,10235
107141,Saving Mr. Banks (2013),Comedy|Drama,10236
107196,Is the Man Who Is Tall Happy? (2013),Animation|Documentary,10237
107304,Gurren Lagann: Childhood's End (Gekijô ban Tengen toppa guren ragan: Guren hen) (2008),Adventure|Animation|Drama|Sci-Fi|War,10238
107314,Oldboy (2013),Action|Drama|Mystery,10239
107348,Anchorman 2: The Legend Continues (2013),Comedy,10240
107406,Snowpiercer (2013),Action|Drama|Sci-Fi,10241
107408,Only Old Men Are Going to Battle (V boy idut odni stariki) (1973),Comedy|Drama|War,10242
107410,Guest from the Future (Gostya iz buduschego) (1985),Adventure|Drama|Sci-Fi,10243
107412,"Kidnapping, Caucasian Style (Kavkazskaya plennitsa) (1967)",Comedy|Romance,10244
107436,Haunter (2013),Horror|Mystery|Thriller,10245
107447,Wrong Cops (2013),Comedy|Crime,10246
107565,"Fuck You, Goethe (Fack Ju Göhte) (2013)",Comedy,10247
107649,Borgman (2013),Thriller,10248
107653,"Lost Thing, The (2010)",Animation|Drama|Fantasy,10249
107702,Grudge Match (2013),Comedy,10250
107707,Dhoom (2004),Action|Crime|Musical|Romance,10251
107769,Paranormal Activity: The Marked Ones (2014),Horror|Thriller,10252
107771,Only Lovers Left Alive (2013),Drama|Horror|Romance,10253
107883,The Lunchbox (2013),Drama|Romance,10254
107910,I Know That Voice (2013),Documentary,10255
107953,Dragon Ball Z: Battle of Gods (2013),Action|Animation|Fantasy|IMAX,10256
108041,"Me, Myself and Mum (Les garçons et Guillaume, à table!) (2013)",Comedy,10257
108056,Pokémon Origins (2013),Adventure|Animation,10258
108078,Chinese Puzzle (Casse-tête chinois) (2013),Comedy|Romance,10259
108156,Ride Along (2014),Action|Comedy,10260
108188,Jack Ryan: Shadow Recruit (2014),Action|Drama|Thriller|IMAX,10261
108190,Divergent (2014),Adventure|Romance|Sci-Fi|IMAX,10262
108220,"Square, The (Al Midan) (2013)",Documentary,10263
108514,Yeh Jawaani Hai Deewani (2013),Comedy|Drama|Musical|Romance,10264
108566,"Man Who Sleeps, The (Un homme qui dort) (1974)",Drama,10265
108689,"I, Frankenstein (2014)",Action|Fantasy|Sci-Fi|IMAX,10266
108715,Better Living Through Chemistry (2014),Comedy|Drama,10267
108727,Nymphomaniac: Volume I (2013),Drama,10268
108729,Enemy (2013),Mystery|Thriller,10269
108760,Big Bad Wolves (2013),Crime|Thriller,10270
108778,Stranger by the Lake (L'inconnu du lac) (2013),Drama|Romance,10271
108780,Labor Day (2013),Drama|Romance,10272
108787,Tom at the Farm (Tom à la ferme) (2013),Drama,10273
108791,"Noordzee, Texas (North Sea Texas) (2011)",Drama,10274
108825,"Young and Prodigious T.S. Spivet, The (L'extravagant voyage du jeune et prodigieux T.S. Spivet) (2013)",Adventure|Children|Drama,10275
108879,Teen Beach Movie (2013),Children|Musical,10276
108928,"Monuments Men, The (2014)",Action|Drama|War,10277
108932,The Lego Movie (2014),Action|Adventure|Animation|Children|Comedy|Fantasy,10278
108945,RoboCop (2014),Action|Crime|Sci-Fi|IMAX,10279
108949,"Art of the Steal, The (2013)",Crime,10280
108977,Paranoia Agent (2004),Animation|Crime|Drama|Horror|Mystery,10281
108981,Nymphomaniac: Volume II (2013),Drama|Mystery,10282
108983,La Luna (2011),Animation,10283
109072,Sabotage (2014),Action|Crime|Drama,10284
109157,"Long Way Down, A (2014)",Comedy|Drama,10285
109181,Adult World (2013),Comedy,10286
109187,"Zero Theorem, The (2013)",Drama|Fantasy|Sci-Fi,10287
109189,Endless Love (2014),Drama|Romance,10288
109191,Winter's Tale (2014),Drama|Fantasy|Mystery,10289
109243,Joe (2013),Drama,10290
109351,"Cutting Edge: Going for the Gold, The (2006)",Comedy|Drama|Romance,10291
109364,"King and the Mockingbird, The (Le roi et l'oiseau) (1980)",Animation|Children|Fantasy,10292
109374,"Grand Budapest Hotel, The (2014)",Comedy|Drama,10293
109423,Your Friend the Rat (2007),Animation,10294
109425,Dug's Special Mission (2009),Animation|Children|Comedy,10295
109452,Omar (2013),Drama|Romance,10296
109472,Grand Piano (2013),Mystery|Thriller,10297
109483,That Awkward Moment (2014),Comedy|Romance,10298
109487,Interstellar (2014),Sci-Fi|IMAX,10299
109569,3 Days to Kill (2014),Action|Crime|Drama,10300
109578,Non-Stop (2014),Action|Mystery|Thriller,10301
109596,Wrinkles (Arrugas) (2011),Animation|Drama,10302
109627,Mystery Road (2013),Mystery|Thriller,10303
109633,"Garden of Words, The (Koto no ha no niwa) (2013)",Animation|Romance,10304
109673,300: Rise of an Empire (2014),Action|Drama|War|IMAX,10305
109687,Particle Fever (2013),Documentary,10306
109740,Obvious Child (2014),Comedy|Romance,10307
109742,Cheap Thrills (2013),Comedy|Thriller,10308
109769,"Keeper of Lost Causes, The (Kvinden i buret) (2013)",Crime|Mystery|Thriller,10309
109781,"Werewolf Boy, A (Neuk-dae-so-nyeon) (2012)",Drama|Fantasy|Romance,10310
109802,"Man from the Future, The (O Homem do Futuro) (2011)",Comedy|Fantasy|Sci-Fi,10311
109846,Mr. Peabody & Sherman (2014),Adventure|Animation|Comedy,10312
109848,Under the Skin (2013),Horror|Sci-Fi|Thriller,10313
109850,Need for Speed (2014),Action|Crime|Drama|IMAX,10314
109853,Barefoot (2014),Comedy|Drama|Romance,10315
109864,Veronica Mars (2014),Comedy|Crime|Drama,10316
109889,Cranford (2007),Drama,10317
109895,Bad Words (2013),Comedy,10318
109953,"Cat Concerto, The (1947)",Animation|Children|Comedy,10319
109968,Why Don't You Play In Hell? (Jigoku de naze warui) (2013),Action|Drama,10320
110102,Captain America: The Winter Soldier (2014),Action|Adventure|Sci-Fi|IMAX,10321
110110,Starred Up (2013),Drama,10322
110127,Noah (2014),Adventure|Drama|IMAX,10323
110130,"Nut Job, The (2014)",Adventure|Animation|Children|Comedy,10324
110194,Mistaken for Strangers (2013),Comedy|Documentary,10325
110273,Diplomacy (Diplomatie) (2014),Drama|War,10326
110295,"Legend of Hercules, The (2014)",Action|Adventure,10327
110297,Muppets Most Wanted (2014),Adventure|Comedy|Crime,10328
110322,Dom Hemingway (2014),Comedy|Crime|Drama,10329
110328,Electrick Children (2012),Drama,10330
110387,"Unknown Known, The (2013)",Documentary,10331
110407,"Machine, The (2013)",Sci-Fi|Thriller,10332
110453,Draft Day (2014),Drama,10333
110461,We Are the Best! (Vi är bäst!) (2013),Children|Comedy|Drama,10334
110501,The Raid 2: Berandal (2014),Action|Crime|Thriller,10335
110503,Metro Manila (2013),Action|Crime|Drama,10336
110553,The Amazing Spider-Man 2 (2014),Action|Sci-Fi|IMAX,10337
110586,Calvary (2014),Comedy|Drama,10338
110591,Oculus (2013),Horror,10339
110603,God's Not Dead (2014),Drama,10340
110611,Cold in July (2014),Drama|Thriller,10341
110655,Rio 2 (2014),Adventure|Animation|Children|Comedy,10342
110675,In Your Eyes (2014),Drama|Fantasy|Romance,10343
110718,Fading Gigolo (2013),Comedy,10344
110730,Transcendence (2014),Drama|Sci-Fi|IMAX,10345
110750,Heaven Is for Real (2014),Drama,10346
110771,"Other Woman, The (2014)",Comedy|Romance,10347
110809,Vampire Academy (2014),Action|Comedy|Fantasy,10348
110826,Brick Mansions (2014),Action|Crime|Drama,10349
110882,Locke (2013),Drama,10350
110968,Pompeii (2014),Action|Adventure|Drama,10351
111113,Neighbors (2014),Comedy,10352
111130,Powers of Ten (1977),Documentary,10353
111235,Jodorowsky's Dune (2013),Documentary|Sci-Fi,10354
111249,Belle (2013),Drama,10355
111251,"Immigrant, The (2013)",Drama|Romance,10356
111255,"Wednesday!, A (2008)",Action|Drama|Thriller,10357
111360,Lucy (2014),Action|Sci-Fi,10358
111362,X-Men: Days of Future Past (2014),Action|Adventure|Sci-Fi,10359
111364,Godzilla (2014),Action|Adventure|Sci-Fi|IMAX,10360
111375,Walk of Shame (2014),Comedy,10361
111384,Blue Ruin (2013),Thriller,10362
111387,Palo Alto (2013),Drama,10363
111389,Kid Cannabis (2014),Drama,10364
111443,Chef (2014),Comedy,10365
111551,Afflicted (2013),Horror|Sci-Fi|Thriller,10366
111617,Blended (2014),Comedy,10367
111622,Begin Again (2013),Comedy|Romance,10368
111659,Maleficent (2014),Action|Adventure|Children|IMAX,10369
111661,"Two Faces of January, The (2014)",Thriller,10370
111732,"Dance of Reality, The (Danza de la realidad, La) (2013)",Drama|Fantasy,10371
111743,A Million Ways to Die in the West (2014),Comedy|Western,10372
111759,Edge of Tomorrow (2014),Action|Sci-Fi|IMAX,10373
111778,Tracks (2013),Adventure|Drama,10374
111781,Mission: Impossible - Rogue Nation (2015),Action|Adventure|Thriller,10375
111913,Lilting (2014),Drama,10376
111921,The Fault in Our Stars (2014),Drama|Romance,10377
111924,"Grand Seduction, The (2013)",Comedy,10378
112066,"Letter to Momo, A (Momo e no tegami) (2011)",Animation|Drama,10379
112070,Maps to the Stars (2014),Drama,10380
112087,Frequencies (2013),Mystery|Romance|Sci-Fi,10381
112138,22 Jump Street (2014),Action|Comedy|Crime,10382
112171,"Equalizer, The (2014)",Action|Crime|Thriller,10383
112175,How to Train Your Dragon 2 (2014),Action|Adventure|Animation,10384
112183,Birdman: Or (The Unexpected Virtue of Ignorance) (2014),Comedy|Drama,10385
112245,"Dirties, The (2013)",Drama,10386
112290,Boyhood (2014),Drama,10387
112303,Think Like a Man Too (2014),Comedy|Romance,10388
112316,Jersey Boys (2014),Drama|Musical,10389
112334,"Internet's Own Boy: The Story of Aaron Swartz, The (2014)",Documentary,10390
112370,Transformers: Age of Extinction (2014),Action|Adventure|Sci-Fi,10391
112399,Finding Vivian Maier (2013),Documentary,10392
112421,Frank (2014),Comedy|Drama|Mystery,10393
112450,They Came Together (2014),Comedy|Romance,10394
112460,Planes: Fire & Rescue (2014),Adventure|Animation|Comedy,10395
112473,Stuart: A Life Backward (2007),Drama,10396
112488,"Gunfighter, The (2014)",Action|Comedy|Western,10397
112497,Tammy (2014),Comedy,10398
112512,Colourful (Karafuru) (2010),Animation|Drama|Fantasy|Mystery,10399
112550,White God (Fehér isten) (2014),Drama,10400
112552,Whiplash (2014),Drama,10401
112556,Gone Girl (2014),Drama|Thriller,10402
112582,Life Itself (2014),Documentary,10403
112623,Dawn of the Planet of the Apes (2014),Sci-Fi,10404
112653,"Battered Bastards of Baseball, The (2014)",Documentary,10405
112689,Miss Violence (2013),Drama|Mystery,10406
112727,Deliver Us from Evil (2014),Crime|Horror|Thriller,10407
112788,Sex Tape (2014),Comedy,10408
112804,I Origins (2014),Drama|Sci-Fi,10409
112818,"Purge: Anarchy, The (2014)",Action|Horror|Thriller,10410
112850,Words and Pictures (2013),Comedy|Drama|Romance,10411
112852,Guardians of the Galaxy (2014),Action|Adventure|Sci-Fi,10412
112868,"Signal, The (2014)",Sci-Fi|Thriller,10413
112897,The Expendables 3 (2014),Action|Adventure,10414
112911,Hercules (2014),Action|Adventure,10415
112913,Monty Python Live (Mostly) (2014),Animation|Comedy|Musical,10416
112940,A Most Wanted Man (2014),Thriller,10417
112946,Wish I Was Here (2014),Comedy|Drama,10418
113064,"Trip to Italy, The (2014)",Comedy|Drama,10419
113066,Food (Jídlo) (1993),Animation|Comedy|Fantasy,10420
113071,Earth to Echo (2014),Adventure|Children|Sci-Fi,10421
113089,Maidentrip (2014),Documentary,10422
113103,Step Up All In (2014),Drama|Musical|Romance,10423
113188,"Rover, The (2014)",Crime|Drama,10424
113207,Get on Up (2014),Drama|Musical,10425
113225,Magic in the Moonlight (2014),Comedy|Drama|Romance,10426
113240,Winter Sleep (Kis Uykusu) (2014),Drama,10427
113250,In Order of Disappearance (Kraftidioten) (2014),Action|Comedy|Crime|Thriller,10428
113252,Housebound (2014),Comedy|Horror|Thriller,10429
113275,The Hundred-Foot Journey (2014),Comedy|Drama,10430
113315,Zero Motivation (Efes beyahasei enosh) (2014),Comedy|Drama,10431
113345,Jupiter Ascending (2015),Action|Adventure|Sci-Fi,10432
113348,Teenage Mutant Ninja Turtles (2014),Action|Adventure|Comedy,10433
113374,"Old Lady and the Pigeons, The (La vieille dame et les pigeons) (1997)",Animation|Comedy,10434
113378,"Giver, The (2014)",Drama|Sci-Fi,10435
113394,"Pretty One, The (2013)",Comedy|Drama,10436
113453,Let's Be Cops (2014),Comedy|Crime,10437
113532,"Inbetweeners 2, The (2014)",Comedy,10438
113565,"Sacrament, The (2013)",Horror|Thriller,10439
113573,Sin City: A Dame to Kill For (2014),Action|Crime|Thriller,10440
113604,If I Stay (2014),Drama,10441
113640,"Canal, The (2014)",Horror|Thriller,10442
113705,"Two Days, One Night (Deux jours, une nuit) (2014)",Drama,10443
113741,Coherence (2013),Drama|Mystery|Sci-Fi|Thriller,10444
113780,"As Above, So Below (2014)",Horror|Thriller,10445
113829,"One I Love, The (2014)",Comedy|Drama|Romance,10446
113862,"Guest, The (2014)",Thriller,10447
114007,Before I Go to Sleep (2014),Mystery|Thriller,10448
114028,Pride (2014),Comedy|Drama,10449
114033,Into the Storm (2014),Action|Thriller,10450
114042,Third Person (2013),Drama|Romance,10451
114044,Honeymoon (2014),Horror,10452
114060,The Drop (2014),Crime|Drama|Thriller,10453
114066,"20,000 Days on Earth (2014)",Documentary|Drama|Musical,10454
114074,The Skeleton Twins (2014),Drama,10455
114180,"Maze Runner, The (2014)",Action|Mystery|Sci-Fi,10456
114184,Camp X-Ray (2014),Drama,10457
114246,"Walk Among the Tombstones, A (2014)",Action|Crime|Mystery|Thriller,10458
114250,My Old Lady (2014),Comedy|Drama,10459
114265,Laggies (2014),Comedy|Romance,10460
114277,God Help the Girl (2014),Drama|Musical|Romance,10461
114329,What We Did on Our Holiday (2014),Comedy,10462
114342,Force Majeure (Turist) (2014),Drama,10463
114378,CBGB (2013),Drama,10464
114392,"Homesman, The (2014)",Drama|Western,10465
114439,"November Man, The (2014)",Action|Crime|Thriller,10466
114459,White Bird in a Blizzard (2014),Drama|Romance|Thriller,10467
114486,"Electric Boogaloo: The Wild, Untold Story of Cannon Films (2014)",Comedy|Documentary,10468
114494,Who Am I (Kein System Ist Sicher) (2014),Thriller,10469
114552,"Boxtrolls, The (2014)",Adventure|Animation|Children|Comedy|Fantasy,10470
114554,"Tale of Princess Kaguya, The (Kaguyahime no monogatari) (2013)",Animation|Drama|Fantasy,10471
114601,This Is Where I Leave You (2014),Comedy|Drama,10472
114627,Angel's Egg (Tenshi no tamago) (1985),Animation|Drama|Fantasy,10473
114635,"Look of Silence, The (2014)",Documentary,10474
114662,American Sniper (2014),Action|War,10475
114670,Tusk (2014),Comedy|Drama|Horror,10476
114678,Hector and the Search for Happiness (2014),Adventure|Comedy|Drama,10477
114692,"Overnighters, The (2014)",Documentary|Drama,10478
114700,"Tribe, The (Plemya) (2014)",Crime|Drama,10479
114713,Annabelle (2014),Horror,10480
114760,Happy Christmas (2014),Comedy|Drama,10481
114762,Two Night Stand (2014),Comedy|Romance,10482
114793,Time of Eve (Eve no jikan) (2010),Animation|Romance|Sci-Fi,10483
114795,Dracula Untold (2014),Action|Drama|Fantasy,10484
114818,Stretch (2014),Action|Comedy|Crime,10485
114847,Autómata (Automata) (2014),Sci-Fi|Thriller,10486
114935,Predestination (2014),Action|Mystery|Sci-Fi|Thriller,10487
114945,Jack and the Cuckoo-Clock Heart (Jack et la mécanique du coeur) (2013),Adventure|Animation|Drama|Fantasy|Musical|Romance,10488
115122,What We Do in the Shadows (2014),Comedy|Horror,10489
115130,The Dark Horse (2014),Drama,10490
115147,The Best of Me (2014),Drama|Romance,10491
115149,John Wick (2014),Action|Thriller,10492
115170,"Judge, The (2014)",Drama,10493
115172,"Disappearance of Eleanor Rigby: Them, The (2014)",Drama,10494
115174,Love Is Strange (2014),Drama,10495
115210,Fury (2014),Action|Drama|War,10496
115216,"Salvation, The (2014)",Drama|Western,10497
115231,St. Vincent (2014),Comedy,10498
115235,Young Ones (2014),Drama|Sci-Fi|Western,10499
115381,"Alexander and the Terrible, Horrible, No Good, Very Bad Day (2014)",Comedy,10500
115467,Harmontown (2014),Documentary,10501
115502,"Rewrite, The (2014)",Comedy|Romance,10502
115534,Ouija (2014),Horror,10503
115569,Nightcrawler (2014),Crime|Drama|Thriller,10504
115617,Big Hero 6 (2014),Action|Animation|Comedy,10505
115629,Marshland (2014),Crime|Thriller,10506
115664,The Book of Life (2014),Adventure|Animation|Romance,10507
115667,"Love, Rosie (2014)",Comedy|Romance,10508
115680,Time Lapse (2014),Crime|Drama|Sci-Fi|Thriller,10509
115713,Ex Machina (2015),Drama|Sci-Fi|Thriller,10510
115770,Before I Disappear (2014),Drama,10511
115824,Mr. Turner (2014),Drama,10512
115828,Copenhagen (2014),Adventure|Drama|Romance,10513
115875,Toy Story Toons: Hawaiian Vacation (2011),Adventure|Animation|Children|Comedy|Fantasy,10514
115879,Toy Story Toons: Small Fry (2011),Adventure|Animation|Children|Comedy|Fantasy,10515
115881,9 (2005),Animation|Fantasy,10516
115927,Doctor Strange (2007),Action|Animation|Children|Fantasy|Sci-Fi,10517
115949,An American Tail: The Mystery of the Night Monster (1999),Adventure|Animation|Children|Fantasy|Mystery|Sci-Fi,10518
115965,Dead Man's Bluff (2005),Action|Comedy|Crime,10519
115967,These Final Hours (2014),Drama|Thriller,10520
115969,Generation War (2013),Drama|War,10521
115973,Haider (2014),Crime|Drama|Romance,10522
115991,"Kumiko, the Treasure Hunter (2014)",Comedy|Drama,10523
116002,History of the Eagles (2013),Documentary,10524
116004,Paradise: Love (2012),Drama,10525
116136,Olive Kitteridge (2014),Drama,10526
116138,Leviathan (2014),Drama,10527
116161,Foxcatcher (2014),Drama,10528
116217,Secret of the Wings (2012),Adventure|Animation|Children|Fantasy,10529
116219,Tinker Bell and the Lost Treasure (2009),Adventure|Animation|Children|Fantasy,10530
116307,You're Not You (2014),Drama,10531
116397,Stonehearst Asylum (2014),Thriller,10532
116411,Tangerines (2013),Drama,10533
116660,Free Fall (2013),Drama,10534
116668,Dead Snow 2: Red vs. Dead (2014) ,Action|Comedy|Horror,10535
116797,The Imitation Game (2014),Drama|Thriller|War,10536
116799,Inherent Vice (2014),Comedy|Crime|Drama|Mystery|Romance,10537
116801,Labyrinth of Lies (2014),Drama,10538
116807,Babysitting (2014),Comedy,10539
116817,Rudderless (2014),Comedy|Drama,10540
116823,The Hunger Games: Mockingjay - Part 1 (2014),Adventure|Sci-Fi|Thriller,10541
116839,Gett: The Trial of Viviane Amsalem (2014),Drama,10542
116845,Valley Uprising (2014),Documentary,10543
116855,The Way He Looks (2014),Drama|Romance,10544
116887,Exodus: Gods and Kings (2014),Action|Adventure|Drama,10545
116893,Trash (2014),Adventure|Crime|Drama|Thriller,10546
116897,Wild Tales (2014),Comedy|Drama|Thriller,10547
116905,Patema Inverted (2013),Adventure|Animation|Drama|Fantasy|Sci-Fi,10548
116907,Fed Up (2014),Documentary,10549
116951,Bo Burnham: what. (2013),Comedy,10550
116975,Long Way Round (2004),Adventure|Documentary,10551
116977,Dumb and Dumber To (2014),Comedy,10552
116989,Tales of the Grim Sleeper (2014),Crime|Documentary,10553
117109,Too Many Cooks (2014),Comedy,10554
117123,Dear White People (2014),Comedy|Drama,10555
117176,The Theory of Everything (2014),Drama|Romance,10556
117364,Virunga (2014),Documentary|War,10557
117368,The Madagascar Penguins in a Christmas Caper (2005),Animation|Comedy,10558
117430,Gone Nutty (2002),Animation|Comedy,10559
117434,Starry Eyes (2014),Horror,10560
117438,When Marnie Was There (2014),Animation|Drama,10561
117444,Song of the Sea (2014),Animation|Children|Fantasy,10562
117456,Beyond the Lights (2014),Drama,10563
117466,In the Heart of the Sea (2015),Action|Adventure|Drama,10564
117517,Listen Up Philip (2014),Drama,10565
117529,Jurassic World (2015),Action|Adventure|Drama|Sci-Fi|Thriller,10566
117533,Citizenfour (2014),Documentary,10567
117545,Asterix: The Land of the Gods (Astérix: Le domaine des dieux) (2014),Animation,10568
117549,The Taking of Deborah Logan (2014),Horror|Thriller,10569
117590,Horrible Bosses 2 (2014),Comedy|Crime,10570
117849,La Belle Verte (1996),Comedy,10571
117851,Penguins of Madagascar (2014),Adventure|Animation|Children|Comedy,10572
117867,'71 (2014),Action|Drama|Thriller|War,10573
117871,"Water Diviner, The (2014)",Action|Drama|War,10574
117877,The Rabbi's Cat (Le chat du rabbin) (2011),Adventure|Animation,10575
117881,Still Alice (2014),Drama,10576
117887,Paddington (2014),Children|Comedy,10577
117893,Jessabelle (2014),Horror|Thriller,10578
117895,Maze Runner: Scorch Trials (2015),Action|Thriller,10579
117922,Ice Age: A Mammoth Christmas (2011),Adventure|Animation|Children,10580
117928,Kajaki (2014),Adventure|Drama|War,10581
118082,The Voices (2014),Comedy|Crime|Thriller,10582
118085,"Welcome, or No Trespassing (1964)",Children|Comedy,10583
118101,Donald Glover: Weirdo (2011),Comedy,10584
118166,Courier (1987),Comedy|Drama|Romance,10585
118202,Cowspiracy: The Sustainability Secret (2014),Adventure|Comedy|Documentary|Mystery,10586
118244,Wanderers (2014),Animation|Sci-Fi,10587
118246,Clouds of Sils Maria (2014),Drama,10588
118302,The Pokrovsky Gates (1983),Comedy|Drama|Musical|Romance,10589
118338,Hard to Be a God (2013),Sci-Fi,10590
118354,Kill the Messenger (2014),Crime|Drama|Mystery|Thriller,10591
118466,"Kingdom of Dreams and Madness, The (2013)",Animation|Documentary,10592
118496,A Cinderella Story: Once Upon a Song (2011),Children|Comedy|Romance,10593
118696,The Hobbit: The Battle of the Five Armies (2014),Adventure|Fantasy,10594
118700,Selma (2014),Drama,10595
118702,Unbroken (2014),Drama|War,10596
118706,Black Sea (2015),Adventure|Mystery|Thriller,10597
118760,The Good Lie (2014),Drama,10598
118814,Playing It Cool (2014),Comedy|Romance,10599
118880,"Girl Walks Home Alone at Night, A (2014)",Horror|Romance|Thriller,10600
118888,Dave Chappelle: For What it's Worth (2004),Comedy,10601
118896,Mommy (2014),Drama,10602
118898,A Most Violent Year (2014),Action|Crime|Drama|Thriller,10603
118900,Wild (2014),Drama,10604
118924,Top Five (2014),Comedy,10605
118930,Bill Burr: I'm Sorry You Feel That Way (2014),Comedy,10606
118970,Redirected (2014),Action|Comedy|Crime,10607
118985,Big Eyes (2014),Drama,10608
118997,Into the Woods (2014),Children|Comedy|Fantasy|Musical,10609
119065,Scooby-Doo! and the Witch's Ghost (1999),Animation|Comedy|Mystery,10610
119068,"Men, Women & Children (2014)",Comedy|Drama,10611
119139,Ascension (2014),Drama|Sci-Fi,10612
119141,The Interview (2014),Action|Comedy,10613
119145,Kingsman: The Secret Service (2015),Action|Adventure|Comedy|Crime,10614
119153,Bill Burr: You People Are All the Same (2012),Comedy,10615
119155,Night at the Museum: Secret of the Tomb (2014),Adventure|Children|Comedy|Fantasy,10616
119218,The Punisher: Dirty Laundry (2012),Action|Crime|Drama,10617
119565,The Missing (2014),Crime|Drama|Mystery,10618
119655,Seventh Son (2014),Adventure|Children|Fantasy,10619
120130,Into the Forest of Fireflies' Light (2011),Animation|Drama|Fantasy,10620
120132,Annie (2014),Children|Comedy|Drama|Musical,10621
120138,PK (2014),Comedy|Drama|Fantasy|Mystery|Romance,10622
120311,Drishyam (2013),Children|Drama|Thriller,10623
120392,Comet (2014),Comedy|Drama|Romance|Sci-Fi,10624
120466,Chappie (2015),Action|Thriller,10625
120474,Toy Story That Time Forgot (2014),Animation|Children,10626
120478,The Salt of the Earth (2014),Documentary,10627
120625,The Fool (2014),Drama,10628
120635,Taken 3 (2015),Action|Crime|Thriller,10629
120637,Blackhat (2015),Action|Crime|Drama|Mystery|Thriller,10630
120783,Son of a Gun (2014),Action|Crime|Drama,10631
120799,Terminator Genisys (2015),Action|Adventure|Sci-Fi|Thriller,10632
120807,John Mulaney: New In Town (2012),Comedy,10633
120811,Patton Oswalt: Finest Hour (2011),Comedy,10634
120813,Patton Oswalt: My Weakness Is Strong (2009),Comedy,10635
120815,Patton Oswalt: Werewolves and Lollipops (2007),Comedy,10636
120825,The Woman in Black 2: Angel of Death (2015),Drama|Horror|Thriller,10637
120827,The Hound of the Baskervilles (1988),Crime|Drama|Horror|Mystery,10638
120853,Fresh Guacamole (2012),Animation,10639
121035,Houdini (2014),Drama,10640
121099,101 Dalmatians II: Patch's London Adventure (2003),Animation|Children,10641
121111,V (1983),Drama|Sci-Fi,10642
121155,Kevin Hart: Let Me Explain (2013),Comedy|Documentary,10643
121169,The Duke of Burgundy (2014),Drama,10644
121171,Red Army (2014),Documentary,10645
121227,Supermensch: The Legend of Shep Gordon (2013),Documentary,10646
121231,It Follows (2014),Horror,10647
121372,Bill Burr: Let It Go (2010),Comedy,10648
121374,Bill Burr: Why Do I Do This? (2008),Comedy,10649
122104,Kevin Hart: Seriously Funny (2010),Comedy,10650
122282,Pride and Prejudice (1980),Comedy|Drama|Romance,10651
122882,Mad Max: Fury Road (2015),Action|Adventure|Sci-Fi|Thriller,10652
122884,Insidious: Chapter 3 (2015),Fantasy|Horror|Thriller,10653
122886,Star Wars: Episode VII - The Force Awakens (2015),Action|Adventure|Fantasy|Sci-Fi|IMAX,10654
122888,Ben-hur (2016),(no genres listed),10655
122890,Warcraft (2016),Action|Adventure|Fantasy,10656
122892,Avengers: Age of Ultron (2015),Action|Adventure|Sci-Fi,10657
122896,Pirates of the Caribbean: Dead Men Tell No Tales (2017),(no genres listed),10658
122898,Justice League (2017),Action|Adventure|Sci-Fi,10659
122900,Ant-Man (2015),Action|Adventure|Sci-Fi,10660
122902,Fantastic Four (2015),Action|Adventure|Fantasy|Sci-Fi,10661
122904,Deadpool (2016),Action|Adventure|Comedy|Sci-Fi,10662
122906,Black Panther (2017),Action|Adventure|Sci-Fi,10663
122910,Captain Marvel (2018),Action|Adventure|Sci-Fi,10664
122912,Avengers: Infinity War - Part I (2018),Action|Adventure|Sci-Fi,10665
122914,Avengers: Infinity War - Part II (2019),Action|Adventure|Sci-Fi,10666
122916,Thor: Ragnarok (2017),Action|Adventure|Sci-Fi,10667
122918,Guardians of the Galaxy 2 (2017),Action|Adventure|Sci-Fi,10668
122920,Captain America: Civil War (2016),Action|Sci-Fi|Thriller,10669
122922,Doctor Strange (2016),Action|Adventure|Sci-Fi,10670
122924,X-Men: Apocalypse (2016),Action|Adventure|Fantasy|Sci-Fi,10671
122926,Untitled Spider-Man Reboot (2017),Action|Adventure|Fantasy,10672
122940,Clear History (2013),Comedy,10673
123200,Jim Jefferies: I Swear to God (2009),Comedy,10674
123288,Taken (2002),Sci-Fi,10675
123571,Jim Jefferies: Alcoholocaust (2010),Comedy,10676
123589,The Major (2013),Action|Crime|Drama,10677
123947,Cake (2014),Drama,10678
124859,The Gambler (2014),Crime|Drama|Thriller,10679
124867,Justice League: Throne of Atlantis (2015),Action|Animation,10680
125537,Print the Legend (2014),Documentary,10681
125914,Mortdecai (2015),Adventure|Comedy|Mystery|Romance,10682
125916,Fifty Shades of Grey (2015),Drama|Romance,10683
125926,Kiwi! (2006),Action|Animation,10684
125970,Halloweentown (1998),Adventure|Children|Comedy|Fantasy,10685
125972,Halloweentown II: Kalabar's Revenge (2001),Adventure|Children|Comedy|Drama|Fantasy,10686
125974,Halloweentown High (2004),Adventure|Children|Comedy|Fantasy,10687
126008,Signs (2008),Romance,10688
126084,The Horribly Slow Murderer with the Extremely Inefficient Weapon (2008),Comedy|Horror,10689
126090,Hedgehog in the Fog (1975),Animation,10690
126106,Beastie Boys: Sabotage (1994),(no genres listed),10691
126426,Solyaris (1968),Drama|Sci-Fi,10692
126430,The Pacific (2010),Action|Adventure|Drama|War,10693
126548,The DUFF (2015),Comedy,10694
126599,The Little Death (2014),Comedy,10695
126921,The Fox and the Hound 2 (2006),Adventure|Animation|Children|Comedy,10696
126927,The Heart of the World (2000),Drama|Fantasy,10697
127021,Rewind This! (2013),Documentary,10698
127040,Fantomas (Fantômas) (1964),Adventure|Comedy|Crime|Fantasy,10699
127042,Fantomas Unleashed (Fantômas se déchaîne) (1965),Adventure|Comedy|Crime|Fantasy,10700
127052,Operation 'Y' & Other Shurik's Adventures (1965),Comedy|Crime|Romance,10701
127084,Suicide Room (2011),Drama|Thriller,10702
127096,Project Almanac (2015),Sci-Fi|Thriller,10703
127098,Louis C.K.: Live at The Comedy Store (2015),Comedy,10704
127108,Brooklyn (2015),Drama|Romance,10705
127114,The End of the Tour (2015),Drama,10706
127116,Experimenter (2015),Drama,10707
127128,Mississippi Grind (2015),Drama,10708
127130,Mistress America (2015),Comedy,10709
127134,A Walk in the Woods (2015),Adventure|Comedy|Drama,10710
127136,True Story (2015),Drama|Mystery|Thriller,10711
127140,Sleeping with Other People (2015),Comedy|Drama|Romance,10712
127146,Kurt Cobain: Montage of Heck (2015),Documentary,10713
127148,The Hunting Ground (2015),Documentary,10714
127152,Going Clear: Scientology and the Prison of Belief (2015),Documentary,10715
127158,Tig (2015),Documentary,10716
127164,"What Happened, Miss Simone? (2015)",Documentary,10717
127178,99 Homes (2014),Drama,10718
127180,"Story of Film: An Odyssey, The (2011)",Documentary,10719
127186,Girlhood (2014),Drama,10720
127188,Advantageous (2015),Children|Drama|Sci-Fi,10721
127196,The Diary of a Teenage Girl (2015),Drama,10722
127198,Dope (2015),Comedy|Drama,10723
127202,Me and Earl and the Dying Girl (2015),Drama,10724
127204,The Overnight (2015),Comedy,10725
127206,"People, Places, Things (2015)",Comedy,10726
127212,The Stanford Prison Experiment (2015),Drama|Thriller,10727
127218,Z for Zachariah (2015),Sci-Fi,10728
127226,Stations of the Cross (2014),Drama,10729
127298,A Pigeon Sat on a Branch Reflecting on Existence (2014),Comedy|Drama,10730
127311,The Forbidden Room (2015),Comedy|Drama|Mystery|Romance,10731
127319,The Loft (2014),Thriller,10732
127390,Family Guy Presents: Blue Harvest (2007),Animation|Comedy,10733
127441,Last Days in Vietnam (2014),Documentary|War,10734
127565,Lost River (2014),Fantasy|Thriller,10735
128089,Kevin Hart: I'm a Grown Little Man (2009),Comedy,10736
128093,"Bo Burnham: Words, Words, Words (2010)",Comedy,10737
128099,Jim Jefferies: BARE (2014),Comedy,10738
128320,Monty Python: Almost the Truth - Lawyers Cut (2009),Comedy|Documentary,10739
128360,The Hateful Eight (2015),Western,10740
128366,Patton Oswalt: Tragedy Plus Comedy Equals Time (2014),Comedy,10741
128488,Wild Card (2015),Action|Crime|Drama|Thriller,10742
128512,Paper Towns (2015),Drama|Mystery|Romance,10743
128520,The Wedding Ringer (2015),Comedy,10744
128542,Wyrmwood (2015),Action|Horror|Sci-Fi,10745
128594,Boy Meets Girl (2015),Comedy|Drama|Romance,10746
128604,Knight of Cups (2015),Drama,10747
128606,45 Years (2015),Drama,10748
128620,Victoria (2015),Crime|Drama|Romance,10749
128671,Timbuktu (2014),Drama,10750
128679,The Year Without a Santa Claus (1974),Animation|Children,10751
128736,I'm Here (2010),Drama,10752
128832,The Last Five Years (2014),Comedy|Drama|Musical|Romance,10753
128838,Crimson Peak (2015),Horror,10754
128852,Chris Rock: Bigger & Blacker (1999),Comedy,10755
128854,Chris Rock: Bring the Pain (1996),Comedy,10756
128908,Cloudburst (2011),Adventure|Comedy|Drama,10757
128912,Mike Birbiglia: My Girlfriend's Boyfriend (2013),Comedy,10758
128914,Tom Segura: Completely Normal (2014),Comedy,10759
128968,Stitch! The Movie (2003),Animation|Children|Comedy,10760
128975,Hot Tub Time Machine 2 (2015),Comedy|Sci-Fi,10761
128981,Music for One Apartment and Six Drummers (2001),Comedy,10762
129013,Eddie Izzard: Circle (2002),Comedy,10763
129032,Sense & Sensibility (2008),Drama|Romance,10764
129313,Reality (2014),Comedy,10765
129354,Focus (2015),Comedy|Crime|Drama|Romance,10766
129362,Merchants of Doubt (2014),Documentary,10767
129370,"SpongeBob Movie: Sponge Out of Water, The (2015)",Adventure|Animation|Children|Comedy,10768
129428,The Second Best Exotic Marigold Hotel (2015),Comedy|Drama,10769
129437,Ugly (2013),Mystery|Thriller,10770
129514,George Carlin: It's Bad for Ya! (2008),Comedy,10771
129659,"McFarland, USA (2015)",Drama,10772
129707,The Lazarus Effect (2015),Horror|Thriller,10773
129713,Assa (1987),Crime|Drama,10774
129737,Unfinished Business (2015),Comedy,10775
129739,Bogowie (2014),Drama,10776
129779,Ghost in the Shell Arise - Border 1: Ghost Pain (2013),Action|Animation|Sci-Fi,10777
129781,About Alex (2014),Drama,10778
129820,Spare Parts (2015),Drama,10779
129937,Run All Night (2015),Action|Crime|Drama|Thriller,10780
130073,Cinderella (2015),Children|Drama|Fantasy|Romance,10781
130075,Frozen Fever (2015),Adventure|Animation,10782
130087,The Cobbler (2015),Comedy|Drama|Fantasy,10783
130347,Bill Hicks: Sane Man (1989),Comedy,10784
130351,The Wrecking Crew (2008),Documentary,10785
130374,India's Daughter (2015),Documentary,10786
130448,Poltergeist (2015),Horror|Thriller,10787
130450,Pan (2015),Adventure|Children|Fantasy,10788
130452,While We're Young (2014),Comedy|Drama,10789
130474,Suite Française (2015),Drama|Romance|War,10790
130490,Insurgent (2015),Action|Sci-Fi|Thriller,10791
130492,Dum Laga Ke Haisha (2015),Children|Comedy|Romance,10792
130506,Berserk: The Golden Age Arc 2 - The Battle for Doldrey (2012),Action|Animation|Fantasy,10793
130508,Berserk: The Golden Age Arc - The Egg of the King (2012),Action|Adventure|Animation|Fantasy|Horror,10794
130510,Berserk: The Golden Age Arc 3 - Descent (2013),Action|Animation|Fantasy,10795
130518,The Amazing Screw-On Head (2006),Action|Adventure|Animation|Comedy|Sci-Fi,10796
130520,Home (2015),Adventure|Animation|Children|Comedy|Fantasy|Sci-Fi,10797
130576,Midnight Special (2015),Drama|Sci-Fi,10798
130578,"Gunman, The (2015)",Action|Thriller,10799
130618,Baby (2015),Action|Crime|Mystery|Thriller,10800
130628,Boys (2014),Drama,10801
130634,Furious 7 (2015),Action|Crime|Thriller,10802
130636,Unfriended (2014),Horror|Mystery|Thriller,10803
130642,Backcountry (2014),Drama|Horror|Thriller,10804
130684,We Are Still Here (2015),Horror,10805
130686,The Final Girls (2015),Comedy|Horror,10806
130840,Spring (2015),Horror|Romance|Sci-Fi,10807
130842,Power/Rangers (2015),Action|Adventure|Sci-Fi,10808
130956,Child 44 (2015),Crime|Thriller,10809
130970,George Carlin: Life Is Worth Losing (2005),Comedy,10810
130976,Legend No. 17 (2013),Drama,10811
130978,Love and Pigeons (1985),Comedy|Romance,10812
130988,A Little Chaos (2014),Drama|Romance,10813
131013,Get Hard (2015),Comedy|Crime,10814
131023,That Sugar Film (2014),Documentary,10815
131050,Stargate SG-1 Children of the Gods - Final Cut (2009),Adventure|Sci-Fi|Thriller,10816
131066,Ronal the Barbarian (2011),Adventure|Animation|Fantasy,10817
131080,Cinderella III: A Twist in Time (2007),Animation|Children|Fantasy|Musical|Romance,10818
131092,"Mickey, Donald, Goofy: The Three Musketeers (2004)",Adventure|Animation|Children|Comedy,10819
131168,Phoenix (2014),Drama,10820
131170,Parallels (2015),Sci-Fi|Thriller,10821
131237,What Men Talk About (2010),Comedy,10822
131248,Brother Bear 2 (2006),Adventure|Animation|Children|Comedy|Fantasy,10823
131252,Forklift Driver Klaus: The First Day on the Job (2001),Comedy|Horror,10824
131389,Sabrina the Teenage Witch (1996),Children|Comedy|Fantasy|Sci-Fi,10825
131433,Confession of Murder (2012),Action|Thriller,10826
131439,Kill Me Three Times (2014),Thriller,10827
131444,Rurouni Kenshin: The Legend Ends (2014),Action|Adventure|Drama,10828
131446,Rurouni Kenshin: Kyoto Inferno (2014),Action|Adventure|Animation|Drama,10829
131656,Shaun the Sheep Movie (2015),Adventure|Animation|Children|Comedy,10830
131658,Infinitely Polar Bear (2014),Comedy|Drama|Romance,10831
131714,Last Knights (2015),Action|Adventure,10832
131724,The Jinx: The Life and Deaths of Robert Durst (2015),Documentary,10833
131739,Batman vs. Robin (2015),Action|Adventure|Animation,10834
131796,Woman in Gold (2015),Drama,10835
131830,Samba (2014),Comedy|Drama,10836
131920,The Road Within (2014),Comedy|Drama,10837
132012,Lemonade Mouth (2011),Children,10838
132046,Tomorrowland (2015),Action|Adventure|Children|Mystery|Sci-Fi,10839
132068,Far from Men (2014),Drama,10840
132112,Good Kill (2014),Drama|Thriller,10841
132128,Faults (2015),Drama|Thriller,10842
132157,Paul Blart: Mall Cop 2 (2015),Action|Comedy|Crime,10843
132335,Breathe (2014),Drama,10844
132362,Patlabor 2: The Movie (1993),Action|Animation|Sci-Fi,10845
132424,The Longest Ride (2015),Drama|Romance,10846
132446,Atari: Game Over (2014),Documentary,10847
132456,Lage Raho Munna Bhai (2006),Comedy|Drama|Romance,10848
132480,The Age of Adaline (2015),Drama|Fantasy|Romance,10849
132492,Sinatra: All or Nothing at All (2015),Documentary,10850
132496,Danny Collins (2015),Comedy|Drama,10851
132549,Grandma (2015),(no genres listed),10852
132555,Winning Time: Reggie Miller vs. The New York Knicks (2010),Documentary,10853
132569,Comedy Central Roast of Justin Bieber (2015),Comedy,10854
132630,Tinker Bell and the Legend of the NeverBeast (2014),Adventure|Animation|Children,10855
132632,The Pirate Fairy (2014),Animation|Children|Fantasy,10856
132660,Man Up (2015),Comedy|Romance,10857
132796,San Andreas (2015),Action|Drama|Thriller,10858
132798,Regression (2015),Thriller,10859
132800,Welcome to Me (2014),Comedy|Drama,10860
132883,Testament of Youth (2014),Drama|War,10861
132888,Comedy Central Roast of James Franco (2013),Comedy,10862
132952,Sarfarosh (1999),(no genres listed),10863
132961,Far from the Madding Crowd (2015),Drama,10864
133001,The Spy Who Loved Flowers (1966),Adventure,10865
133123,Barbie as The Princess & the Pauper (2004),Animation|Children|Comedy,10866
133127,Barbie of Swan Lake (2003),Animation|Children,10867
133139,Barbie in the 12 Dancing Princesses (2006),Animation|Children,10868
133167,Barbie as Rapunzel (2002),Animation|Children,10869
133185,The Bélier Family (2014),Comedy,10870
133195,Hitman: Agent 47 (2015),Action|Crime|Thriller,10871
133205,Doug Stanhope: Beer Hall Putsch (2013),Comedy,10872
133219,Tinker Bell and the Great Fairy Rescue (2010),Adventure|Animation|Children|Fantasy,10873
133357,The Seven Five (2014),Documentary,10874
133361,The Golden Calf (1968),Comedy|Drama,10875
133377,Infini (2015),Horror|Sci-Fi|Thriller,10876
133389,Piku (2015),Comedy|Drama,10877
133419,Pitch Perfect 2 (2015),Comedy,10878
133545,Just Before I Go (2014),Comedy|Drama,10879
133645,Carol (2015),Drama|Romance,10880
133712,Office Romance (1977),Comedy|Romance,10881
133716,Bootleggers (1961),Comedy|Crime,10882
133767,Andaz Apna Apna (1994),Comedy|Drama|Romance,10883
133769,Hera Pheri (2000),Comedy,10884
133771,The Lobster (2015),Comedy|Romance|Sci-Fi,10885
133798,Hot Pursuit (2015),Action|Comedy,10886
133802,Slow West (2015),Action|Thriller|Western,10887
133832,The Green Inferno (2014),Horror|Thriller,10888
133867,Barely Lethal (2015),Action|Adventure|Comedy,10889
133945,Deep Web (2015),Documentary,10890
134021,5 to 7 (2014),Comedy|Drama|Romance,10891
134041,Afonya (1975),Comedy|Drama|Romance,10892
134083,Walking the Streets of Moscow (1963),Comedy|Romance,10893
134095,My Love (2006),Animation|Drama,10894
134109,Radio Day (2008),Comedy,10895
134130,The Martian (2015),Adventure|Drama|Sci-Fi,10896
134170,Kung Fury (2015),Action|Comedy|Fantasy|Sci-Fi,10897
134184,Elections Day (2007),Comedy,10898
134204,A Hard Day (2014),Action|Crime|Thriller,10899
134214,Youth (2015),Drama,10900
134230,Wake Up Sid (2009),Comedy|Drama|Romance,10901
134246,Survivor (2015),Action|Thriller,10902
134248,Hot Girls Wanted (2015),Documentary,10903
134250,Striped Trip (1961),Comedy,10904
134252,That Munchhausen (1979),Comedy|Drama|Fantasy,10905
134326,The Taming of the Scoundrel (1980),Comedy,10906
134368,Spy (2015),Action|Comedy|Crime,10907
134374,Tinker Bell (2008),Adventure|Animation|Children|Fantasy,10908
134393,Trainwreck (2015),Comedy|Romance,10909
134528,Aloha (2015),Comedy|Drama|Romance,10910
134569,She's Funny That Way (2015),Comedy,10911
134621,A Flying Ship (1979),Animation|Children,10912
134680,Taxi (2015),Comedy|Drama,10913
134751,The Fantastic Flying Books of Mr. Morris Lessmore (2011),Adventure|Animation|Children|Drama,10914
134783,Entourage (2015),Comedy,10915
134796,Bitter Lake (2015),Documentary,10916
134849,Duck Amuck (1953),Animation|Children|Comedy,10917
134853,Inside Out (2015),Adventure|Animation|Children|Comedy|Drama|Fantasy,10918
134859,The Wolfpack (2015),Documentary,10919
134867,Tanu Weds Manu (2011),Comedy|Drama|Romance,10920
134879,Soaked in Bleach (2015),Crime|Documentary,10921
134881,Love & Mercy (2014),Drama,10922
135127,Metro (2013),Action|Thriller,10923
135133,The Hunger Games: Mockingjay - Part 2 (2015),Adventure|Sci-Fi,10924
135135,Max (2015),Adventure|Children|Drama,10925
135137,Pixels (2015),Action|Comedy|Sci-Fi,10926
135141,Allegiant: Part 1 (2016),Adventure|Sci-Fi,10927
135143,Fantastic Beasts and Where to Find Them (2016),Fantasy,10928
135166,Curfew (2012),Drama,10929
135264,Zenon: Girl of the 21st Century (1999),Adventure|Children|Comedy,10930
135288,Mr. Holmes (2015),Drama|Mystery,10931
135426,Fantastic Beasts and Where to Find Them 2 (2018),(no genres listed),10932
135436,The Secret Life of Pets (2016),Animation|Comedy,10933
135442,The Skeleton Dance (1929),Animation,10934
135456,Ghost in the Shell: Stand Alone Complex - The Laughing Man (2005),Action|Animation|Crime|Sci-Fi,10935
135502,The Boy and the World (2013),Animation,10936
135504,Little Boy (2015),Comedy|Drama|War,10937
135518,Self/less (2015),Action|Mystery|Sci-Fi|Thriller,10938
135530,Criminal (2016),Action|Crime|Drama|Sci-Fi,10939
135532,The Last Witch Hunter (2015),Action|Adventure|Fantasy,10940
135534,Krampus (2015),Comedy|Fantasy|Horror,10941
135536,Suicide Squad (2016),Action|Crime|Sci-Fi,10942
135567,Independence Day: Resurgence (2016),Action|Adventure|Sci-Fi,10943
135569,Star Trek Beyond (2016),Action|Adventure|Sci-Fi,10944
135753,The Dawns Here are Quiet (1972),Drama|War,10945
135861,Ted 2 (2015),Comedy,10946
135867,Rabbit Fire (1951),Animation|Children|Comedy,10947
135875,Queen (2014),Comedy,10948
135885,Absolutely Anything (2015),Comedy|Sci-Fi,10949
135887,Minions (2015),Adventure|Animation|Children|Comedy,10950
136016,The Good Dinosaur (2015),Adventure|Animation|Children|Comedy|Fantasy,10951
136018,Black Mass (2015),Crime|Drama,10952
136020,Spectre (2015),Action|Adventure|Crime,10953
136204,The Second Mother (2015),Drama,10954
136247,Scooby-Doo on Zombie Island (1998),Animation|Children|Comedy|Mystery,10955
136335,Scooby-Doo and the Alien Invaders (2000),Animation|Children,10956
136337,Scooby-Doo and the Cyber Chase (2001),Animation|Children,10957
136441,Ferdinand the Bull (1938),Animation|Children|Comedy,10958
136443,Gabriel Iglesias: Hot and Fluffy (2007),Comedy,10959
136445,George Carlin: Back in Town (1996),Comedy,10960
136447,George Carlin: You Are All Diseased (1999),Comedy,10961
136449,Ghost in the Shell 2.0 (2008),Action|Animation|Sci-Fi,10962
136457,Jeff Dunham: Arguing with Myself (2006),Comedy,10963
136459,Jeff Dunham: Spark of Insanity (2007),Comedy,10964
136463,Jim Gaffigan: Beyond the Pale (2006),Comedy,10965
136467,Kim Possible: A Sitch in Time (2003),Action|Adventure|Animation|Children,10966
136469,Larry David: Curb Your Enthusiasm (1999),Comedy,10967
136471,Kevin Hart: Laugh at My Pain (2011),Comedy|Documentary,10968
136477,One Froggy Evening (1955),Animation|Children|Comedy,10969
136485,Robot Chicken: Star Wars (2007),Animation|Comedy|Sci-Fi,10970
136495,Dev.D (2009),Drama|Romance,10971
136497,Khosla Ka Ghosla! (2006),Comedy,10972
136501,Three Little Pigs (1933),Animation|Children|Comedy|Musical,10973
136538,Teen Titans: Trouble in Tokyo (2007),Action|Adventure|Animation|Children|Sci-Fi,10974
136542,Mickey's Christmas Carol (1983),Animation|Children,10975
136556,Kung Fu Panda: Secrets of the Masters (2011),Animation|Children,10976
136562,Steve Jobs (2015),Drama,10977
136564,Macbeth (2015),Drama,10978
136588,Santa Claus is Comin' to Town (1970),Animation|Children|Fantasy,10979
136596,Mickey's Trailer (1938),Animation,10980
136598,Vacation (2015),Adventure|Comedy,10981
136602,Creep (2014),Horror|Thriller,10982
136864,Batman v Superman: Dawn of Justice (2016),Action|Adventure|Fantasy|Sci-Fi,10983
137062,Naruto Shippuden the Movie: Road to Ninja (2012),Action|Adventure|Animation|Fantasy,10984
137337,Amy (2015),Documentary,10985
137595,Magic Mike XXL (2015),Comedy|Drama,10986
137761,The Search for General Tso (2014),Documentary,10987
137857,The Jungle Book (2016),Adventure|Drama|Fantasy,10988
137863,Dragon Ball Z: Resurrection of F (2015),Action|Adventure|Animation|Fantasy,10989
137904,"I, Claudius (1976)",Drama,10990
138036,The Man from U.N.C.L.E. (2015),Action|Adventure|Comedy,10991
138104,Justice League: Gods and Monsters (2015),Action|Animation,10992
138204,7 Days in Hell (2015),Comedy,10993
138208,The Walk (2015),Adventure|Drama|Thriller,10994
138210,13 Hours (2016),Drama,10995
138212,Spectral (2016),(no genres listed),10996
138702,Feast (2014),Animation|Children|Comedy|Drama|Romance,10997
138835,Return to Treasure Island (1988),Adventure|Animation|Comedy,10998
139052,Dark Places (2015),Drama|Mystery|Thriller,10999
139090,The U (2009),Documentary,11000
139098,Four Days in October (2010),Documentary,11001
139100,Once Brothers (2010),Documentary,11002
139106,You Don't Know Bo (2012),Documentary,11003
139120,Mustang (2015),Drama,11004
139130,Afro Samurai (2007),Action|Adventure|Animation|Drama|Fantasy,11005
139148,Bajrangi Bhaijaan (2015),(no genres listed),11006
139195,Jim Henson's The Storyteller (1989),Fantasy,11007
139205,Tanu Weds Manu Returns (2015),Comedy|Romance,11008
139385,The Revenant (2015),Adventure|Drama,11009
139415,Irrational Man (2015),Crime|Drama,11010
139417,Tale of Tales (2015),Fantasy,11011
139419,One Minute Time Machine (2014),Comedy|Mystery|Romance,11012
139525,Cartel Land (2015),Action|Documentary|Drama,11013
139575,Baahubali: The Beginning (2015),Action|Drama,11014
139620,Everything's Gonna Be Great (1998),Adventure|Children|Comedy|Drama,11015
139642,Southpaw (2015),Action|Drama,11016
139644,Sicario (2015),Crime|Drama|Mystery,11017
139655,Goodnight Mommy (Ich seh ich seh) (2014),Drama|Fantasy|Horror|Thriller,11018
139721,X+Y (2014),Comedy|Drama,11019
139747,Before We Go (2014),Romance,11020
139757,Best of Enemies (2015),Documentary,11021
139855,Anomalisa (2015),Animation|Comedy|Fantasy,11022
139857,Colonia (2016),Thriller,11023
139859,Ghost in the Shell Arise - Border 2: Ghost Whispers (2013),Action|Animation|Sci-Fi|Thriller,11024
139861,Ghost in the Shell Arise - Border 3: Ghost Tears (2014),Action|Animation|Sci-Fi,11025
139863,Ghost in the Shell Arise - Border 4: Ghost Stands Alone (2014),Action|Animation|Sci-Fi,11026
140038,Madly in Love (1981),Comedy,11027
140106,Our Little Sister (2015),Comedy,11028
140110,The Intern (2015),Comedy,11029
140160,Descendants (2015),Action|Adventure|Comedy,11030
140162,Love (2015),Drama|Romance,11031
140174,Room (2015),Drama,11032
140247,The Gift (2015),Drama|Horror,11033
140265,George Carlin: Jammin' in New York (1992),Comedy,11034
140267,The Witch (2015),Horror,11035
140289,Men & Chicken (2015),Comedy|Drama,11036
140341,Lava (2015),Animation|Children,11037
140481,"Family Guy Presents: Something, Something, Something, Dark Side (2009)",Animation|Comedy|Sci-Fi,11038
140523,"Visit, The (2015)",Comedy|Horror,11039
140525,Secret in Their Eyes (2015),Crime|Drama|Mystery,11040
140529,Sinister 2 (2015),Horror|Mystery|Thriller,11041
140627,Battle For Sevastopol (2015),Drama|Romance|War,11042
140711,American Ultra (2015),Action|Comedy|Sci-Fi|Thriller,11043
140713,No Escape (2015),Thriller,11044
140715,Straight Outta Compton (2015),Drama,11045
140725,Cop Car (2015),Crime|Thriller,11046
140737,The Lost Room (2006),Action|Fantasy|Mystery,11047
140769,Puella Magi Madoka Magica the Movie Part I: Beginnings (2012),Action|Animation|Horror|Mystery,11048
140805,Attack on Titan (2015),Drama|Horror,11049
140816,Tangerine (2015),Comedy|Drama,11050
140928,Joy (2015),Comedy|Drama,11051
140956,Ready Player One,Action|Sci-Fi|Thriller,11052
141004,Victor Frankenstein (2015),Drama|Horror|Sci-Fi,11053
141058,Manjhi The Mountain Man (2015),Drama,11054
141251,Demetri Martin: Live (At The Time) (2015),Comedy,11055
141397,Equals (2015),Drama|Sci-Fi,11056
141402,Star Trek: Renegades (2015),Action|Adventure|Sci-Fi,11057
141408,Scouts Guide to the Zombie Apocalypse (2015),Action|Comedy|Horror,11058
141420,Paranormal Activity 2: Tokyo Night (2010),Horror|Thriller,11059
141422,Suffragette (2015),Drama,11060
141432,Sweet Red Bean Paste (2015),Drama,11061
141544,Turbo Kid (2015),Action|Adventure|Sci-Fi,11062
141648,We Are Your Friends (2015),Drama|Romance,11063
141668,War Room (2015),Drama,11064
141676,Joseph: King of Dreams (2000),Animation,11065
141688,Legend (2015),Crime|Thriller,11066
141702,Drishyam (2015),Drama|Mystery|Thriller,11067
141718,Deathgasm (2015),Comedy|Horror,11068
141749,The Danish Girl (2015),Drama,11069
141806,Station for Two (1982),Comedy|Drama|Romance,11070
141810,Autumn Marathon (1979),Comedy|Drama,11071
141812,The Most Charming and Attractive (1985),Comedy|Romance,11072
141816,12 Chairs (1976),Adventure|Comedy,11073
141818,Ordinary Miracle (1978),Comedy|Drama|Fantasy|Romance,11074
141822,Carnival Night (1956),Comedy,11075
141826,The Garage (1979),Comedy|Drama,11076
141830,Unbelievable Adventures of Italians in Russia (1974),Adventure|Comedy,11077
141836,It Can't Be! (1975),Comedy,11078
141844,12 Chairs (1971),Adventure|Comedy,11079
141846,Steve Jobs: The Man in the Machine (2015),Documentary,11080
141866,Green Room (2015),(no genres listed),11081
141874,The Adventures of Buratino (1975),Adventure|Children|Fantasy,11082
141890,Beasts of No Nation (2015),Drama|War,11083
141924,The Lady in the Van (2015),Drama,11084
141946,Meru (2015),Action|Adventure|Documentary,11085
142020,Oscar (1967),Comedy,11086
142032,The Transporter Refuelled (2015),Action|Crime|Thriller,11087
142058,The Lorax (1972),Animation|Children,11088
142074,Knock Knock (2015),Crime|Horror|Thriller,11089
142082,The Nightmare (2015),Documentary,11090
142084,Welcome to Leith (2015),Documentary|Thriller,11091
142115,The Blue Planet (2001),Documentary,11092
142158,Return to Halloweentown (2006),Adventure|Children|Comedy|Fantasy,11093
142184,Silenced (2011),Drama,11094
142222,Demolition (2016),Drama,11095
142258,Listen to Me Marlon (2015),Documentary,11096
142372,Our Brand Is Crisis (2015),Comedy|Drama,11097
142386,The Assassin (2015),Drama,11098
142420,High Rise (2015),Action|Drama|Sci-Fi,11099
142422,The Night Before (2015),Comedy,11100
142424,Into the Forest (2015),Drama|Sci-Fi,11101
142448,Everest (2015),Adventure|Drama|Thriller,11102
142450,Puella Magi Madoka Magica the Movie Part III: Rebellion (2013),Animation|Fantasy|Mystery|Thriller,11103
142452,Puella Magi Madoka Magica the Movie Part II: Eternal (2012),Action|Animation|Horror|Mystery,11104
142456,The Brand New Testament (2015),(no genres listed),11105
142488,Spotlight (2015),Thriller,11106
142492,Son of Saul (2015),Drama,11107
142507,Pawn Sacrifice (2015),Drama,11108
142509,Hardcore Henry (2015),Action|Adventure|Sci-Fi,11109
142536,Burnt (2015),Drama,11110
142598,Last Shift (2014),Horror,11111
142628,The Brave Little Toaster to the Rescue (1997),Animation|Children|Comedy,11112
142843,Little Witch Academia (2013),Action|Animation|Comedy|Fantasy,11113
142993,The Club (2015),Drama,11114
142997,Hotel Transylvania 2 (2015),Animation|Comedy,11115
142999,Hidden (2015),Horror|Thriller,11116
143237,Freeheld (2015),Drama|Romance,11117
143245,The Little Prince (2015),Animation|Fantasy,11118
143257,Ashby (2015),Comedy|Drama,11119
143271,Dheepan (2015),Drama,11120
143309,"Liza, the Fox-Fairy (2015)",Comedy|Fantasy|Romance,11121
143345,Shazam! (2019),Action|Adventure|Fantasy|Sci-Fi,11122
143347,Aquaman (2018),Action|Fantasy|Sci-Fi,11123
143355,Wonder Woman (2017),Action|Adventure|Fantasy,11124
143365,The Circle (2016),Drama|Sci-Fi|Thriller,11125
143367,Silence (2016),Drama|Thriller,11126
143385,Bridge of Spies (2015),Drama|Thriller,11127
143387,Pitch Perfect 3 (2017),(no genres listed),11128
143389,Les Misérables in Concert - The 25th Anniversary (2010),(no genres listed),11129
143440,"Mune, le gardien de la lune (2015)",Animation|Children|Fantasy,11130
143444,"Bigger Splash, A (2015)",Comedy|Crime|Drama|Mystery,11131
143476,Where To Invade Next (2015),Documentary,11132
143511,Human (2015),Documentary,11133
143547,The Phantom of the Opera at the Royal Albert Hall (2011),Drama|Romance,11134
143647,An Inspector Calls (2015),Drama|Thriller,11135
143657,The Invitation (2015),Horror|Thriller,11136
143859,"Hail, Caesar! (2016)",Comedy,11137
143868,Beauty & the Briefcase (2010),Comedy|Drama|Romance,11138
143969,Er ist wieder da (2015),Comedy,11139
143990,Little Dorrit (2008),Drama,11140
144050,Attack on Titan: Crimson Bow and Arrow (2014),Action|Animation,11141
144138,Billy Elliot: The Musical (2014),Comedy|Drama,11142
144172,February (2015),Horror,11143
144382,Jim Jefferies: Contraband (2008),Comedy,11144
144482,Circle (2015),Drama|Horror|Sci-Fi,11145
144532,Cold Eyes (2013),Action|Crime,11146
144606,Confessions of a Dangerous Mind (2002),Comedy|Crime|Drama|Romance|Thriller,11147
144620,Goosebumps (2015),Adventure|Comedy|Horror,11148
144632,Back In Time (2015),Documentary,11149
144734,Freaks of Nature (2015),Comedy|Horror|Sci-Fi,11150
144976,Bone Tomahawk (2015),Horror|Western,11151
144982,Paranormal Activity: The Ghost Dimension (2015),Horror|Thriller,11152
145030,The 33 (2015),Drama,11153
145064,Suburra (2015),Crime|Drama,11154
145066,Amy Schumer: Live at the Apollo (2015),Comedy,11155
145070,They Look Like People (2015),Horror|Mystery|Thriller,11156
145140,Fathers and Daughters (2015),Drama,11157
145150,The Dressmaker (2015),Comedy|Drama|Thriller,11158
145384,The Absent One (2014),Crime|Thriller,11159
145418,Trumbo (2015),Drama,11160
145839,Concussion (2015),Drama,11161
145935,"Peanuts Movie, The (2015)",Adventure|Animation|Children|Comedy,11162
145994,Formula of Love (1984),Comedy,11163
146002,D'Artagnan and Three Musketeers (1979),Adventure|Comedy,11164
146006,High Rollers (1976),Comedy|Crime,11165
146024,A Man from Boulevard des Capucines (1987),Comedy|Romance|Western,11166
146028,The Adventures of Sherlock Holmes and Dr. Watson: The Hound of the Baskervilles (1981),Crime|Mystery,11167
146040,Three Men in a Boat (1979),Comedy,11168
146196,Meet the Patels (2014),Documentary,11169
146307,The Hallow (2015),Horror,11170
146309,The Boy and the Beast (2015),Action|Adventure|Animation,11171
146327,Can't Change the Meeting Place (1979),Action|Crime,11172
146329,The Master and Margarita (2005),Drama|Mystery|Romance,11173
146604,Naomi and Ely's No Kiss List (2015),Comedy|Drama|Romance,11174
146656,Creed (2015),Drama,11175
146662,Dragons: Gift of the Night Fury (2011),Adventure|Animation|Comedy,11176
146672,The Gendarme of St. Tropez (1964),Comedy,11177
146682,Twinsters (2015),Documentary,11178
146688,Solace (2015),Fantasy|Mystery|Thriller,11179
146866,Louder Than Bombs (2015),Drama,11180
146900,Heist (2015),Action|Thriller,11181
147022,Love the Coopers (2015),Comedy,11182
147124,The Roosevelts: An Intimate History (2014),Documentary,11183
147196,The Girls (1961),Comedy|Romance,11184
147232,Hussar Ballad (1962),Comedy,11185
147244,Magicians (1982),Comedy|Fantasy|Romance,11186
147246,Adventures of Mowgli (1973),Animation|Children,11187
147250,The Adventures of Sherlock Holmes and Doctor Watson,(no genres listed),11188
147282,What Men Still Talk About (2011),Comedy,11189
147290,Seventeen Moments in Spring (1973),Adventure|Drama|War,11190
147300,Adventures Of Sherlock Holmes And Dr. Watson: The Twentieth Century Approaches (1986),Crime|Mystery,11191
147326,The Adventures of Sherlock Holmes and Doctor Watson: King of Blackmailers (1980),Crime|Mystery,11192
147328,The Adventures of Sherlock Holmes and Dr. Watson: Bloody Signature (1979),Crime,11193
147330,Sherlock Holmes and Dr. Watson: Acquaintance (1979),Crime,11194
147410,A Perfect Day (2015),Comedy|Drama,11195
147750,Rams (2015),(no genres listed),11196
147831,Anthony Jeselnik: Thoughts and Prayers (2015),Comedy,11197
147833,Anthony Jeselnik: Caligula (2013),Comedy,11198
147847,Point Break (2015),Action|Crime|Thriller,11199
148036,Winter on Fire: Ukraine's Fight for Freedom (2015),Documentary,11200
148058,Talvar (2015),Drama|Mystery|Thriller,11201
148166,Hitchcock/Truffaut (2015),Documentary,11202
148172,The 5th Wave (2016),Adventure|Sci-Fi|Thriller,11203
148238,A Very Murray Christmas (2015),Comedy,11204
148280,Truman (2015),Comedy|Drama,11205
148367,Sanjay's Super Team (2015),Animation,11206
148369,The Wave (2015),Action|Drama|Thriller,11207
148482,Truth (2015),Drama,11208
148626,"Big Short, The (2015)",Drama,11209
148652,The Ridiculous 6 (2015),Comedy|Western,11210
148667,John Mulaney: The Comeback Kid (2015),Comedy,11211
148671,Saw (2003),Crime|Horror,11212
148775,Wizards of Waverly Place: The Movie (2009),Adventure|Children|Comedy|Drama|Fantasy|Sci-Fi,11213
148855,Ghost in the Shell: The New Movie (2015),Animation|Sci-Fi,11214
148881,World of Tomorrow (2015),Animation|Comedy,11215
148888,Zoolander 2 (2016),Comedy,11216
148956,How to Be Single (2016),Comedy|Romance,11217
148984,The Propaganda Game (2015),Documentary,11218
149011,He Never Died (2015),Comedy|Drama|Horror,11219
149334,Nocturnal Animals,Drama|Thriller,11220
149352,Daddy's Home (2015),Comedy,11221
149354,Sisters (2015),Children|Comedy,11222
149406,Kung Fu Panda 3 (2016),Action|Adventure|Animation,11223
149552,Krisha (2015),(no genres listed),11224
149650,Childhood's End (2015),Drama|Sci-Fi|Thriller,11225
149723,The Last: Naruto the Movie (2014),Action|Animation|Romance,11226
149830,Pride and Prejudice and Zombies (2016),Comedy|Horror|Romance|Thriller,11227
150254,The Devil's Candy (2015),Horror,11228
150262,Megamind: The Button Of Doom (2011),Action|Animation|Children|Comedy,11229
150294,The Forest (2016),Horror|Thriller,11230
151113,A Man Called Ove (2015),Comedy|Drama,11231
151315,Ride Along 2 (2016),Action|Comedy,11232
151317,Maggie's Plan (2015),Comedy,11233
151345,Batman: Bad Blood (2016),Animation,11234
151455,Eddie the Eagle (2016),Comedy,11235
151459,Airlift (2016),Drama|Thriller,11236
151605,Lo and Behold: Reveries of the Connected World (2016),Documentary,11237
151639,The Boy (2016),Horror|Thriller,11238
151687,Risen (2016),Children|Drama,11239
151695,The Survivalist (2015),Drama|Sci-Fi|Thriller,11240
151707,The Eagle Huntress (2016),Adventure|Children|Documentary,11241
151731,April and the Twisted World (2015),Adventure|Animation|Comedy,11242
151739,Dirty Grandpa (2016),Comedy,11243
151759,Requiem for the American Dream (2015),Documentary,11244
151763,Death Note Rewrite: Genshisuru Kami (2007),Mystery,11245
151765,Death Note: R2 - L o Tsugu Mono (2008),Animation|Crime|Drama|Fantasy|Thriller,11246
151769,Three from Prostokvashino (1978),Animation,11247
151777,The Finest Hours (2016),Drama|Thriller,11248
151781,Ghost in the Shell: Solid State Society (2006),Action|Animation|Crime|Sci-Fi|Thriller,11249
151933,The Birth of a Nation (2016),Drama,11250
151951,Holding the Man (2015),Drama,11251
152017,Me Before You (2016),Drama|Romance,11252
152037,Grease Live (2016),(no genres listed),11253
152059,"Crouching Tiger, Hidden Dragon: Sword of Destiny (2016)",Action|Adventure|Drama,11254
152061,Triple 9 (2016),Crime|Drama,11255
152063,Gods of Egypt (2016),Adventure|Fantasy,11256
152065,Embrace of the Serpent (2016),Adventure|Drama,11257
152071,Race (2016),Drama,11258
152077,10 Cloverfield Lane (2016),Thriller,11259
152079,London Has Fallen (2016),Action|Crime|Thriller,11260
152081,Zootopia (2016),Action|Adventure|Animation|Children|Comedy,11261
152083,Whiskey Tango Foxtrot (2016),Comedy|War,11262
152091,The Brothers Grimsby (2016),Comedy,11263
152163,A War (2015),Drama|War,11264
152284,War and Peace (2016),Drama|Romance,11265
152290,The Fear of 13 (2015),Documentary,11266
152372,Southbound (2016),Horror,11267
152591,Ip Man 3 (2015),Action,11268
152970,Hunt for the Wilderpeople (2016),Adventure|Comedy,11269
153070,Rabbits (2002),Comedy|Drama|Fantasy,11270
153959,4th Man Out (2016),Comedy,11271
154051,The Last Man on the Moon (2016),Documentary|Drama,11272
154358,The Barkley Marathons: The Race That Eats Its Young (2015),Documentary,11273
154474,Palmeras en la nieve (2015),Romance,11274
154915,Remember (2015),Drama|Thriller,11275
154941,And Then There Were None (2015),Drama|Mystery,11276
155064,The Neon Demon (2016),Drama|Horror|Mystery,11277
155078,Lo chiamavano Jeeg Robot (2016),Fantasy,11278
155109,Long Way Down (2010),Documentary,11279
155288,Eye in the Sky (2016),Drama|Thriller|War,11280
155392,"Hello, My Name Is Doris (2016)",Drama,11281
155509,Mr. Right (2016),Action|Comedy|Romance,11282
155583,Miracles from Heaven (2016),Drama,11283
155625,Under the Shadow (2016),Horror|Thriller,11284
155659,Florence Foster Jenkins (2016),Comedy|Drama,11285
155743,My Big Fat Greek Wedding 2 (2016),Comedy,11286
155800,Jimmy Carr: Funny Business (2016),Comedy,11287
155812,Get a Job (2016),Comedy,11288
155820,Keanu (2016),Comedy,11289
155828,The Lure (2015),Thriller,11290
155846,War on Everyone (2016),Comedy,11291
155874,Love & Friendship (2016),Drama|Romance,11292
155968,The Night Manager (2016),Crime|Drama|Mystery|Thriller,11293
156000,Justice League vs. Teen Titans (2016),Action|Animation,11294
156025,Ice Age: The Great Egg-Scapade (2016),Adventure|Animation|Children|Comedy,11295
156369,Zero Days (2016),Documentary,11296
156371,Everybody Wants Some (2016),Comedy,11297
156387,Sing Street (2016),Drama,11298
156605,Paterson,(no genres listed),11299
156607,The Huntsman Winter's War (2016),Action|Adventure|Drama|Fantasy,11300
156609,Neighbors 2: Sorority Rising (2016),Comedy,11301
156726,Hush (2016),Thriller,11302
156755,Things to Come (2016),Drama,11303
156773,Jimmy Carr: Live (2004),Comedy,11304
156775,Jimmy Carr: Stand Up (2005),Comedy,11305
156777,Jimmy Carr: Comedian (2007),Comedy,11306
156781,Jimmy Carr: Telling Jokes (2009),Comedy,11307
156783,Jimmy Carr: Making People Laugh (2010),Comedy,11308
156944,Land of Mine (2015),War,11309
157122,The Man Who Knew Infinity (2016),Drama,11310
157200,Money Monster (2016),Drama|Thriller,11311
157224,Nine Lives (2016),Comedy,11312
157268,Don't Think Twice (2016),Comedy|Drama,11313
157270,Barbershop: The Next Cut (2016),Comedy,11314
157274,The Choice (2016),Drama|Romance,11315
157276,Our Kind of Traitor (2016),Drama|Thriller,11316
157296,Finding Dory (2016),Adventure|Animation|Comedy,11317
157312,The Boss (2016),Comedy,11318
157318,Perfect Strangers (2016),Comedy|Drama,11319
157326,Bastille Day (2016),Action,11320
157338,Free State of Jones (2016),Action|Drama|Thriller,11321
157340,The Angry Birds Movie (2016),Animation|Comedy,11322
157361,Tickled (2016),Documentary,11323
157373,It's Such a Beautiful Day (2011),Animation|Comedy|Drama,11324
157498,11.22.63 (2016),Drama|Thriller,11325
157699,Snowden (2016),Drama|Thriller,11326
157797,Special Correspondents (2016),Comedy,11327
157851,Team Foxcatcher (2016),Documentary,11328
157853,Patton Oswalt: Talking for Clapping (2016),Comedy,11329
157961,Synchronicity (2015),Mystery|Sci-Fi|Thriller,11330
158003,The Long Recess (1972),Comedy|Romance,11331
158092,Magnetic Rose (1995),Animation|Sci-Fi,11332
158238,The Nice Guys (2016),Crime|Mystery|Thriller,11333
158260,A Hologram for the King (2015),Comedy|Drama,11334
158310,Chris Rock: Kill the Messenger (2008),Comedy,11335
158402,The Crew (2016),Action,11336
158528,The Shallows (2016),Drama|Thriller,11337
158783,The Handmaiden (2016),Drama|Romance|Thriller,11338
158813,Alice Through the Looking Glass (2016),Adventure|Children|Fantasy,11339
158830,The BFG (2016),Children|Fantasy,11340
158842,My Scientology Movie (2016),Documentary,11341
158846,Louis Theroux: By Reason of Insanity (2015),Documentary,11342
158864,Louis Theroux: Behind Bars (2008),(no genres listed),11343
158872,Sausage Party (2016),Animation|Comedy,11344
158956,Kill Command (2016),Action|Horror|Sci-Fi,11345
158966,Captain Fantastic (2016),Drama,11346
158972,Toni Erdmann (2016),Drama,11347
159061,The Wailing (2016),Mystery|Thriller,11348
159093,Now You See Me 2 (2016),Action|Comedy|Thriller,11349
159161,Ali Wong: Baby Cobra (2016),(no genres listed),11350
159191,Julieta (2016),Drama,11351
159193,Café Society (2016),Comedy|Drama|Romance,11352
159195,"I, Daniel Blake (2016)",Drama,11353
159415,Swiss Army Man (2016),Comedy|Drama|Romance,11354
159441,The Do-Over (2016),Comedy,11355
159447,Before I Wake (2016),Horror|Thriller,11356
159451,Graduation (2016),Drama,11357
159690,Teenage Mutant Ninja Turtles: Out of the Shadows (2016),Action|Adventure|Comedy,11358
159717,The Fundamentals of Caring (2016),Drama,11359
159755,Popstar: Never Stop Never Stopping (2016),Comedy,11360
159811,The Bremen Town Musicians (1969),Animation|Drama|Fantasy,11361
159817,Planet Earth (2006),Documentary,11362
159819,Life (2009),Documentary,11363
159827,All the Way (2016),Drama,11364
159849,Bo Burnham: Make Happy (2016),Comedy,11365
159858,The Conjuring 2 (2016),Horror,11366
159917,Weiner (2016),Documentary,11367
159976,Pelé: Birth of a Legend (2016),Drama,11368
160020,The Witness (2016),Documentary,11369
160080,Ghostbusters (2016),Action|Comedy|Horror|Sci-Fi,11370
160209,The Resurrection of Jake the Snake (2015),Documentary,11371
160271,Central Intelligence (2016),Action|Comedy,11372
160289,O.J.: Made in America (2016),Documentary,11373
160400,Genius (2016),Drama,11374
160438,Jason Bourne (2016),Action,11375
160553,De Palma (2016),Documentary,11376
160559,Minimalism: A Documentary About the Important Things (2016),Documentary,11377
160563,The Legend of Tarzan (2016),Action|Adventure,11378
160565,The Purge: Election Year (2016),Action|Horror|Sci-Fi,11379
160567,Mike & Dave Need Wedding Dates (2016),Comedy,11380
160569,Ice Age: Collision Course (2016),Adventure|Animation|Children|Comedy,11381
160571,Lights Out (2016),Horror,11382
160573,Pete's Dragon (2016),Adventure|Children|Fantasy,11383
160644,Indignation (2016),Drama,11384
160656,Tallulah (2016),Drama,11385
160718,Piper (2016),Animation,11386
160848,The Red Turtle (2016),Animation,11387
160874,"Life, Animated (2016)",Animation|Documentary,11388
160876,The Innocents (2016),Drama,11389
160954,Nerve (2016),Drama|Thriller,11390
160980,Sully (2016),Drama,11391
160988,The Student (2016),Drama,11392
160990,It's Only the End of the World (2016),Drama,11393
161024,Jim Jefferies: Freedumb (2016),Comedy,11394
161032,The Grandmother (1970),Action|Drama,11395
161127,The Infiltrator (2016),Crime|Drama,11396
161131,War Dogs (2016),Comedy,11397
161240,Looking: The Movie (2016),Comedy|Drama|Romance,11398
161348,The Love Witch (2016),Drama|Horror|Thriller,11399
161354,Batman: The Killing Joke (2016),Action|Animation|Crime|Drama,11400
161580,Bad Moms (2016),Comedy,11401
161582,Hell or High Water (2016),Crime|Drama,11402
161594,Kingsglaive: Final Fantasy XV (2016),Action|Adventure|Animation|Drama|Fantasy|Sci-Fi,11403
161634,Don't Breathe (2016),Thriller,11404
161650,47 Meters Down (2016),Horror|Thriller,11405
161922,The Edge of Seventeen (2016),Comedy,11406
161954,Anthropoid (2016),War,11407
161956,Blood Father (2016),Action|Thriller,11408
161966,Elle (2016),Thriller,11409
162082,Train to Busan (2016),Action|Thriller,11410
162210,Lie Detector (2011),Comedy,11411
162322,Mechanic: Resurrection (2016),Action|Crime|Thriller,11412
162344,Tom Segura: Mostly Stories (2016),Comedy,11413
162350,The Magnificent Seven (2016),Action|Western,11414
162414,Moonlight,Drama,11415
162418,A Conspiracy of Faith (2016),Crime|Drama|Mystery|Thriller,11416
162478,Masterminds (2016),Action|Comedy|Crime,11417
162566,One More Time With Feeling (2016),(no genres listed),11418
162578,Kubo and the Two Strings (2016),Adventure|Animation|Children|Fantasy,11419
162590,Bridget Jones's Baby (2016),Comedy|Romance,11420
162592,The Light Between Oceans (2016),Drama,11421
162594,Morgan (2016),Sci-Fi|Thriller,11422
162596,Queen of Katwe (2016),Drama,11423
162598,Deepwater Horizon (2016),Drama,11424
162600,Miss Peregrine's Home for Peculiar Children (2016),Fantasy,11425
162602,The Girl on the Train (2016),Thriller,11426
162606,The Accountant (2016),Crime|Drama|Thriller,11427
162738,American Honey (2016),Comedy|Drama,11428
162828,Imperium (2016),Crime|Drama|Thriller,11429
162864,Louis C.K.: One Night Stand (2005),Comedy,11430
162882,I Am Not a Serial Killer (2016),Thriller,11431
162982,Steins;Gate the Movie: The Burden of Déjà vu (2013),Animation|Drama|Sci-Fi,11432
162990,PSYCHO-PASS: The Movie (2016),Action|Animation|Sci-Fi,11433
163056,Shin Godzilla (2016),Action|Adventure|Fantasy|Sci-Fi,11434
163066,Rabbit Seasoning (1952),Animation|Children|Comedy,11435
163072,Winnie Pooh (1969),Animation|Children,11436
163112,Winnie the Pooh Goes Visiting (1971),Animation,11437
163134,Your Name. (2016),Animation|Drama|Fantasy|Romance,11438
163136,Psiconautas (2015),Animation,11439
163386,Winnie the Pooh and the Day of Concern (1972),Animation,11440
163508,Certain Women (2016),Drama,11441
163510,The Happiest Day in the Life of Olli Mäki (2016),Drama,11442
163512,Aquarius (2016),Drama,11443
163585,David Lynch: The Art Life (2016),(no genres listed),11444
163645,Hacksaw Ridge (2016),Drama|War,11445
163663,Other People (2016),Drama,11446
163771,For the Love of Spock (2016),Documentary,11447
163809,Over the Garden Wall (2013),Adventure|Animation|Drama,11448
163909,Divines (2016),Drama,11449
163925,"Wings, Legs and Tails (1986)",Animation|Comedy,11450
163937,Blair Witch (2016),Horror|Thriller,11451
163949,The Beatles: Eight Days a Week - The Touring Years (2016),Documentary,11452
163955,The Promise (2016),Drama|Romance,11453
163959,Loving (2016),Drama,11454
163971,Christine (2016),Drama,11455
163985,ARQ (2016),Sci-Fi|Thriller,11456
164107,Tower (2016),Crime|Documentary,11457
164147,Behind the Planet of the Apes (1998),Documentary|Sci-Fi,11458
164163,Twitches (2005),Children|Comedy|Drama|Fantasy,11459
164175,A Monster Calls (2016),Drama|Fantasy,11460
164179,Arrival (2016),Sci-Fi,11461
164200,Storks (2016),Animation|Children|Comedy,11462
164204,After the Storm (2016),Children|Drama,11463
164260,Horace and Pete (2016),Comedy|Drama,11464
164280,Endless Poetry (2016),Drama|Fantasy,11465
164367,The Girl with All the Gifts (2016),Drama|Horror|Sci-Fi|Thriller,11466
164369,The Distinguished Citizen (2016),Comedy|Drama,11467
164411,My Life as a Courgette (2016),Animation|Children|Drama,11468
164540,Amanda Knox (2016),Documentary,11469
164655,Gimme Danger (2016),Documentary,11470
164821,Colossal (2016),Action|Sci-Fi|Thriller,11471
164899,Blue Jay (2016),Drama,11472
164909,La La Land (2016),Comedy|Drama|Romance,11473
164917,13th (2016),Documentary,11474
164921,Validation (2007),Comedy|Romance,11475
164931,The Siege of Jadotville (2016),Drama|Thriller,11476
164933,Collector (2016),Drama|Thriller,11477
164949,The Salesman (2016),Drama,11478
164981,Allied (2016),Action|Drama|Romance|Thriller|War,11479
165069,Baseball (1994),Documentary,11480
165087,Brimstone (2016),Mystery|Thriller|Western,11481
165101,Inferno (2016),Mystery|Thriller,11482
165103,Keeping Up with the Joneses (2016),Comedy,11483
165105,Ouija: Origin of Evil (2016),Horror|Thriller,11484
165141,Trolls (2016),Adventure|Animation|Children,11485
165239,Supersonic (2016),Documentary,11486
165337,Denial (2016),Drama,11487
165347,Jack Reacher: Never Go Back (2016),Action|Crime|Drama|Mystery|Thriller,11488
165421,The Red Pill (2016),Documentary,11489
165483,Joe Rogan: Triggered (2016),Comedy,11490
165491,Into the Inferno (2016),Documentary,11491
165503,Mr. Church (2016),Drama,11492
165527,Before the Flood (2016),Documentary,11493
165549,Manchester by the Sea (2016),Drama,11494
165551,Lion (2016),Drama,11495
165603,The Autopsy of Jane Doe (2016),Horror,11496
165639,While You Were Fighting: A Thor Mockumentary (2016),Comedy|Fantasy|Sci-Fi,11497
165641,Closet Monster (2016),Drama,11498
165937,Collateral Beauty (2016),Drama,11499
165947,The True Memoirs of an International Assassin (2016),Action|Comedy,11500
165959,Alesha Popovich and Tugarin the Dragon (2004),Animation|Comedy|Drama,11501
165961,Nikitich and The Dragon (2006),Adventure|Animation|Comedy|Drama|Fantasy,11502
165969,HyperNormalisation (2016),Documentary,11503
166024,Whiplash (2013),(no genres listed),11504
166149,A United Kingdom (2016),Drama,11505
166183,Junior and Karlson (1968),Adventure|Animation|Children,11506
166291,A Silent Voice (2016),Animation|Drama|Romance,11507
166369,Sour Grapes (2016),Documentary,11508
166461,Moana (2016),Adventure|Animation|Children|Comedy|Fantasy,11509
166486,Jackie (2016),Drama,11510
166492,Office Christmas Party (2016),Comedy,11511
166526,The Space Between Us (2016),Adventure|Sci-Fi,11512
166528,Rogue One: A Star Wars Story (2016),Action|Adventure|Fantasy|Sci-Fi,11513
166532,Live by Night (2017),Crime|Drama,11514
166534,Split (2017),Drama|Horror|Thriller,11515
166558,Underworld: Blood Wars (2016),Action|Horror,11516
166568,Miss Sloane (2016),Thriller,11517
166635,Passengers (2016),Adventure|Drama|Romance|Sci-Fi,11518
166643,Hidden Figures (2016),Drama,11519
166655,Hell House LLC (2015),Horror|Thriller,11520
166705,Fences (2016),Drama,11521
166721,Bleed for This (2016),Drama,11522
166788,20th Century Women (2016),Drama,11523
166918,The Great Wall (2016),Action|Adventure|Thriller,11524
166940,This Beautiful Fantastic (2016),Drama,11525
166946,The Founder (2016),Drama,11526
167018,Why Him? (2016),Comedy,11527
167036,Sing (2016),Animation|Children|Comedy,11528
167038,Dear Zindagi (2016),Drama|Romance,11529
167064,I Am Not Your Negro (2017),Documentary,11530
167234,Life+1 Day (2016),Drama|Thriller,11531
167248,Kedi (2016),(no genres listed),11532
167370,Assassin's Creed (2016),Action|Adventure|Sci-Fi,11533
167380,A Dog's Purpose (2017),Comedy|Drama,11534
167392,Dangal (2016),Drama,11535
167470,George Carlin: Complaints & Grievances (2001),Comedy|Documentary,11536
167544,Patriots Day (2016),Drama|Thriller,11537
167546,Gold (2016),Drama,11538
167564,The Little Hours (2017),Comedy,11539
167570,The OA,(no genres listed),11540
167620,Leap! (2016),Animation|Children|Comedy,11541
167634,Fist Fight (2017),Comedy,11542
167640,A Cure for Wellness (2017),Drama|Horror|Mystery|Thriller,11543
167732,A Street Cat Named Bob (2016),Comedy|Drama,11544
167738,xXx: Return of Xander Cage (2017),Action|Adventure|Crime|Thriller,11545
167746,The Lego Batman Movie (2017),Action|Animation|Comedy,11546
167792,"What's Opera, Doc? (1957)",Animation|Children|Comedy,11547
167794,Frantz (2016),Drama,11548
167832,The Invisible Guest (2016),Thriller,11549
168026,Marvel One-Shot: Agent Carter (2013),Action|Adventure|Fantasy|Sci-Fi,11550
168090,Kizumonogatari II: Passionate Blood (2016),Animation|Fantasy|Mystery,11551
168122,Raw (2017),Drama,11552
168248,John Wick: Chapter Two (2017),Action|Crime|Thriller,11553
168250,Get Out (2017),Horror,11554
168252,Logan (2017),Action|Sci-Fi,11555
168254,Kong: Skull Island (2017),Action|Adventure|Fantasy,11556
168266,T2: Trainspotting (2017),Crime|Drama,11557
168286,Before I Fall (2017),Drama,11558
168288,The Belko Experiment (2017),Action|Horror|Thriller,11559
168326,The Big Sick (2017),Comedy|Romance,11560
168328,Ingrid Goes West (2017),Comedy|Drama,11561
168330,I Don't Feel at Home in This World Anymore (2017),Crime|Drama,11562
168344,King Arthur: Legend of the Sword (2017),Action|Adventure|Drama|Fantasy,11563
168366,Beauty and the Beast (2017),Fantasy|Romance,11564
168418,The Boss Baby (2017),Animation|Children|Comedy,11565
168420,Justice League Dark (2017),Action|Animation|Fantasy|Horror,11566
168492,Call Me by Your Name (2017),Drama|Romance,11567
168498,Resident Evil: The Final Chapter (2017),Action|Horror|Sci-Fi,11568
168554,iBoy (2017),Action|Crime|Sci-Fi|Thriller,11569
168608,Mudbound (2017),Drama,11570
168610,A Ghost Story (2017),Drama,11571
168612,Ghost in the Shell (2017),Action|Drama|Sci-Fi,11572
168632,Bill Burr: Walk Your Way Out (2017),Comedy,11573
168712,Fifty Shades Darker (2017),Drama|Romance,11574
168806,The Other Side Of Hope (2017),(no genres listed),11575
168846,Neal Brennan: 3 Mics (2017),Comedy,11576
168910,Come Together (2016),Children|Comedy|Drama,11577
169164,Song to Song (2017),Drama,11578
169166,To the Bone (2017),Drama,11579
169218,God's Own Country (2017),Drama|Romance,11580
169220,A Fantastic Woman (2017),Drama,11581
169252,Everything Will Be OK (2006),Animation|Drama,11582
169400,Gantz: O (2016),Action|Animation|Horror|Sci-Fi,11583
169656,The Glass Castle,Drama,11584
169670,The Void (2016),Horror,11585
169756,Their Finest (2017),Comedy|Drama|Romance|War,11586
169760,Lady Macbeth (2017),Drama,11587
169764,Personal Shopper (2016),Drama|Thriller,11588
169842,The Shack (2017),Drama|Fantasy,11589
169864,Life (2017),Horror|Sci-Fi|Thriller,11590
169900,The Lost City of Z (2017),Action|Adventure|Drama,11591
169906,The Night Of (2016),Crime|Drama,11592
169948,Tomorrow Everything Starts (2016),Comedy|Drama,11593
169982,Power Rangers (2017),Action|Adventure|Sci-Fi,11594
169984,Alien: Covenant (2017),Action|Horror|Sci-Fi|Thriller,11595
169992,Free Fire (2017),Action|Crime|Drama,11596
170151,The Party (2017),Comedy,11597
170213,Wallace & Gromit's Cracking Contraptions (2002),Animation|Comedy,11598
170263,Trevor Noah: Afraid of the Dark (2017),Comedy,11599
170355,Mulholland Dr. (1999),Drama|Mystery|Romance,11600
170357,Dave Chappelle: The Age of Spin (2017),Comedy,11601
170393,The Last Word (2017),Comedy,11602
170399,CHiPS (2017),Action|Comedy|Drama,11603
170401,Table 19 (2017),Comedy|Drama,11604
170403,Going in Style (2017),Comedy,11605
170411,Dave Chappelle: Deep in the Heart of Texas (2017),Comedy,11606
170555,The Bar (2017),Comedy|Thriller,11607
170591,DMB (2000),Comedy,11608
170597,A Plasticine Crow (1981),Animation,11609
170629,The Discovery (2017),Drama|Romance|Sci-Fi,11610
170635,Rejected (2000),Animation,11611
170645,The Zookeeper's Wife (2017),Drama,11612
170697,Gifted (2017),Drama,11613
170705,Band of Brothers (2001),Action|Drama|War,11614
170729,Louis C.K. 2017 (2017),Comedy,11615
170745,13 reasons why,(no genres listed),11616
170777,There Once Was a Dog (1982),Animation|Children|Comedy,11617
170787,"Everything, Everything (2017)",Drama|Romance,11618
170799,Twin Peaks: The Missing Pieces (2014),Crime|Drama|Thriller,11619
170809,The Spacewalker (2017),Drama,11620
170813,Baywatch (2017),Action|Comedy,11621
170827,The Mummy (2017),Action|Adventure|Fantasy|Horror|Thriller,11622
170875,The Fate of the Furious (2017),Action|Crime|Drama|Thriller,11623
170907,Betting on Zero (2016),Documentary,11624
170939,Captain Underpants: The First Epic Movie (2017),Action|Animation|Children|Comedy,11625
170945,It Comes at Night (2017),Horror|Mystery|Thriller,11626
170947,Megan Leavey (2017),Adventure|Drama|War,11627
170957,Cars 3 (2017),Adventure|Animation|Comedy,11628
170959,Maudie (2017),Drama|Romance,11629
171007,The Book of Henry (2017),Drama,11630
171011,Planet Earth II (2016),Documentary,11631
171013,In This Corner of the World (2016),Animation|Drama,11632
171141,Handsome Devil (2016),Drama,11633
171253,Brigsby Bear (2017),Comedy,11634
171439,A Dark Song (2017),Drama|Horror,11635
171491,Unlocked (2017),Action|Thriller,11636
171495,Cosmos,(no genres listed),11637
171541,Down House (2001),Comedy|Crime|Drama,11638
171583,Super Dark Times (2017),Drama|Thriller,11639
171603,Kill the Dragon (1988),Drama|Fantasy,11640
171611,Baahubali 2: The Conclusion (2017),Action|Adventure|War,11641
171647,Pink Floyd: Live at Pompeii (1972),Documentary,11642
171705,Den radio (2001),(no genres listed),11643
171749,Death Note: Desu nôto (2006–2007),(no genres listed),11644
171751,Munna bhai M.B.B.S. (2003),Comedy,11645
171759,The Beguiled (2017),Drama|Thriller|Western,11646
171763,Baby Driver (2017),Action|Crime|Thriller,11647
171765,Okja (2017),Action|Adventure|Drama|Sci-Fi,11648
171867,Rough Night (2017),Comedy|Drama,11649
172009,Loveless (2017),Drama,11650
172255,The Matrix Revisited (2001),Documentary,11651
172461,Get Me Roger Stone (2017),Documentary,11652
172511,Payback: Straight Up (2006),Action|Crime|Drama,11653
172547,Despicable Me 3 (2017),Adventure|Animation|Children|Comedy,11654
172577,Last Year's Snow Was Falling (1983),Animation|Children|Comedy|Fantasy,11655
172583,Investigation Held by Kolobki (1986),Animation,11656
172585,Karlson Returns (1970),Adventure|Animation|Children,11657
172587,Vacations in Prostokvashino (1980),Animation,11658
172589,Winter in Prostokvashino (1984),Animation,11659
172637,Priklyucheniya Kapitana Vrungelya (1979),Action|Adventure|Animation|Comedy,11660
172667,First They Killed My Father (2017),Drama,11661
172671,The Rifleman of the Voroshilov Regiment (1999),Action|Crime|Drama,11662
172699,Mommy Dead and Dearest (2017),Documentary,11663
172743,Somnio (2016),(no genres listed),11664
172793,Vovka in the Kingdom of Far Far Away (1965),Adventure|Animation|Children|Fantasy,11665
172813,The Wizard of Lies (2017),Drama,11666
172825,Adventures of Mowgli: The Kidnapping (1968),Adventure|Animation|Children,11667
172877,Beyond (2003),Animation|Sci-Fi,11668
172879,World Record (2003),Animation|Sci-Fi,11669
172881,Final Flight of the Osiris (2003),Action|Animation|Sci-Fi,11670
172887,Kid's Story (2003),Animation|Sci-Fi,11671
172889,Program (2003),Animation|Sci-Fi,11672
172909,Cheburashka (1971),Animation,11673
173007,Blame! (2017),Action|Animation|Drama|Horror|Sci-Fi,11674
173139,The Bad Batch (2017),Horror|Romance|Thriller,11675
173145,War for the Planet of the Apes (2017),Action|Adventure|Drama|Sci-Fi,11676
173161,Kidnap (2017),Drama|Thriller,11677
173197,The Square (2017),Drama,11678
173203,How to Talk to Girls at Parties (2017),Comedy|Romance|Sci-Fi,11679
173205,The Meyerowitz Stories (2017),Comedy,11680
173209,War Machine (2017),Comedy|Drama|War,11681
173291,Valerian and the City of a Thousand Planets (2017),Action|Adventure|Sci-Fi,11682
173351,Wow! A Talking Fish! (1983),Animation|Children|Comedy|Fantasy,11683
173355,Travels of an Ant (1983),Animation,11684
173369,You Were Never Really Here (2017),Drama,11685
173429,Hasan Minhaj: Homecoming King (2017),Comedy,11686
173467,Sarah Silverman: A Speck of Dust (2017),Comedy,11687
173535,The Adventures of Sherlock Holmes and Doctor Watson: The Hunt for the Tiger (1980),(no genres listed),11688
173687,Three Plus Two (1963),Comedy|Romance,11689
173735,The Farthest (2017),Documentary,11690
173817,Он вам не Димон (2017),Documentary|Mystery,11691
173925,Seven Sisters (2017),Sci-Fi|Thriller,11692
173939,On Body and Soul (2017),Drama|Romance,11693
173941,Atomic Blonde (2017),Thriller,11694
173955,Bully for Bugs (1953),Animation,11695
174017,The Exception (2017),Drama,11696
174055,Dunkirk (2017),Action|Drama|Thriller|War,11697
174141,Belladonna of Sadness (1973),Animation|Drama|Fantasy,11698
174181,The Keepers (2017),Crime|Documentary|Drama,11699
174395,Better Watch Out (2016),Thriller,11700
174423,Rakka (2017),Action|Sci-Fi,11701
174487,"Don't Hug Me, I'm Scared (2011)",Animation|Fantasy|Horror,11702
174489,"Don't Hug Me, I'm Scared II: Time (2014)",Horror,11703
174491,Don't Hug Me I'm Scared 5 (2015),Horror,11704
174551,Obsession (1965),Comedy,11705
174585,Transformers: The Last Knight (2017),Action|Adventure|Sci-Fi|Thriller,11706
174681,"Oh, Hello: On Broadway (2017)",Comedy,11707
174703,I Am So Proud of You (2008),Action|Animation|Sci-Fi|Thriller,11708
174727,Good Time (2017),Crime|Drama,11709
174815,The House (2017),Comedy,11710
174859,120 Beats Per Minute (2017),(no genres listed),11711
174909,Logan Lucky (2017),Comedy,11712
175143,Chasing Coral (2017),Documentary,11713
175165,What the Health (2017),Documentary,11714
175197,The Dark Tower (2017),Fantasy|Horror|Sci-Fi|Western,11715
175199,Annabelle: Creation (2017),Horror,11716
175277,"Faces, Places (2017)",Documentary,11717
175281,Tour De Pharmacy (2017),Comedy,11718
175293,Gena the Crocodile (1969),Animation|Children,11719
175303,It (2017),Horror,11720
175387,On the Trail of the Bremen Town Musicians (1973),Adventure|Animation|Children,11721
175397,"In the blue sea, in the white foam. (1984)",Animation|Children|Fantasy,11722
175431,Bobik Visiting Barbos (1977),Animation|Comedy,11723
175485,Death Note (2017),Horror|Thriller,11724
175569,Wind River (2017),Action|Crime|Mystery|Thriller,11725
175585,Shot Caller (2017),Action|Crime|Drama|Thriller,11726
175655,Girls Trip (2017),Comedy,11727
175659,Detroit (2017),Crime|Drama|Thriller,11728
175661,The Hitman's Bodyguard (2017),Action|Comedy,11729
175667,Columbus (2017),Drama,11730
175693,Rick and Morty: State of Georgia Vs. Denver Fenton Allen (2016),Comedy|Crime,11731
175791,LA 92 (2017),Documentary,11732
175795,Descendants 2 (2017),Action|Adventure|Children|Comedy,11733
175809,Jungle (2017),Action|Adventure|Drama,11734
175813,Force Majeure (2014),Comedy|Drama,11735
175981,Twelve Angry Men (1954),Drama,11736
176101,Kingsman: The Golden Circle (2017),Action|Adventure|Comedy,11737
176103,The LEGO Ninjago Movie (2017),Action|Animation|Comedy,11738
176105,Flatliners (2017),Drama|Horror|Sci-Fi,11739
176211,In a Heartbeat (2017),Animation|Romance,11740
176349,Bad Genius (2017),Thriller,11741
176355,The Mountain Between Us (2017),Action|Adventure|Drama,11742
176371,Blade Runner 2049 (2017),Sci-Fi,11743
176419,Mother! (2017),Drama|Horror|Mystery|Thriller,11744
176423,Icarus (2017),Documentary,11745
176487,Marjorie Prime (2017),Comedy|Drama|Mystery|Sci-Fi,11746
176523,Goodbye Christopher Robin (2017),Children,11747
176567,The Endless (2017),Horror|Sci-Fi|Thriller,11748
176601,Black Mirror,(no genres listed),11749
176603,The Snowman (2017),Crime|Thriller,11750
176751,American Made (2017),Crime|Thriller,11751
176801,Suspiria (2017),Horror|Thriller,11752
176887,Murder on the Orient Express (2010),Crime|Mystery,11753
176921,The Villainess (2017),Action|Drama,11754
176929,Happy Death Day (2017),Horror|Mystery|Thriller,11755
176933,The Foreigner (2017),Action|Thriller,11756
176935,Geostorm (2017),Action,11757
176937,Jigsaw (2017),Horror|Thriller,11758
177123,Wonderstruck (2017),Drama,11759
177225,Home Again (2017),Comedy|Drama,11760
177231,Brad's Status (2017),Comedy,11761
177237,Battle of the Sexes (2017),Comedy,11762
177239,Stronger (2017),Drama,11763
177243,Marshall (2017),Drama,11764
177287,Little Evil (2017),Comedy|Horror,11765
177497,Hostiles (2017),Adventure|Drama|Western,11766
177593,"Three Billboards Outside Ebbing, Missouri (2017)",Crime|Drama,11767
177607,American Assassin (2017),Action|Thriller,11768
177615,Lady Bird (2017),Comedy,11769
177651,The Florida Project (2017),Drama,11770
177689,The Killing of a Sacred Deer (2017),Drama|Horror|Mystery|Thriller,11771
177737,Memoir of a Murderer (2017),Crime|Thriller,11772
177763,Murder on the Orient Express (2017),Crime|Drama|Mystery,11773
177765,Coco (2017),Adventure|Animation|Children,11774
177771,Suburbicon (2017),Comedy|Crime|Mystery,11775
177787,Chappaquiddick (2017),Drama|Thriller,11776
177867,Borg vs McEnroe (2017),Drama,11777
177871,Victoria & Abdul (2017),Drama,11778
177939,"The Night Is Short, Walk on Girl (2017)",Animation|Romance,11779
177951,Happy! (2017),Fantasy,11780
178061,"I, Tonya (2017)",Drama,11781
178335,Thelma (2017),Fantasy|Romance|Thriller,11782
178401,Lucky (2017),Drama,11783
178509,Our Souls at Night (2017),Drama,11784
178521,The Babysitter (2017),Horror,11785
178523,1922 (2017),Crime|Drama|Mystery,11786
178613,Dave Chappelle: Killin' Them Softly (2000),Comedy,11787
178667,Gerald's Game (2017),Horror|Thriller,11788
178827,Paddington 2 (2017),Adventure|Animation|Children|Comedy,11789
178839,Crooked House (2017),Mystery,11790
178907,Blade Runner: Black Out 2022 (2017),Action|Animation|Sci-Fi,11791
179085,The Ritual (2017),Horror,11792
179119,The Death of Stalin (2017),Comedy,11793
179133,Loving Vincent (2017),Animation|Crime|Drama,11794
179135,Blue Planet II (2017),Documentary,11795
179137,Professor Marston & the Wonder Women (2017),(no genres listed),11796
179173,Rabbit of Seville (1950),Animation|Comedy,11797
179221,Brawl in Cell Block 99 (2017),Action|Crime|Thriller,11798
179247,Revenge (2017),Action|Thriller,11799
179287,Breathe (2017),Drama,11800
179301,Salyut 7 (2017),(no genres listed),11801
179331,Only the Brave (2017),Drama,11802
179333,Veronica (2017),Horror,11803
179345,Arrhythmia (2017),Drama,11804
179401,Jumanji: Welcome to the Jungle (2017),Action|Adventure|Children,11805
179409,OtherLife (2017),Crime|Mystery|Sci-Fi,11806
179417,Patton Oswalt: Annihilation (2017),Comedy,11807
179451,Saturday Night Live: The Best of Will Ferrell (2002),Comedy,11808
179749,Creep 2 (2017),Comedy|Horror,11809
179761,Treasure Island (1988),Adventure|Animation|Comedy,11810
179779,A Taxi Driver (2017),Action|Drama,11811
179811,Last Flag Flying (2017),Comedy|Drama,11812
179815,"Roman J. Israel, Esq. (2017)",Drama|Thriller,11813
179817,Darkest Hour (2017),Drama|War,11814
179819,Star Wars: The Last Jedi (2017),Action|Adventure|Fantasy|Sci-Fi,11815
179863,Radius (2017),Sci-Fi|Thriller,11816
179881,Downsizing (2017),Comedy|Drama|Sci-Fi,11817
179925,The Unknown Soldier (2017),Drama|War,11818
179953,A Bad Moms Christmas (2017),Comedy,11819
179977,In the Fade (2017),Drama,11820
180031,The Shape of Water (2017),Adventure|Drama|Fantasy,11821
180045,Molly's Game (2017),Drama,11822
180095,Wonder (2017),Drama,11823
180231,Daddy's Home 2 (2017),Comedy|Drama,11824
180265,Jim & Andy: The Great Beyond (2017),Documentary,11825
180297,The Disaster Artist (2017),Comedy|Drama,11826
180497,The Post (2017),Drama|Thriller,11827
180587,The Wife (2017),Drama,11828
180985,The Greatest Showman (2017),Drama,11829
180987,Ferdinand (2017),Animation|Children|Comedy,11830
181075,The Man Who Invented Christmas (2017),Drama,11831
181217,Doctor Who: The Return Of Doctor Mysterio (2016),Adventure|Children|Drama|Sci-Fi,11832
181267,Perfectos desconocidos (2017),Comedy|Drama,11833
181315,Phantom Thread (2017),Drama|Romance,11834
181357,Robot Chicken: Star Wars Episode III (2010),Comedy|Sci-Fi,11835
181671,The Breadwinner (2017),Animation|Drama|War,11836
181751,Lagaan: Once Upon a Time in India (2001),Adventure|Drama|Romance,11837
182479,Mary and the Witch's Flower (2017),Adventure|Animation,11838
182557,Psych: The Movie (2017),Children|Comedy|Crime,11839
182615,The Landlord (2007),(no genres listed),11840
182637,The Second Renaissance Part I (2003),Animation|Sci-Fi,11841
182715,Annihilation (2018),Adventure|Mystery|Sci-Fi|Thriller,11842
182723,Cosmos: A Spacetime Odissey,(no genres listed),11843
182783,The Insult (2017),Drama,11844
182823,Bright (2017),Action|Crime|Fantasy,11845
182825,All the Money in the World (2017),Crime|Drama|Mystery|Thriller,11846
182853,"How Viktor ""The Garlic"" Took Alexey ""The Stud"" to the Nursing Home (2017)",Drama,11847
183011,The Commuter (2018),Crime|Drama|Mystery|Thriller,11848
183087,Going Vertical (2017),Drama,11849
183155,Lean on Pete (2018),Adventure|Drama,11850
183197,Dave Chappelle: Equanimity (2017),Comedy,11851
183227,Dave Chappelle: The Bird Revelation (2017),Comedy,11852
183295,Insidious: The Last Key (2018),Horror|Mystery|Thriller,11853
183309,Every Day (2018),Children|Drama|Fantasy|Romance,11854
183421,Red Sparrow (2018),Thriller,11855
183423,AlphaGo (2017),Documentary,11856
183437,World of Tomorrow Episode Two: The Burden of Other People's Thoughts (2017),Animation|Sci-Fi,11857
183461,Godless (2017),Crime|Drama|Western,11858
183589,Fifty Shades Freed (2018),Drama|Romance,11859
183597,Please Stand By (2017),Comedy|Drama,11860
183611,Game Night (2018),Action|Comedy|Crime|Horror,11861
183613,Thoroughbreds (2018),Drama|Thriller,11862
183619,Den of Thieves (2018),Crime,11863
183635,Maze Runner: The Death Cure (2018),Action|Mystery|Sci-Fi|Thriller,11864
183671,Spielberg (2017),Documentary,11865
183701,12 Strong (2018),Drama|War,11866
183837,The Favourite,Drama,11867
183843,Mandy (2018),Action|Fantasy|Horror,11868
183869,Hereditary (2018),(no genres listed),11869
183897,Isle of Dogs (2018),Animation|Comedy,11870
183909,A Futile & Stupid Gesture (2018),(no genres listed),11871
183915,Batman: Gotham by Gaslight (2018),Action|Animation|Sci-Fi|Thriller,11872
184015,When We First Met (2018),Comedy,11873
184017,Mute (2018),Mystery|Sci-Fi|Thriller,11874
184023,Unsane (2018),Drama|Horror,11875
184239,Peter Rabbit (2018),Animation,11876
184253,The Cloverfield Paradox (2018),Horror|Mystery|Sci-Fi|Thriller,11877
184257,Making a Murderer (2015),Crime|Documentary,11878
184353,Bomb City (2017),Action|Crime|Drama|Thriller|Western,11879
184399,Eighth Grade (2018),(no genres listed),11880
184471,Tomb Raider (2018),Action|Adventure|Fantasy,11881
184721,First Reformed (2017),Drama|Thriller,11882
184931,Death Wish (2018),Action|Crime|Drama|Thriller,11883
184997,"Love, Simon (2018)",Comedy|Drama,11884
184999,Overboard (2018),Comedy|Romance,11885
185001,I Feel Pretty (2018),Comedy,11886
185013,The Place (2017),Comedy|Drama,11887
185029,A Quiet Place (2018),Drama|Horror|Thriller,11888
185031,Alpha (2018),Adventure|Thriller,11889
185033,I Kill Giants (2018),Drama|Fantasy|Thriller,11890
185109,Disobedience (2018),Drama|Romance,11891
185319,Prospect (2018),Sci-Fi|Western,11892
185385,Midnight Sun (2018),Drama|Romance,11893
185443,Ricky Gervais: Humanity (2018),Comedy,11894
185473,Blockers (2018),Comedy,11895
185571,I Can Only Imagine (2018),Children|Drama,11896
185585,Pacific Rim: Uprising (2018),Action|Fantasy|Sci-Fi,11897
185927,Wild Wild Country (2018),Documentary,11898
185979,Ghost Stories (2018),Drama|Horror,11899
185987,The Rider (2018),Drama,11900
185989,Truth or Dare (2018),Horror|Thriller,11901
185997,Life of the Party (2018),Comedy,11902
186311,The Guernsey Literary and Potato Peel Pie Society (2018),Drama|Romance,11903
186587,Rampage (2018),Action|Adventure|Sci-Fi,11904
186631,Everybody Knows (2018),Drama,11905
186863,Beirut (2018),Action|Thriller,11906
186953,Hearts Beat Loud (2018),Drama,11907
186983,Three Identical Strangers (2018),Documentary,11908
187023,Andre the Giant (2018),Documentary,11909
187031,Jurassic World: Fallen Kingdom (2018),Action|Adventure|Drama|Sci-Fi|Thriller,11910
187067,Super Troopers 2 (2018),Comedy,11911
187231,American Animals (2018),Crime|Drama,11912
187501,Leave No Trace (2018),Drama,11913
187505,Tully (2018),Comedy,11914
187531,John Mulaney: Kid Gorgeous at Radio City (2018),Comedy,11915
187541,Incredibles 2 (2018),Action|Adventure|Animation|Children,11916
187593,Deadpool 2 (2018),Action|Comedy|Sci-Fi,11917
187595,Solo: A Star Wars Story (2018),Action|Adventure|Children|Sci-Fi,11918
187601,Anon (2018),Sci-Fi|Thriller,11919
187611,Adrift (2018),Drama,11920
187613,The Kissing Booth (2018),Comedy|Romance,11921
187717,Won't You Be My Neighbor? (2018),Documentary,11922
187723,Set It Up (2018),Comedy|Romance,11923
187815,RBG (2018),Documentary,11924
188189,Sorry to Bother You (2018),Comedy|Fantasy|Sci-Fi,11925
188207,Cold War (2018),Drama,11926
188301,Ant-Man and the Wasp (2018),Action|Adventure|Comedy|Fantasy|Sci-Fi,11927
188303,The First Purge (2018),Action|Horror|Sci-Fi|Thriller,11928
188305,"Don't Worry, He Won't Get Far on Foot (2018)",Comedy|Drama,11929
188307,Hotel Transylvania 3: Summer Vacation (2018),Animation|Children|Comedy|Fantasy,11930
188309,Skyscraper (2018),Action|Drama|Thriller,11931
188477,Ali Wong: Hard Knock Wife (2018),Comedy,11932
188541,Cargo (2017),Drama|Horror,11933
188623,Burning (2018),Drama|Mystery,11934
188625,Evil Genius: The True Story of America's Most Diabolical Bank Heist (2018),Crime|Documentary,11935
188675,Dogman (2018),Crime|Drama,11936
188697,Happy as Lazzaro (2018),Drama,11937
188749,The Equalizer 2 (2018),Action|Crime|Thriller,11938
188751,Mamma Mia: Here We Go Again! (2018),Comedy|Romance,11939
188773,Shoplifters (2018),Drama,11940
188797,Tag (2018),Comedy,11941
188829,Capernaum (2018),Drama,11942
188833,The Man Who Killed Don Quixote (2018),Adventure|Comedy|Fantasy,11943
188941,Under the Silver Lake (2018),Comedy|Crime|Drama|Mystery|Thriller,11944
189041,Sicario: Day of the Soldado (2018),Action|Crime|Drama|Thriller,11945
189071,The Tale (2018),Drama,11946
189203,Upgrade (2018),Action|Comedy|Horror|Sci-Fi|Thriller,11947
189241,Hotel Artemis (2018),Sci-Fi|Thriller,11948
189331,The Spy Who Dumped Me (2018),Action|Comedy,11949
189333,Mission: Impossible - Fallout (2018),Action|Adventure|Thriller,11950
189363,Ocean's 8 (2018),Action|Comedy|Crime|Thriller,11951
189475,The Miseducation of Cameron Post (2018),Drama,11952
189567,Alex Strangelove (2018),Comedy,11953
189577,Tau,Sci-Fi|Thriller,11954
189713,BlacKkKlansman (2018),Comedy|Crime|Drama,11955
189783,Christopher Robin (2018),Adventure|Animation|Comedy,11956
189805,Papillon (2018),Drama,11957
189873,Bao (2018),Animation,11958
189885,The Guilty (2018),Thriller,11959
189889,Shirkers (2018),Documentary,11960
190017,The Death of Superman,Action|Animation|Drama|Sci-Fi,11961
190077,The Wild Pear Tree (2018),Drama,11962
190089,Hannah Gadsby: Nanette (2018),Comedy,11963
190183,The Darkest Minds (2018),Sci-Fi|Thriller,11964
190305,A Prayer Before Dawn (2018),Action|Crime|Drama,11965
190349,"Juliet, Naked (2018)",Comedy|Drama,11966
190401,Calibre (2018),Thriller,11967
190551,Blindspotting (2018),Comedy|Drama,11968
190555,Searching (2018),Drama,11969
190741,Summer of 84 (2018),Drama|Horror|Mystery|Thriller,11970
190939,A Simple Favor (2018),Crime|Mystery|Thriller,11971
190947,Mary Queen of Scots (2018),Drama,11972
190949,Sierra Burgess Is a Loser (2018),(no genres listed),11973
191351,To All the Boys I've Loved Before (2018),Comedy|Romance,11974
191367,The Predator (2018),Action|Adventure|Horror|Sci-Fi,11975
191459,The Sisters Brothers (2018),Western,11976
191469,Robin Hood (2018),Adventure,11977
191479,Smallfoot (2018),Animation|Comedy,11978
191483,The Nun (2018),Horror|Mystery|Thriller,11979
191489,Peppermint (2018),Action|Crime|Thriller,11980
191799,Extinction (2018),Sci-Fi,11981
191869,The Old Man and the Gun (2018),(no genres listed),11982
191997,The Hounds of Baskerville (2012),Crime|Drama|Mystery,11983
192045,If Beale Street Could Talk (2018),Drama|Romance,11984
192109,Minding the Gap (2018),Documentary,11985
192245,Bad Times at the El Royale (2018),Horror|Thriller,11986
192283,Crazy Rich Asians (2018),Comedy,11987
192285,Birds of Passage (2018),Crime|Drama,11988
192307,The Meg (2018),Action|Horror|Sci-Fi|Thriller,11989
192319,Operation Finale (2018),Drama,11990
192339,The Sign of Three,(no genres listed),11991
192357,Colette (2018),Drama,11992
192379,First Man (2018),Drama,11993
192381,Apostle (2018),Horror|Thriller,11994
192383,Beautiful Boy (2018),Drama,11995
192385,A Star Is Born (2018),Drama|Romance,11996
192389,Venom (2018),Action|Horror|Sci-Fi|Thriller,11997
192503,Thunder Road (2018),Comedy|Drama,11998
192551,Mile 22 (2018),Action,11999
192559,The House with a Clock in Its Walls (2018),Children|Fantasy|Horror|Mystery|Sci-Fi|Thriller,12000
192561,Hold the Dark (2018),Thriller,12001
192579,Johnny English Strikes Again (2018),Action|Adventure|Children|Comedy,12002
192697,Destination Wedding (2018),Comedy|Drama|Romance,12003
192803,Bohemian Rhapsody (2018),Drama,12004
192997,Border (2018),Fantasy|Thriller,12005
193041,One Cut of the Dead (2017),Comedy|Horror,12006
193065,Roma (2018),Drama,12007
193147,The House That Jack Built (2018),Drama|Horror|Thriller,12008
193175,Mowgli (2018),Adventure|Drama,12009
193185,Fahrenheit 11/9 (2018),Documentary,12010
193449,Mid90s (2018),Comedy|Drama,12011
193477,Outlaw King (2018),Action|Drama|War,12012
193589,Boy Erased (2018),Drama,12013
193599,Climax (2018),Drama|Horror,12014
193697,High Life (2018),Drama|Horror|Mystery|Sci-Fi,12015
193900,22 July (2018),Drama,12016
193916,Mirai (2018),Animation|Fantasy,12017
193942,Instant Family (2018),Comedy,12018
193944,The Ballad of Buster Scruggs (2018),Comedy|Drama|Western,12019
193950,Free Solo (2018),Documentary,12020
193952,Hunter Killer (2018),Action,12021
193956,The Grinch (2018),Animation|Children|Comedy,12022
193958,Creed II (2018),Drama,12023
193960,Wildlife (2018),Drama,12024
194004,Halloween (2018),Horror,12025
194016,Ralph Breaks the Internet (2018),Animation|Children,12026
194052,At Eternity's Gate (2018),Drama,12027
194074,The Hate U Give (2018),Crime|Drama,12028
194312,Private Life (2018),Comedy|Drama,12029
194348,Can You Ever Forgive Me? (2018),Comedy|Crime|Drama,12030
194396,Overlord (2018),Action|Horror|Sci-Fi|Thriller|War,12031
194400,Widows (2018),Crime|Drama|Thriller,12032
194448,Green Book (2018),Comedy|Drama,12033
194638,The Kindergarten Teacher (2018),Drama,12034
194664,They Shall Not Grow Old (2018),Documentary|War,12035
194696,Andhadhun (2018),Mystery|Romance|Thriller,12036
194947,Cam (2018),Horror|Thriller,12037
194951,Bird Box (2018),Drama|Sci-Fi|Thriller,12038
195159,Spider-Man: Into the Spider-Verse (2018),Action|Adventure|Animation|Sci-Fi,12039
195161,Mary Poppins Returns (2018),Children|Fantasy,12040
195163,Bumblebee (2018),Action|Adventure|Sci-Fi,12041
195167,On the Basis of Sex (2018),Drama,12042
195295,Dragged Across Concrete (2018),Action|Crime|Drama|Thriller,12043
195305,Stan & Ollie (2018),Comedy|Drama,12044
195497,Vice (2018),Comedy|Drama,12045
195733,Trevor Noah: Son of Patricia (2018),Comedy,12046
195777,Mortal Engines (2018),Sci-Fi,12047
195823,The Christmas Chronicles (2018),Adventure|Children|Comedy|Fantasy,12048
195849,Dumplin' (2018),Comedy|Drama,12049
195921,The Mule (2018),Crime|Drama|Thriller,12050
196067,The Dawn Wall (2018),Adventure|Documentary,12051
196223,Hellboy (2019),Action|Adventure|Fantasy,12052
196417,How to Train Your Dragon: The Hidden World (2019),Adventure|Animation|Children,12053
196889,Glass (2019),Drama|Horror|Mystery|Sci-Fi|Thriller,12054
196891,The Lego Movie 2: The Second Part (2019),Action|Adventure|Animation|Children|Comedy,12055
196893,Cold Pursuit (2019),Action|Drama|Thriller,12056
196937,Dragon Ball Super: Broly (2018),Action|Animation|Sci-Fi,12057
196997,Black Mirror: Bandersnatch (2018),Drama|Mystery|Sci-Fi|Thriller,12058
197175,Alita: Battle Angel (2019),Action|Romance|Sci-Fi|Thriller,12059
197199,Isn't It Romantic (2019),Comedy|Fantasy|Romance,12060
197201,Fighting with My Family (2019),Comedy|Drama,12061
197203,Triple Frontier (2019),Crime|Thriller,12062
197207,Arctic (2018),Drama|Thriller,12063
197343,Escape Room (2019),Action|Horror|Thriller,12064
197379,Don't Hug Me I'm Scared 6 (2016),Animation|Horror,12065
197529,The Upside (2019),Comedy|Drama,12066
197537,Velvet Buzzsaw (2019),Crime|Drama|Horror|Mystery|Thriller,12067
197663,Happy Death Day 2U (2019),Horror|Mystery|Thriller,12068
197689,Polar (2019),Action,12069
197691,FYRE: The Greatest Party That Never Happened (2019),Documentary,12070
197711,Us (2019),Horror|Thriller,12071
197875,"Extremely Wicked, Shockingly Evil and Vile (2019)",Crime|Thriller,12072
197879,Apollo 11 (2019),Documentary,12073
197883,The Farewell (2019),Comedy,12074
198147,Five Feet Apart (2019),Drama|Romance,12075
198153,The Beach Bum (2019),Comedy,12076
198185,Twin Peaks (1989),Drama|Mystery,12077
199223,Pet Sematary (2019),Horror|Thriller,12078
199476,The Boy Who Harnessed the Wind (2019),Drama,12079
199538,Leaving Neverland (2019),Documentary,12080
199974,Hotel Mumbai (2019),Drama|Thriller,12081
200110,The Dirt (2019),Comedy|Drama,12082
200256,Dumbo (2019),Adventure|Children|Fantasy,12083
200306,Booksmart (2019),Comedy,12084
200332,Rocketman (2019),Drama,12085
200354,The Highwaymen (2019),Crime|Drama|Mystery|Thriller,12086
200540,Aladdin (2019),Adventure|Fantasy|Romance,12087
200818,John Wick: Chapter 3 – Parabellum (2019),Action|Crime|Thriller,12088
200820,Godzilla: King of the Monsters (2019),Action|Sci-Fi|Thriller,12089
200822,Dark Phoenix (2019),Action|Sci-Fi,12090
200838,Pokémon: Detective Pikachu (2019),Action|Children|Crime|Fantasy|Mystery,12091
200938,The Dead Don't Die (2019),Comedy|Horror,12092
201340,The Lighthouse (2019),Drama|Fantasy|Horror,12093
201368,Long Shot (2019),Comedy,12094
201444,Knock Down the House (2019),Documentary,12095
201586,Men in Black: International (2019),Action|Adventure|Comedy|Sci-Fi,12096
201588,Toy Story 4 (2019),Adventure|Animation|Children|Comedy,12097
201594,Brightburn (2019),Drama|Horror|Sci-Fi|Thriller,12098
201646,Midsommar (2019),Drama|Horror|Mystery,12099
201749,Murder Mystery (2019),Comedy|Crime,12100
201773,Spider-Man: Far from Home (2019),Action|Adventure|Sci-Fi,12101
201811,Yesterday (2019),Comedy|Romance,12102
202103,I Am Mother (2019),Sci-Fi|Thriller,12103
202237,Pain and Glory (2019),Drama,12104
202393,Always Be My Maybe (2019),Comedy|Romance,12105
202429,Once Upon a Time in Hollywood (2019),Comedy|Drama,12106
202439,Parasite (2019),Comedy|Drama,12107
202575,Late Night (2019),Comedy|Drama,12108
202711,Deadwood: The Movie (2019),Western,12109
203218,Good Boys (2019),Comedy,12110
203222,The Lion King (2019),Adventure|Animation|Children|Drama,12111
203375,Ford v. Ferrari (2019),Action|Drama,12112
203519,Fast & Furious Presents: Hobbs & Shaw (2019),Action,12113
204352,Ad Astra (2019),Adventure|Drama|Mystery|Sci-Fi|Thriller,12114
204542,It: Chapter Two (2019),Horror,12115
204698,Joker (2019),Crime|Drama|Thriller,12116
204704,Ready or Not (2019),Comedy|Horror|Thriller,12117
205072,Zombieland: Double Tap (2019),Action|Comedy|Horror,12118
205156,Jojo Rabbit (2019),Comedy|War,12119
205303,Sherlock: The Abominable Bride (2016),Crime|Drama|Mystery,12120
205383,El Camino: A Breaking Bad Movie (2019),Crime|Drama|Thriller,12121
205399,Sherlock: The Lying Detective (2017),(no genres listed),12122
205425,Dave Chappelle: Sticks & Stones (2019),Comedy,12123
206208,Bill Burr: Paper Tiger (2019),Comedy,12124
207405,Doctor Sleep (2019),Horror,12125
